txId,timestep,actual_label,xgboost_probability,graphsage_probability,risk_score,risk_level,alert_priority,agreement_category,evidence_type,model_probability_difference,neighbor_count,high_risk_neighbor_count,neighbor_avg_risk,neighbor_max_risk,neighbor_high_risk_rate,neighbor_tx_ids,evidence_summary,feature_0,feature_1,feature_2,feature_3,feature_4,feature_5,feature_6,feature_7,feature_8,feature_9,feature_10,feature_11,feature_12,feature_13,feature_14,feature_15,feature_16,feature_17,feature_18,feature_19,feature_20,feature_21,feature_22,feature_23,feature_24,feature_25,feature_26,feature_27,feature_28,feature_29,feature_30,feature_31,feature_32,feature_33,feature_34,feature_35,feature_36,feature_37,feature_38,feature_39,feature_40,feature_41,feature_42,feature_43,feature_44,feature_45,feature_46,feature_47,feature_48,feature_49,feature_50,feature_51,feature_52,feature_53,feature_54,feature_55,feature_56,feature_57,feature_58,feature_59,feature_60,feature_61,feature_62,feature_63,feature_64,feature_65,feature_66,feature_67,feature_68,feature_69,feature_70,feature_71,feature_72,feature_73,feature_74,feature_75,feature_76,feature_77,feature_78,feature_79,feature_80,feature_81,feature_82,feature_83,feature_84,feature_85,feature_86,feature_87,feature_88,feature_89,feature_90,feature_91,feature_92,feature_93,feature_94,feature_95,feature_96,feature_97,feature_98,feature_99,feature_100,feature_101,feature_102,feature_103,feature_104,feature_105,feature_106,feature_107,feature_108,feature_109,feature_110,feature_111,feature_112,feature_113,feature_114,feature_115,feature_116,feature_117,feature_118,feature_119,feature_120,feature_121,feature_122,feature_123,feature_124,feature_125,feature_126,feature_127,feature_128,feature_129,feature_130,feature_131,feature_132,feature_133,feature_134,feature_135,feature_136,feature_137,feature_138,feature_139,feature_140,feature_141,feature_142,feature_143,feature_144,feature_145,feature_146,feature_147,feature_148,feature_149,feature_150,feature_151,feature_152,feature_153,feature_154,feature_155,feature_156,feature_157,feature_158,feature_159,feature_160,feature_161,feature_162,feature_163,feature_164
71987809,42,1,0.9999651,0.99982387,0.999950977,HIGH,CRITICAL,BOTH_HIGH,STRONG_CORROBORATION,0.00014123000000010322,1,0,0.0,0.0,0.0,73160850,"Both XGBoost and GraphSAGE assign high fraud risk, providing strong corroborating model evidence.",-0.172722562121984,0.161187482099702,1.5735945770991024,-0.1219695997591005,-0.0637245732388369,-0.1130020092847624,-0.0615837940730322,-0.1633704596236896,-0.1691888359630971,-0.0497069643940398,-0.1656744117365309,-0.0287412858566647,-0.0353905526008135,-0.0631999532943942,-0.0132816148700588,-0.0536411787071859,-0.1708829476643985,-0.1729081406182527,-0.1756483490519008,-0.2432996524586214,-0.2434516511662217,-0.1397317423956861,-0.1489122319172567,-0.0801472696533522,-0.1556618822939673,-0.010763009512837,-0.0121074517774784,-0.1397335422045608,-0.1489075309909595,-0.0801467358465918,-0.1556618523202152,-0.0106685610738475,-0.0120051821184178,-0.0246688306562535,-0.0312723904866303,-0.0230451563960962,-0.0262146551774309,0.0014278137097094,0.0014826437872997,-0.2272154464478222,-0.2393683687143703,-0.0752555315462277,-0.2349515175665409,0.0374680287743863,0.0434442213339417,-0.2272033238276858,-0.2432360925423977,-0.0978946778840727,-0.2358964234692872,0.0365766503766988,0.0423451348069101,-0.4139786867689763,-0.4883181502502999,-0.2325526205785921,-0.4675287088684821,0.0487668178548852,0.0529560645235839,-0.0391168419451955,-0.1728904472727868,-0.1631259900993975,-0.1609228972335704,-0.1964346530529631,-0.1961888389129267,-0.0391121194249417,-0.1728794064465664,-0.1631146528780142,-0.1609160110175567,-0.1964085394766894,-0.1961326277610877,-0.0170316758803496,-0.0300262352777919,-0.0176401196299049,-0.0150709000018306,-0.1407632224600331,-0.140334623887323,-0.0918176532065505,-0.2640333196200848,-0.250573517311816,-0.2629630844594285,-0.1691189058033812,-0.1671653815026433,-0.0590130547854711,-0.2624238875355379,-0.2551681497514608,-0.259251046036533,-0.1871909645279049,-0.1852736257916989,-0.2936728855243152,-0.7618985851043136,-0.6942351992761703,-0.7208520161595969,0.0253079828897598,0.0252169034660526,-0.1611683747452991,-0.1953101344708717,-0.1168167152870516,-0.1836524334540722,-0.0146587756915064,-0.0188487129543817,1.1891557557503725,1.1977084237398727,-0.0834587840195169,1.198473938934389,-0.0887977253698474,-0.0904370818830761,0.0582058745207154,-0.0456837420042549,-0.1345464749557279,0.0198862710406001,-0.0031749902209437,-0.0040940903633603,1.5539093776639068,1.3011283510936915,-0.3499327749819623,1.4814926049495385,-0.004357614038573,-0.0041943702405639,-0.1164246038907396,-0.1766172824237854,-0.1373232770907919,-0.1524643713004826,-0.0260596888205881,-0.0276597140284855,-0.0665847573081531,-0.128095316242596,-0.0977185991261648,-0.1050943598427655,0.0031432964315106,0.0024263098865888,-0.0730746351691853,-0.1911168841935064,-0.1887158089232799,-0.1938392575187512,-0.047722125340837,-0.0481706839301534,1.1023703207991185,0.8209646897776766,-0.301754266335682,1.0176364324775369,0.1831327449045568,0.1827480852580912,1.3350771055467014,0.0079223806220699,-0.4246718150208637,0.4647654923300368,0.1430014050880673,0.1425252107913369,0.6601173970186788,-0.3757145314126718,-1.0598683976058427,0.1423388428816934,0.1855973669005454,0.1854920038455318,0.9194056593800308,-0.3232768943111545,-0.5770993762832375,-0.0080998297724479,0.241128277049832,0.2414064458179459,0.0182794000374458,-0.0874901561101501,-0.1311553038955873,-0.0975235937715251,-0.1206134067031157,-0.1197924596125166
71989683,42,1,0.9999627,0.9998254,0.99994897,HIGH,CRITICAL,BOTH_HIGH,STRONG_CORROBORATION,0.00013730000000000686,1,0,0.0,0.0,0.0,73160850,"Both XGBoost and GraphSAGE assign high fraud risk, providing strong corroborating model evidence.",-0.1728001622846359,0.0652161530030992,1.5735945770991024,-0.1219695997591005,-0.0637245732388369,-0.1130020092847624,-0.0615837940730322,-0.1634522487602553,-0.1692694788278642,-0.0497069643940398,-0.165756109598621,-0.0287412858566647,-0.0353905526008135,-0.0631999532943942,-0.0132816148700588,-0.0547629420111199,-0.1709627283868962,-0.1729081406182527,-0.1758320897092814,-0.2432996524586214,-0.2434516511662217,-0.1397317771026077,-0.148912254063435,-0.0801472696533522,-0.155661911702635,-0.010763009512837,-0.0121074517774784,-0.1397335769167501,-0.1489075531386129,-0.0801467358465918,-0.155661881732027,-0.0106685610738475,-0.0120051821184178,-0.0246688306562535,-0.0312723904866303,-0.0230451563960962,-0.0262146551774309,0.0014278137097094,0.0014826437872997,-0.2272154464478222,-0.2393683687143703,-0.0752555315462277,-0.2349515175665409,0.0374680287743863,0.0434442213339417,-0.2272033238276858,-0.2432360925423977,-0.0978946778840727,-0.2358964234692872,0.0365766503766988,0.0423451348069101,-0.4139786867689763,-0.4883181502502999,-0.2325526205785921,-0.4675287088684821,0.0487668178548852,0.0529560645235839,-0.0391168419451955,-0.1728904472727868,-0.1631259900993975,-0.1609228972335704,-0.1964346530529631,-0.1961888389129267,-0.0391121194249417,-0.1728794064465664,-0.1631146528780142,-0.1609160110175567,-0.1964085394766894,-0.1961326277610877,-0.0170316758803496,-0.0300262352777919,-0.0176401196299049,-0.0150709000018306,-0.1407632224600331,-0.140334623887323,-0.0918176532065505,-0.2640333196200848,-0.250573517311816,-0.2629630844594285,-0.1691189058033812,-0.1671653815026433,-0.0590130547854711,-0.2624238875355379,-0.2551681497514608,-0.259251046036533,-0.1871909645279049,-0.1852736257916989,-0.2936728855243152,-0.7618985851043136,-0.6942351992761703,-0.7208520161595969,0.0253079828897598,0.0252169034660526,-0.1555122007521168,-0.1908696797680213,-0.1168167152870516,-0.1781177298576941,-0.0146587756915064,-0.0188487129543817,1.1891557557503725,1.1977084237398727,-0.0834587840195169,1.198473938934389,-0.0887977253698474,-0.0904370818830761,0.0314738655165459,-0.066004613590954,-0.1345464749557279,-0.0056500611831051,-0.0031749902209437,-0.0040940903633603,1.5539093776639068,1.3011283510936915,-0.3499327749819623,1.4814926049495385,-0.004357614038573,-0.0041943702405639,-0.1164246038907396,-0.1766172824237854,-0.1373232770907919,-0.1524643713004826,-0.0260596888205881,-0.0276597140284855,-0.0714138427092639,-0.1309337541051712,-0.0977185991261648,-0.1091612490500819,0.0031432964315106,0.0024263098865888,-0.0730746351691853,-0.1911168841935064,-0.1887158089232799,-0.1938392575187512,-0.047722125340837,-0.0481706839301534,1.1023703207991185,0.8209646897776766,-0.301754266335682,1.0176364324775369,0.1831327449045568,0.1827480852580912,1.3350771055467014,0.0079223806220699,-0.4246718150208637,0.4647654923300368,0.1430014050880673,0.1425252107913369,0.6601173970186788,-0.3757145314126718,-1.0598683976058427,0.1423388428816934,0.1855973669005454,0.1854920038455318,0.9194056593800308,-0.3232768943111545,-0.5770993762832375,-0.0080998297724479,0.241128277049832,0.2414064458179459,0.0182794000374458,-0.0874901561101501,-0.1311553038955873,-0.0975235937715251,-0.1206134067031157,-0.1197924596125166
71988707,42,1,0.9999583,0.9998234,0.99994481,HIGH,CRITICAL,BOTH_HIGH,STRONG_CORROBORATION,0.00013489999999993785,1,0,0.0,0.0,0.0,73160850,"Both XGBoost and GraphSAGE assign high fraud risk, providing strong corroborating model evidence.",-0.172034340952728,0.1397546790756468,1.5735945770991024,-0.1219695997591005,-0.0637245732388369,-0.1130020092847624,-0.0615837940730322,-0.1626668422435347,-0.168495079755144,-0.0497069643940398,-0.1649715795744389,-0.0287412858566647,-0.0353905526008135,-0.0631999532943942,-0.0132816148700588,-0.0436924720772188,-0.1701753875221896,-0.1729081406182527,-0.1740187879048506,-0.2432996524586214,-0.2434516511662217,-0.1397314438182189,-0.1489120413976277,-0.0801472696533522,-0.1556616292964345,-0.010763009512837,-0.0121074517774784,-0.1397332435817761,-0.148907340458641,-0.0801467358465918,-0.1556615992956345,-0.0106685610738475,-0.0120051821184178,-0.0246688306562535,-0.0312723904866303,-0.0230451563960962,-0.0262146551774309,0.0014278137097094,0.0014826437872997,-0.2272154464478222,-0.2393683687143703,-0.0752555315462277,-0.2349515175665409,0.0374680287743863,0.0434442213339417,-0.2272033238276858,-0.2432360925423977,-0.0978946778840727,-0.2358964234692872,0.0365766503766988,0.0423451348069101,-0.4139786867689763,-0.4883181502502999,-0.2325526205785921,-0.4675287088684821,0.0487668178548852,0.0529560645235839,-0.0391168419451955,-0.1728904472727868,-0.1631259900993975,-0.1609228972335704,-0.1964346530529631,-0.1961888389129267,-0.0391121194249417,-0.1728794064465664,-0.1631146528780142,-0.1609160110175567,-0.1964085394766894,-0.1961326277610877,-0.0170316758803496,-0.0300262352777919,-0.0176401196299049,-0.0150709000018306,-0.1407632224600331,-0.140334623887323,-0.0918176532065505,-0.2640333196200848,-0.250573517311816,-0.2629630844594285,-0.1691189058033812,-0.1671653815026433,-0.0590130547854711,-0.2624238875355379,-0.2551681497514608,-0.259251046036533,-0.1871909645279049,-0.1852736257916989,-0.2936728855243152,-0.7618985851043136,-0.6942351992761703,-0.7208520161595969,0.0253079828897598,0.0252169034660526,-0.1611683747452991,-0.1953101344708717,-0.1168167152870516,-0.1836524334540722,-0.0146587756915064,-0.0188487129543817,1.1891557557503725,1.1977084237398727,-0.0834587840195169,1.198473938934389,-0.0887977253698474,-0.0904370818830761,0.0582058745207154,-0.0456837420042549,-0.1345464749557279,0.0198862710406001,-0.0031749902209437,-0.0040940903633603,1.5539093776639068,1.3011283510936915,-0.3499327749819623,1.4814926049495385,-0.004357614038573,-0.0041943702405639,-0.1164246038907396,-0.1766172824237854,-0.1373232770907919,-0.1524643713004826,-0.0260596888205881,-0.0276597140284855,-0.0665847573081531,-0.128095316242596,-0.0977185991261648,-0.1050943598427655,0.0031432964315106,0.0024263098865888,-0.0730746351691853,-0.1911168841935064,-0.1887158089232799,-0.1938392575187512,-0.047722125340837,-0.0481706839301534,1.1023703207991185,0.8209646897776766,-0.301754266335682,1.0176364324775369,0.1831327449045568,0.1827480852580912,1.3350771055467014,0.0079223806220699,-0.4246718150208637,0.4647654923300368,0.1430014050880673,0.1425252107913369,0.6601173970186788,-0.3757145314126718,-1.0598683976058427,0.1423388428816934,0.1855973669005454,0.1854920038455318,0.9194056593800308,-0.3232768943111545,-0.5770993762832375,-0.0080998297724479,0.241128277049832,0.2414064458179459,0.0182794000374458,-0.0874901561101501,-0.1311553038955873,-0.0975235937715251,-0.1206134067031157,-0.1197924596125166
71989346,42,1,0.99995613,0.99983954,0.999944471,HIGH,CRITICAL,BOTH_HIGH,STRONG_CORROBORATION,0.00011659000000008302,1,0,0.0,0.0,0.0,73160850,"Both XGBoost and GraphSAGE assign high fraud risk, providing strong corroborating model evidence.",-0.1728582134533186,0.0942695082134852,1.018601901343969,-0.1219695997591005,-0.0637245732388369,-0.1130020092847624,-0.0615837940730322,-0.1635109193162575,-0.1693273271181404,-0.0497069643940398,-0.1658147146798615,-0.0287412858566647,-0.0353905526008135,-0.0631999532943942,-0.0132816148700588,-0.0556021112673856,-0.1710224107898844,-0.1729081406182527,-0.1759695425126127,-0.2432996524586214,-0.2434516511662217,-0.139731801999244,-0.1489122699497575,-0.0801472696533522,-0.155661932798626,-0.010763009512837,-0.0121074517774784,-0.1397336018171652,-0.1489075690259934,-0.0801467358465918,-0.1556619028302734,-0.0106685610738475,-0.0120051821184178,-0.0246688306562535,-0.0312723904866303,-0.0230451563960962,-0.0262146551774309,0.0014278137097094,0.0014826437872997,-0.2272154464478222,-0.2393683687143703,-0.0752555315462277,-0.2349515175665409,0.0374680287743863,0.0434442213339417,-0.2272033238276858,-0.2432360925423977,-0.0978946778840727,-0.2358964234692872,0.0365766503766988,0.0423451348069101,-0.4139786867689763,-0.4883181502502999,-0.2325526205785921,-0.4675287088684821,0.0487668178548852,0.0529560645235839,-0.0391168419451955,-0.1728904472727868,-0.1631259900993975,-0.1609228972335704,-0.1964346530529631,-0.1961888389129267,-0.0391121194249417,-0.1728794064465664,-0.1631146528780142,-0.1609160110175567,-0.1964085394766894,-0.1961326277610877,-0.0170316758803496,-0.0300262352777919,-0.0176401196299049,-0.0150709000018306,-0.1407632224600331,-0.140334623887323,-0.0918176532065505,-0.2640333196200848,-0.250573517311816,-0.2629630844594285,-0.1691189058033812,-0.1671653815026433,-0.0590130547854711,-0.2624238875355379,-0.2551681497514608,-0.259251046036533,-0.1871909645279049,-0.1852736257916989,-0.2936728855243152,-0.7618985851043136,-0.6942351992761703,-0.7208520161595969,0.0253079828897598,0.0252169034660526,-0.0753004614937566,-0.1278983858787386,-0.1168167152870516,-0.0996285952801309,-0.0146587756915064,-0.0188487129543817,1.1891557557503725,1.1977084237398727,-0.0834587840195169,1.198473938934389,-0.0887977253698474,-0.0904370818830761,0.0173220831013584,-0.0767623741893841,-0.1345464749557279,-0.0191688587136406,-0.0031749902209437,-0.0040940903633603,1.5539093776639068,1.3011283510936915,-0.3499327749819623,1.4814926049495385,-0.004357614038573,-0.0041943702405639,-0.1164246038907396,-0.1766172824237854,-0.1373232770907919,-0.1524643713004826,-0.0260596888205881,-0.0276597140284855,-0.0738283854098193,-0.1323529730364587,-0.0977185991261648,-0.1111946936537401,0.0031432964315106,0.0024263098865888,-0.0730746351691853,-0.1911168841935064,-0.1887158089232799,-0.1938392575187512,-0.047722125340837,-0.0481706839301534,1.1023703207991185,0.8209646897776766,-0.301754266335682,1.0176364324775369,0.1831327449045568,0.1827480852580912,1.3350771055467014,0.0079223806220699,-0.4246718150208637,0.4647654923300368,0.1430014050880673,0.1425252107913369,0.6601173970186788,-0.3757145314126718,-1.0598683976058427,0.1423388428816934,0.1855973669005454,0.1854920038455318,0.9194056593800308,-0.3232768943111545,-0.5770993762832375,-0.0080998297724479,0.241128277049832,0.2414064458179459,0.0182794000374458,-0.0874901561101501,-0.1311553038955873,-0.0975235937715251,-0.1206134067031157,-0.1197924596125166
71988756,42,1,0.9999167,0.99983776,0.999908806,HIGH,CRITICAL,BOTH_HIGH,STRONG_CORROBORATION,7.893999999997181e-05,1,0,0.0,0.0,0.0,73160850,"Both XGBoost and GraphSAGE assign high fraud risk, providing strong corroborating model evidence.",-0.1727836738506187,0.1207032986098199,1.5735945770991024,-0.1219695997591005,-0.0637245732388369,-0.1130020092847624,-0.0615837940730322,-0.1634339952724519,-0.1692514811620339,-0.0497069643940398,-0.1657378764812189,-0.0287412858566647,-0.0353905526008135,-0.0631999532943942,-0.0132816148700588,-0.0545245904460233,-0.170945776628887,-0.1729081406182527,-0.1757930486093409,-0.2432996524586214,-0.2434516511662217,-0.1397317693568067,-0.1489122491209083,-0.0801472696533522,-0.1556619051392847,-0.010763009512837,-0.0121074517774784,-0.1397335691697736,-0.1489075481957569,-0.0801467358465918,-0.155661875167975,-0.0106685610738475,-0.0120051821184178,-0.0246688306562535,-0.0312723904866303,-0.0230451563960962,-0.0262146551774309,0.0014278137097094,0.0014826437872997,-0.2272154464478222,-0.2393683687143703,-0.0752555315462277,-0.2349515175665409,0.0374680287743863,0.0434442213339417,-0.2272033238276858,-0.2432360925423977,-0.0978946778840727,-0.2358964234692872,0.0365766503766988,0.0423451348069101,-0.4139786867689763,-0.4883181502502999,-0.2325526205785921,-0.4675287088684821,0.0487668178548852,0.0529560645235839,-0.0391168419451955,-0.1728904472727868,-0.1631259900993975,-0.1609228972335704,-0.1964346530529631,-0.1961888389129267,-0.0391121194249417,-0.1728794064465664,-0.1631146528780142,-0.1609160110175567,-0.1964085394766894,-0.1961326277610877,-0.0170316758803496,-0.0300262352777919,-0.0176401196299049,-0.0150709000018306,-0.1407632224600331,-0.140334623887323,-0.0918176532065505,-0.2640333196200848,-0.250573517311816,-0.2629630844594285,-0.1691189058033812,-0.1671653815026433,-0.0590130547854711,-0.2624238875355379,-0.2551681497514608,-0.259251046036533,-0.1871909645279049,-0.1852736257916989,-0.2936728855243152,-0.7618985851043136,-0.6942351992761703,-0.7208520161595969,0.0253079828897598,0.0252169034660526,-0.1607322271132628,-0.1949677309652251,-0.1168167152870516,-0.1832256524055237,-0.0146587756915064,-0.0188487129543817,1.1891557557503725,1.1977084237398727,-0.0834587840195169,1.198473938934389,-0.0887977253698474,-0.0904370818830761,-0.1648539130690819,-0.2152471032563651,-0.1345464749557279,-0.1931964359401494,-0.0031749902209437,-0.0040940903633603,1.023860363345962,0.7874346980684294,-0.3499327749819623,0.9391059237493712,-0.004357614038573,-0.0041943702405639,-0.1164246038907396,-0.1766172824237854,-0.1373232770907919,-0.1524643713004826,-0.0260596888205881,-0.0276597140284855,-0.0931447270142624,-0.1437067244867594,-0.0977185991261648,-0.1274622504830055,0.0031432964315106,0.0024263098865888,-0.0730746351691853,-0.1911168841935064,-0.1887158089232799,-0.1938392575187512,-0.047722125340837,-0.0481706839301534,1.1023703207991185,0.8209646897776766,-0.301754266335682,1.0176364324775369,0.1831327449045568,0.1827480852580912,1.3350771055467014,0.0079223806220699,-0.4246718150208637,0.4647654923300368,0.1430014050880673,0.1425252107913369,0.6601173970186788,-0.3757145314126718,-1.0598683976058427,0.1423388428816934,0.1855973669005454,0.1854920038455318,0.9194056593800308,-0.3232768943111545,-0.5770993762832375,-0.0080998297724479,0.241128277049832,0.2414064458179459,0.0182794000374458,-0.0874901561101501,-0.1311553038955873,-0.0975235937715251,-0.1206134067031157,-0.1197924596125166
71989985,42,1,0.9999099,0.99985194,0.999904104,HIGH,CRITICAL,BOTH_HIGH,STRONG_CORROBORATION,5.796000000002355e-05,1,0,0.0,0.0,0.0,73160850,"Both XGBoost and GraphSAGE assign high fraud risk, providing strong corroborating model evidence.",-0.1727113862402515,0.0459266302814495,1.018601901343969,-0.1219695997591005,-0.0637245732388369,-0.1130020092847624,-0.0615837940730322,-0.1633618986970587,-0.1691803950175441,-0.0497069643940398,-0.1656658603636638,-0.0287412858566647,-0.0353905526008135,-0.0631999532943942,-0.0132816148700588,-0.0534796237105448,-0.1708714577410698,-0.1729081406182527,-0.1756218869442691,-0.2432996524586214,-0.2434516511662217,-0.1397317387628881,-0.1489122295992006,-0.0801472696533522,-0.1556618792157413,-0.010763009512837,-0.0121074517774784,-0.1397335385712114,-0.148907528672749,-0.0801467358465918,-0.1556618492416601,-0.0106685610738475,-0.0120051821184178,-0.0246688306562535,-0.0312723904866303,-0.0230451563960962,-0.0262146551774309,0.0014278137097094,0.0014826437872997,-0.2272154464478222,-0.2393683687143703,-0.0752555315462277,-0.2349515175665409,0.0374680287743863,0.0434442213339417,-0.2272033238276858,-0.2432360925423977,-0.0978946778840727,-0.2358964234692872,0.0365766503766988,0.0423451348069101,-0.4139786867689763,-0.4883181502502999,-0.2325526205785921,-0.4675287088684821,0.0487668178548852,0.0529560645235839,-0.0391168419451955,-0.1728904472727868,-0.1631259900993975,-0.1609228972335704,-0.1964346530529631,-0.1961888389129267,-0.0391121194249417,-0.1728794064465664,-0.1631146528780142,-0.1609160110175567,-0.1964085394766894,-0.1961326277610877,-0.0170316758803496,-0.0300262352777919,-0.0176401196299049,-0.0150709000018306,-0.1407632224600331,-0.140334623887323,-0.0918176532065505,-0.2640333196200848,-0.250573517311816,-0.2629630844594285,-0.1691189058033812,-0.1671653815026433,-0.0590130547854711,-0.2624238875355379,-0.2551681497514608,-0.259251046036533,-0.1871909645279049,-0.1852736257916989,-0.2936728855243152,-0.7618985851043136,-0.6942351992761703,-0.7208520161595969,0.0253079828897598,0.0252169034660526,-0.1563054421501894,-0.1914924244892432,-0.1168167152870516,-0.1788939358273124,-0.0146587756915064,-0.0188487129543817,1.1891557557503725,1.1977084237398727,-0.0834587840195169,1.198473938934389,-0.0887977253698474,-0.0904370818830761,-0.1648539130690819,-0.2152471032563651,-0.1345464749557279,-0.1931964359401494,-0.0031749902209437,-0.0040940903633603,1.023860363345962,0.7874346980684294,-0.3499327749819623,0.9391059237493712,-0.004357614038573,-0.0041943702405639,-0.1164246038907396,-0.1766172824237854,-0.1373232770907919,-0.1524643713004826,-0.0260596888205881,-0.0276597140284855,-0.0931447270142624,-0.1437067244867594,-0.0977185991261648,-0.1274622504830055,0.0031432964315106,0.0024263098865888,-0.0730746351691853,-0.1911168841935064,-0.1887158089232799,-0.1938392575187512,-0.047722125340837,-0.0481706839301534,1.1023703207991185,0.8209646897776766,-0.301754266335682,1.0176364324775369,0.1831327449045568,0.1827480852580912,1.3350771055467014,0.0079223806220699,-0.4246718150208637,0.4647654923300368,0.1430014050880673,0.1425252107913369,0.6601173970186788,-0.3757145314126718,-1.0598683976058427,0.1423388428816934,0.1855973669005454,0.1854920038455318,0.9194056593800308,-0.3232768943111545,-0.5770993762832375,-0.0080998297724479,0.241128277049832,0.2414064458179459,0.0182794000374458,-0.0874901561101501,-0.1311553038955873,-0.0975235937715251,-0.1206134067031157,-0.1197924596125166
71994055,42,1,0.9998828,0.99984586,0.999879106,HIGH,CRITICAL,BOTH_HIGH,STRONG_CORROBORATION,3.693999999998532e-05,1,0,0.0,0.0,0.0,73160850,"Both XGBoost and GraphSAGE assign high fraud risk, providing strong corroborating model evidence.",-0.172080923631426,0.0066331580706817,1.018601901343969,-0.1219695997591005,-0.0637245732388369,-0.1130020092847624,-0.0615837940730322,-0.1627178221376219,-0.1685453451678545,-0.0497069643940398,-0.1650225025763361,-0.0287412858566647,-0.0353905526008135,-0.0631999532943942,-0.0132816148700588,-0.0443658564848865,-0.1702232791713227,-0.1729081406182527,-0.1741290857665303,-0.2432996524586214,-0.2434516511662217,-0.1397314654513508,-0.148912055201537,-0.0801472696533522,-0.1556616476271179,-0.010763009512837,-0.0121074517774784,-0.1397332652181915,-0.1489073542634697,-0.0801467358465918,-0.1556616176282776,-0.0106685610738475,-0.0120051821184178,-0.0246688306562535,-0.0312723904866303,-0.0230451563960962,-0.0262146551774309,0.0014278137097094,0.0014826437872997,-0.2272154464478222,-0.2393683687143703,-0.0752555315462277,-0.2349515175665409,0.0374680287743863,0.0434442213339417,-0.2272033238276858,-0.2432360925423977,-0.0978946778840727,-0.2358964234692872,0.0365766503766988,0.0423451348069101,-0.4139786867689763,-0.4883181502502999,-0.2325526205785921,-0.4675287088684821,0.0487668178548852,0.0529560645235839,-0.0391168419451955,-0.1728904472727868,-0.1631259900993975,-0.1609228972335704,-0.1964346530529631,-0.1961888389129267,-0.0391121194249417,-0.1728794064465664,-0.1631146528780142,-0.1609160110175567,-0.1964085394766894,-0.1961326277610877,-0.0170316758803496,-0.0300262352777919,-0.0176401196299049,-0.0150709000018306,-0.1407632224600331,-0.140334623887323,-0.0918176532065505,-0.2640333196200848,-0.250573517311816,-0.2629630844594285,-0.1691189058033812,-0.1671653815026433,-0.0590130547854711,-0.2624238875355379,-0.2551681497514608,-0.259251046036533,-0.1871909645279049,-0.1852736257916989,-0.2936728855243152,-0.7618985851043136,-0.6942351992761703,-0.7208520161595969,0.0253079828897598,0.0252169034660526,-0.1705078298428642,-0.2026421980460077,-0.1168167152870516,-0.1927913170490629,-0.0146587756915064,-0.0188487129543817,1.1891557557503725,1.1977084237398727,-0.0834587840195169,1.198473938934389,-0.0887977253698474,-0.0904370818830761,-0.1022206336985112,-0.1676351625696512,-0.1345464749557279,-0.1333646354189998,-0.0031749902209437,-0.0040940903633603,0.4938113490280171,0.2737410450431671,-0.3499327749819623,0.3967192425492039,-0.004357614038573,-0.0041943702405639,-0.1164246038907396,-0.1766172824237854,-0.1373232770907919,-0.1524643713004826,-0.0260596888205881,-0.0276597140284855,-0.0955592697148178,-0.145125943418047,-0.0977185991261648,-0.1294956950866637,0.0031432964315106,0.0024263098865888,-0.0730746351691853,-0.1911168841935064,-0.1887158089232799,-0.1938392575187512,-0.047722125340837,-0.0481706839301534,1.1023703207991185,0.8209646897776766,-0.301754266335682,1.0176364324775369,0.1831327449045568,0.1827480852580912,1.3350771055467014,0.0079223806220699,-0.4246718150208637,0.4647654923300368,0.1430014050880673,0.1425252107913369,0.6601173970186788,-0.3757145314126718,-1.0598683976058427,0.1423388428816934,0.1855973669005454,0.1854920038455318,0.9194056593800308,-0.3232768943111545,-0.5770993762832375,-0.0080998297724479,0.241128277049832,0.2414064458179459,0.0182794000374458,-0.0874901561101501,-0.1311553038955873,-0.0975235937715251,-0.1206134067031157,-0.1197924596125166
71989681,42,1,0.99984884,0.999843,0.999848256,HIGH,CRITICAL,BOTH_HIGH,STRONG_CORROBORATION,5.839999999923684e-06,1,0,0.0,0.0,0.0,73160850,"Both XGBoost and GraphSAGE assign high fraud risk, providing strong corroborating model evidence.",-0.1728354141676398,0.0645017262356307,1.018601901343969,-0.1219695997591005,-0.0637245732388369,-0.1130020092847624,-0.0615837940730322,-0.1634883344464245,-0.1693050587744434,-0.0497069643940398,-0.1657921550141355,-0.0287412858566647,-0.0353905526008135,-0.0631999532943942,-0.0132816148700588,-0.0552725320351222,-0.1709989708456662,-0.1729081406182527,-0.1759155586600632,-0.2432996524586214,-0.2434516511662217,-0.1397317924154369,-0.1489122638344153,-0.0801472696533522,-0.155661924677854,-0.010763009512837,-0.0121074517774784,-0.1397335922319035,-0.1489075629102439,-0.0801467358465918,-0.1556618947086331,-0.0106685610738475,-0.0120051821184178,-0.0246688306562535,-0.0312723904866303,-0.0230451563960962,-0.0262146551774309,0.0014278137097094,0.0014826437872997,-0.2272154464478222,-0.2393683687143703,-0.0752555315462277,-0.2349515175665409,0.0374680287743863,0.0434442213339417,-0.2272033238276858,-0.2432360925423977,-0.0978946778840727,-0.2358964234692872,0.0365766503766988,0.0423451348069101,-0.4139786867689763,-0.4883181502502999,-0.2325526205785921,-0.4675287088684821,0.0487668178548852,0.0529560645235839,-0.0391168419451955,-0.1728904472727868,-0.1631259900993975,-0.1609228972335704,-0.1964346530529631,-0.1961888389129267,-0.0391121194249417,-0.1728794064465664,-0.1631146528780142,-0.1609160110175567,-0.1964085394766894,-0.1961326277610877,-0.0170316758803496,-0.0300262352777919,-0.0176401196299049,-0.0150709000018306,-0.1407632224600331,-0.140334623887323,-0.0918176532065505,-0.2640333196200848,-0.250573517311816,-0.2629630844594285,-0.1691189058033812,-0.1671653815026433,-0.0590130547854711,-0.2624238875355379,-0.2551681497514608,-0.259251046036533,-0.1871909645279049,-0.1852736257916989,-0.2936728855243152,-0.7618985851043136,-0.6942351992761703,-0.7208520161595969,0.0253079828897598,0.0252169034660526,-0.1703338411462819,-0.2025056059031718,-0.1168167152870516,-0.192621064884638,-0.0146587756915064,-0.0188487129543817,1.1891557557503725,1.1977084237398727,-0.0834587840195169,1.198473938934389,-0.0887977253698474,-0.0904370818830761,-0.104976969235279,-0.1697304461857751,-0.1345464749557279,-0.1359976848084389,-0.0031749902209437,-0.0040940903633603,-0.0362376652899277,-0.2399526079820951,-0.3499327749819623,-0.1456674386509633,-0.004357614038573,-0.0041943702405639,-0.1164246038907396,-0.1766172824237854,-0.1373232770907919,-0.1524643713004826,-0.0260596888205881,-0.0276597140284855,-0.0931447270142624,-0.1437067244867594,-0.0977185991261648,-0.1274622504830055,0.0031432964315106,0.0024263098865888,-0.0730746351691853,-0.1911168841935064,-0.1887158089232799,-0.1938392575187512,-0.047722125340837,-0.0481706839301534,1.1023703207991185,0.8209646897776766,-0.301754266335682,1.0176364324775369,0.1831327449045568,0.1827480852580912,1.3350771055467014,0.0079223806220699,-0.4246718150208637,0.4647654923300368,0.1430014050880673,0.1425252107913369,0.6601173970186788,-0.3757145314126718,-1.0598683976058427,0.1423388428816934,0.1855973669005454,0.1854920038455318,0.9194056593800308,-0.3232768943111545,-0.5770993762832375,-0.0080998297724479,0.241128277049832,0.2414064458179459,0.0182794000374458,-0.0874901561101501,-0.1311553038955873,-0.0975235937715251,-0.1206134067031157,-0.1197924596125166
71987987,42,1,0.9998317,0.9998431,0.99983284,HIGH,CRITICAL,BOTH_HIGH,STRONG_CORROBORATION,1.1399999999994748e-05,1,0,0.0,0.0,0.0,73160850,"Both XGBoost and GraphSAGE assign high fraud risk, providing strong corroborating model evidence.",-0.1722206205761888,0.1549957834483082,1.018601901343969,-0.1219695997591005,-0.0637245732388369,-0.1130020092847624,-0.0615837940730322,-0.1628570537792237,-0.1686826254830216,-0.0497069643940398,-0.1651615788391724,-0.0287412858566647,-0.0353905526008135,-0.0631999532943942,-0.0132816148700588,-0.0463852711478367,-0.1703669015917278,-0.1729081406182527,-0.1744598583781797,-0.2432996524586214,-0.2434516511662217,-0.1397315245337898,-0.1489120929015164,-0.0801472696533522,-0.1556616976902101,-0.010763009512837,-0.0121074517774784,-0.1397333243095979,-0.1489073919659601,-0.0801467358465918,-0.1556616676967221,-0.0106685610738475,-0.0120051821184178,-0.0246688306562535,-0.0312723904866303,-0.0230451563960962,-0.0262146551774309,0.0014278137097094,0.0014826437872997,-0.2272154464478222,-0.2393683687143703,-0.0752555315462277,-0.2349515175665409,0.0374680287743863,0.0434442213339417,-0.2272033238276858,-0.2432360925423977,-0.0978946778840727,-0.2358964234692872,0.0365766503766988,0.0423451348069101,-0.4139786867689763,-0.4883181502502999,-0.2325526205785921,-0.4675287088684821,0.0487668178548852,0.0529560645235839,-0.0391168419451955,-0.1728904472727868,-0.1631259900993975,-0.1609228972335704,-0.1964346530529631,-0.1961888389129267,-0.0391121194249417,-0.1728794064465664,-0.1631146528780142,-0.1609160110175567,-0.1964085394766894,-0.1961326277610877,-0.0170316758803496,-0.0300262352777919,-0.0176401196299049,-0.0150709000018306,-0.1407632224600331,-0.140334623887323,-0.0918176532065505,-0.2640333196200848,-0.250573517311816,-0.2629630844594285,-0.1691189058033812,-0.1671653815026433,-0.0590130547854711,-0.2624238875355379,-0.2551681497514608,-0.259251046036533,-0.1871909645279049,-0.1852736257916989,-0.2936728855243152,-0.7618985851043136,-0.6942351992761703,-0.7208520161595969,0.0253079828897598,0.0252169034660526,-0.1704368368077866,-0.2025864640185786,-0.1168167152870516,-0.1927218486403761,-0.0146587756915064,-0.0188487129543817,1.1891557557503725,1.1977084237398727,-0.0834587840195169,1.198473938934389,-0.0887977253698474,-0.0904370818830761,-0.104976969235279,-0.1697304461857751,-0.1345464749557279,-0.1359976848084389,-0.0031749902209437,-0.0040940903633603,-0.0362376652899277,-0.2399526079820951,-0.3499327749819623,-0.1456674386509633,-0.004357614038573,-0.0041943702405639,-0.1164246038907396,-0.1766172824237854,-0.1373232770907919,-0.1524643713004826,-0.0260596888205881,-0.0276597140284855,-0.0931447270142624,-0.1437067244867594,-0.0977185991261648,-0.1274622504830055,0.0031432964315106,0.0024263098865888,-0.0730746351691853,-0.1911168841935064,-0.1887158089232799,-0.1938392575187512,-0.047722125340837,-0.0481706839301534,1.1023703207991185,0.8209646897776766,-0.301754266335682,1.0176364324775369,0.1831327449045568,0.1827480852580912,1.3350771055467014,0.0079223806220699,-0.4246718150208637,0.4647654923300368,0.1430014050880673,0.1425252107913369,0.6601173970186788,-0.3757145314126718,-1.0598683976058427,0.1423388428816934,0.1855973669005454,0.1854920038455318,0.9194056593800308,-0.3232768943111545,-0.5770993762832375,-0.0080998297724479,0.241128277049832,0.2414064458179459,0.0182794000374458,-0.0874901561101501,-0.1311553038955873,-0.0975235937715251,-0.1206134067031157,-0.1197924596125166
71988426,42,1,0.9999515,0.9983115,0.9997875,HIGH,CRITICAL,BOTH_HIGH,STRONG_CORROBORATION,0.0016399999999999748,2,0,0.0,0.0,0.0,"16303938,73160850","Both XGBoost and GraphSAGE assign high fraud risk, providing strong corroborating model evidence.",-0.1728652632370076,0.1483278002852688,1.5735945770991024,-0.1219695997591005,-0.0637245732388369,-0.1130020092847624,-0.0615837940730322,-0.1635167845196815,-0.1693331101209499,-0.0497069643940398,-0.1658205733378762,-0.0287412858566647,-0.0353905526008135,-0.0631999532943942,-0.0132816148700588,-0.0557040207012422,-0.1710296586720658,-0.1729081406182527,-0.1759862348988803,-0.2432996524586214,-0.2434516511662217,-0.1397318044881216,-0.1489122715378882,-0.0801472696533522,-0.1556619349075591,-0.010763009512837,-0.0121074517774784,-0.1397336043064206,-0.1489075706142299,-0.0801467358465918,-0.155661904939432,-0.0106685610738475,-0.0120051821184178,-0.0246688306562535,-0.0312723904866303,-0.0230451563960962,-0.0262146551774309,0.0014278137097094,0.0014826437872997,-0.2272154464478222,-0.2393683687143703,-0.0752555315462277,-0.2349515175665409,0.0374680287743863,0.0434442213339417,-0.2272033238276858,-0.2432360925423977,-0.0978946778840727,-0.2358964234692872,0.0365766503766988,0.0423451348069101,-0.4140062443366196,-0.4883410697738911,-0.2325526205785921,-0.4675551514891356,0.0487668178548852,0.0529560645235839,-0.0391168419451955,-0.1728904472727868,-0.1631259900993975,-0.1609228972335704,-0.1964346530529631,-0.1961888389129267,-0.0391121194249417,-0.1728794064465664,-0.1631146528780142,-0.1609160110175567,-0.1964085394766894,-0.1961326277610877,-0.0170316758803496,-0.0300262352777919,-0.0176401196299049,-0.0150709000018306,-0.1407632224600331,-0.140334623887323,-0.0918176532065505,-0.2640333196200848,-0.250573517311816,-0.2629630844594285,-0.1691189058033812,-0.1671653815026433,-0.0590130547854711,-0.2624238875355379,-0.2551681497514608,-0.259251046036533,-0.1871909645279049,-0.1852736257916989,-0.2936728855243152,-0.7618985851043136,-0.6942351992761703,-0.7208520161595969,0.0253079828897598,0.0252169034660526,-0.14675925978859,-0.1839980669229932,-0.1168167152870516,-0.1695527645846824,-0.0146587756915064,-0.0188487129543817,1.1892518395600504,1.197806128467826,-0.0834587840195169,1.1985713779875906,-0.0887977253698474,-0.0904370818830761,0.0035626339299124,-0.0872218948214868,-0.1345464749557279,-0.0323128713915665,-0.0031749902209437,-0.0040940903633603,1.5539093776639068,1.3011283510936915,-0.3499327749819623,1.4814926049495385,-0.004357614038573,-0.0041943702405639,-0.1164246038907396,-0.1766172824237854,-0.1373232770907919,-0.1524643713004826,-0.0260596888205881,-0.0276597140284855,-0.0762429281103747,-0.1337721919677463,-0.0977185991261648,-0.1132281382573982,0.0031432964315106,0.0024263098865888,-0.0730746351691853,-0.1911168841935064,-0.1887158089232799,-0.1938392575187512,-0.047722125340837,-0.0481706839301534,1.1023703207991185,0.8209646897776766,-0.301754266335682,1.0176364324775369,0.1831327449045568,0.1827480852580912,1.3350771055467014,0.0079223806220699,-0.4246718150208637,0.4647654923300368,0.1430014050880673,0.1425252107913369,0.6601173970186788,-0.3757145314126718,-1.0598683976058427,0.1423388428816934,0.1855973669005454,0.1854920038455318,0.9194056593800308,-0.3232768943111545,-0.5770993762832375,-0.0080998297724479,0.241128277049832,0.2414064458179459,0.0182794000374458,-0.0874901561101501,-0.1311553038955873,-0.0975235937715251,-0.1206134067031157,-0.1197924596125166
71988771,42,1,0.9998795,0.99827766,0.999719316,HIGH,CRITICAL,BOTH_HIGH,STRONG_CORROBORATION,0.0016018400000000765,2,1,0.8718068900000001,0.8718068900000001,1.0,"73160850,71450526","Both XGBoost and GraphSAGE assign high fraud risk, providing strong corroborating model evidence.",-0.1722437981900196,0.1202270140981742,1.5735945770991024,-0.1219695997591005,-0.0637245732388369,-0.1130020092847624,-0.0615837940730322,-0.1628816347400958,-0.1687068619426138,-0.0497069643940398,-0.1651861323683535,-0.0287412858566647,-0.0353905526008135,-0.0631999532943942,-0.0132816148700588,-0.0467203193717012,-0.170390730495096,-0.1729081406182527,-0.1745147380312145,-0.2432996524586214,-0.2434516511662217,-0.1397315349646308,-0.1489120995573434,-0.0801472696533522,-0.1556617065287105,-0.010763009512837,-0.0121074517774784,-0.1397333347420221,-0.1489073986222304,-0.0801467358465918,-0.1556616765361674,-0.0106685610738475,-0.0120051821184178,-0.0246688306562535,-0.0312723904866303,-0.0230451563960962,-0.0262146551774309,0.0014278137097094,0.0014826437872997,-0.2272154464478222,-0.2393683687143703,-0.0752555315462277,-0.2349515175665409,0.0374680287743863,0.0434442213339417,-0.2272033238276858,-0.2432360925423977,-0.0978946778840727,-0.2358964234692872,0.0365766503766988,0.0423451348069101,-0.4140062443366196,-0.4883410697738911,-0.2325526205785921,-0.4675551514891356,0.0487668178548852,0.0529560645235839,-0.0391168419451955,-0.1728904472727868,-0.1631259900993975,-0.1609228972335704,-0.1964346530529631,-0.1961888389129267,-0.0391121194249417,-0.1728794064465664,-0.1631146528780142,-0.1609160110175567,-0.1964085394766894,-0.1961326277610877,-0.0170316758803496,-0.0300262352777919,-0.0176401196299049,-0.0150709000018306,-0.1407632224600331,-0.140334623887323,-0.0918176532065505,-0.2640333196200848,-0.250573517311816,-0.2629630844594285,-0.1691189058033812,-0.1671653815026433,-0.0590130547854711,-0.2624238875355379,-0.2551681497514608,-0.259251046036533,-0.1871909645279049,-0.1852736257916989,-0.2936728855243152,-0.7618985851043136,-0.6942351992761703,-0.7208520161595969,0.0253079828897598,0.0252169034660526,-0.1705239525731962,-0.202654855410122,-0.1168167152870516,-0.1928070935321873,-0.0146587756915064,-0.0188487129543817,1.1892518395600504,1.197806128467826,-0.0834587840195169,1.1985713779875906,-0.0887977253698474,-0.0904370818830761,-0.0252077296607216,-0.1090922624372066,-0.1345464749557279,-0.0597963861073006,-0.0031749902209437,-0.0040940903633603,1.5539093776639068,1.3011283510936915,-0.3499327749819623,1.4814926049495385,-0.004357614038573,-0.0041943702405639,-0.1164246038907396,-0.1766172824237854,-0.1373232770907919,-0.1524643713004826,-0.0260596888205881,-0.0276597140284855,-0.0931447270142624,-0.1437067244867594,-0.0977185991261648,-0.1274622504830055,0.0031432964315106,0.0024263098865888,-0.0730746351691853,-0.1911168841935064,-0.1887158089232799,-0.1938392575187512,-0.047722125340837,-0.0481706839301534,1.1023703207991185,0.8209646897776766,-0.301754266335682,1.0176364324775369,0.1831327449045568,0.1827480852580912,1.3350771055467014,0.0079223806220699,-0.4246718150208637,0.4647654923300368,0.1430014050880673,0.1425252107913369,0.6601173970186788,-0.3757145314126718,-1.0598683976058427,0.1423388428816934,0.1855973669005454,0.1854920038455318,0.9194056593800308,-0.3232768943111545,-0.5770993762832375,-0.0080998297724479,0.241128277049832,0.2414064458179459,0.0182794000374458,-0.0874901561101501,-0.1311553038955873,-0.0975235937715251,-0.1206134067031157,-0.1197924596125166
71990565,42,1,0.99981695,0.998789,0.999714155,HIGH,CRITICAL,BOTH_HIGH,STRONG_CORROBORATION,0.0010279499999999997,2,0,0.187055969,0.187055969,0.0,"71465572,73160850","Both XGBoost and GraphSAGE assign high fraud risk, providing strong corroborating model evidence.",-0.1724073236900151,0.0290185301180282,1.018601901343969,-0.1219695997591005,-0.0637245732388369,-0.1130020092847624,-0.0615837940730322,-0.1630512194208927,-0.1688740699002266,-0.0497069643940398,-0.16535552779721,-0.0287412858566647,-0.0353905526008135,-0.0631999532943942,-0.0132816148700588,-0.0490841920606704,-0.170558851051685,-0.1729081406182527,-0.1749019315864967,-0.2432996524586214,-0.2434516511662217,-0.13973102414472,-0.1489117736076968,-0.0801472696533522,-0.1556612736890245,-0.010763009512837,-0.0121074517774784,-0.13973282384458,-0.148907072650874,-0.0801467358465918,-0.1556612436502067,-0.0106685610738475,-0.0120051821184178,-0.0246688306562535,-0.0312723904866303,-0.0230451563960962,-0.0262146551774309,0.0014278137097094,0.0014826437872997,-0.227196524273966,-0.2393505523383234,-0.0752555315462277,-0.2349329965172349,0.0374680287743863,0.0434442213339417,-0.2271836297253252,-0.2432168296810611,-0.0978946778840727,-0.2358768473412729,0.0365766503766988,0.0423451348069101,-0.413832593910374,-0.4881966453786586,-0.2325526205785921,-0.4673885267562507,0.0487668178548852,0.0529560645235839,-0.0391168419451955,-0.1728904472727868,-0.1631259900993975,-0.1609228972335704,-0.1964346530529631,-0.1961888389129267,-0.0391121194249417,-0.1728794064465664,-0.1631146528780142,-0.1609160110175567,-0.1964085394766894,-0.1961326277610877,-0.0170316758803496,-0.0300262352777919,-0.0176401196299049,-0.0150709000018306,-0.1407632224600331,-0.140334623887323,-0.0918176532065505,-0.2640333196200848,-0.250573517311816,-0.2629630844594285,-0.1691189058033812,-0.1671653815026433,-0.0590130547854711,-0.2624238875355379,-0.2551681497514608,-0.259251046036533,-0.1871909645279049,-0.1852736257916989,-0.2936728855243152,-0.7618985851043136,-0.6942351992761703,-0.7208520161595969,0.0253079828897598,0.0252169034660526,-0.1704308361021478,-0.20258175308472,-0.1168167152870516,-0.1927159768041985,-0.0146587756915064,-0.0188487129543817,1.1892518395600504,1.197806128467826,-0.0834587840195169,1.1985713779875906,-0.0887977253698474,-0.0904370818830761,-0.0971792070877132,-0.1638028212459664,-0.1345464749557279,-0.1285487031486386,-0.0031749902209437,-0.0040940903633603,1.023860363345962,0.7874346980684294,-0.3499327749819623,0.9391059237493712,-0.004357614038573,-0.0041943702405639,-0.1164246038907396,-0.1766172824237854,-0.1373232770907919,-0.1524643713004826,-0.0260596888205881,-0.0276597140284855,-0.0931447270142624,-0.1437067244867594,-0.0977185991261648,-0.1274622504830055,0.0031432964315106,0.0024263098865888,-0.0730746351691853,-0.1911168841935064,-0.1887158089232799,-0.1938392575187512,-0.047722125340837,-0.0481706839301534,1.1023703207991185,0.8209646897776766,-0.301754266335682,1.0176364324775369,0.1831327449045568,0.1827480852580912,1.3350771055467014,0.0079223806220699,-0.4246718150208637,0.4647654923300368,0.1430014050880673,0.1425252107913369,0.6601173970186788,-0.3757145314126718,-1.0598683976058427,0.1423388428816934,0.1855973669005454,0.1854920038455318,0.9194056593800308,-0.3232768943111545,-0.5770993762832375,-0.0080998297724479,0.241128277049832,0.2414064458179459,0.0182794000374458,-0.0874901561101501,-0.1311553038955873,-0.0975235937715251,-0.1206134067031157,-0.1197924596125166
71989670,42,1,0.99992216,0.9976465,0.999694594,HIGH,CRITICAL,BOTH_HIGH,STRONG_CORROBORATION,0.0022756600000000127,2,0,0.0,0.0,0.0,"71486656,73160850","Both XGBoost and GraphSAGE assign high fraud risk, providing strong corroborating model evidence.",-0.1728450086149896,0.07283670518943,1.018601901343969,-0.1219695997591005,-0.0637245732388369,-0.1130020092847624,-0.0615837940730322,-0.1634979431756455,-0.1693145328376709,-0.0497069643940398,-0.1658017530202732,-0.0287412858566647,-0.0353905526008135,-0.0631999532943942,-0.0132816148700588,-0.0554112263186221,-0.1710088348964023,-0.1729081406182527,-0.1759382762679006,-0.2432996524586214,-0.2434516511662217,-0.1397317964928661,-0.1489122664361866,-0.0801472696533522,-0.1556619281328351,-0.010763009512837,-0.0121074517774784,-0.1397335963099516,-0.1489075655121886,-0.0801467358465918,-0.1556618981639837,-0.0106685610738475,-0.0120051821184178,-0.0246688306562535,-0.0312723904866303,-0.0230451563960962,-0.0262146551774309,0.0014278137097094,0.0014826437872997,-0.2272154464478222,-0.2393683687143703,-0.0752555315462277,-0.2349515175665409,0.0374680287743863,0.0434442213339417,-0.2272033238276858,-0.2432360925423977,-0.0978946778840727,-0.2358964234692872,0.0365766503766988,0.0423451348069101,-0.4140062443366196,-0.4883410697738911,-0.2325526205785921,-0.4675551514891356,0.0487668178548852,0.0529560645235839,-0.0391168419451955,-0.1728904472727868,-0.1631259900993975,-0.1609228972335704,-0.1964346530529631,-0.1961888389129267,-0.0391121194249417,-0.1728794064465664,-0.1631146528780142,-0.1609160110175567,-0.1964085394766894,-0.1961326277610877,-0.0170316758803496,-0.0300262352777919,-0.0176401196299049,-0.0150709000018306,-0.1407632224600331,-0.140334623887323,-0.0918176532065505,-0.2640333196200848,-0.250573517311816,-0.2629630844594285,-0.1691189058033812,-0.1671653815026433,-0.0590130547854711,-0.2624238875355379,-0.2551681497514608,-0.259251046036533,-0.1871909645279049,-0.1852736257916989,-0.2936728855243152,-0.7618985851043136,-0.6942351992761703,-0.7208520161595969,0.0253079828897598,0.0252169034660526,-0.171004602281204,-0.2030321958630358,-0.1168167152870516,-0.1932774209426798,-0.0146587756915064,-0.0188487129543817,1.1892518395600504,1.197806128467826,-0.0834587840195169,1.1985713779875906,-0.0887977253698474,-0.0904370818830761,-0.1713846500102303,-0.2202115736306975,-0.1345464749557279,-0.1994350642515786,-0.0031749902209437,-0.0040940903633603,-0.0362376652899277,-0.2399526079820951,-0.3499327749819623,-0.1456674386509633,-0.004357614038573,-0.0041943702405639,-0.1164246038907396,-0.1766172824237854,-0.1373232770907919,-0.1524643713004826,-0.0260596888205881,-0.0276597140284855,-0.0955592697148178,-0.145125943418047,-0.0977185991261648,-0.1294956950866637,0.0031432964315106,0.0024263098865888,-0.0730746351691853,-0.1911168841935064,-0.1887158089232799,-0.1938392575187512,-0.047722125340837,-0.0481706839301534,1.1023703207991185,0.8209646897776766,-0.301754266335682,1.0176364324775369,0.1831327449045568,0.1827480852580912,1.3350771055467014,0.0079223806220699,-0.4246718150208637,0.4647654923300368,0.1430014050880673,0.1425252107913369,0.6601173970186788,-0.3757145314126718,-1.0598683976058427,0.1423388428816934,0.1855973669005454,0.1854920038455318,0.9194056593800308,-0.3232768943111545,-0.5770993762832375,-0.0080998297724479,0.241128277049832,0.2414064458179459,0.0182794000374458,-0.0874901561101501,-0.1311553038955873,-0.0975235937715251,-0.1206134067031157,-0.1197924596125166
71988749,42,1,0.99964774,0.9998198,0.999664946,HIGH,CRITICAL,BOTH_HIGH,STRONG_CORROBORATION,0.0001720600000000294,1,0,0.0,0.0,0.0,73160850,"Both XGBoost and GraphSAGE assign high fraud risk, providing strong corroborating model evidence.",-0.1729593777577966,0.127847566284505,1.5735945770991024,-0.1219695997591005,-0.0637245732388369,-0.1130020092847624,-0.0615837940730322,-0.1636135881588207,-0.1694285570605785,-0.0497069643940398,-0.165917268946759,-0.0287412858566647,-0.0353905526008135,-0.0631999532943942,-0.0132816148700588,-0.0570645103211145,-0.1711264178051587,-0.1729081406182527,-0.1762090780389958,-0.2432996524586214,-0.2434516511662217,-0.1397317880568132,-0.1489122610532163,-0.0801472696533522,-0.1556619209846047,-0.010763009512837,-0.0121074517774784,-0.1397335878726184,-0.1489075601288597,-0.0801467358465918,-0.155661891014989,-0.0106685610738475,-0.0120051821184178,-0.0246688306562535,-0.0312723904866303,-0.0230451563960962,-0.0262146551774309,0.0014278137097094,0.0014826437872997,-0.227196524273966,-0.2393505523383234,-0.0752555315462277,-0.2349329965172349,0.0374680287743863,0.0434442213339417,-0.2271836297253252,-0.2432168296810611,-0.0978946778840727,-0.2358768473412729,0.0365766503766988,0.0423451348069101,-0.4138542144179896,-0.4882146270721362,-0.2325526205785921,-0.4674092725233885,0.0487668178548852,0.0529560645235839,-0.0391168419451955,-0.1728904472727868,-0.1631259900993975,-0.1609228972335704,-0.1964346530529631,-0.1961888389129267,-0.0391121194249417,-0.1728794064465664,-0.1631146528780142,-0.1609160110175567,-0.1964085394766894,-0.1961326277610877,-0.0170316758803496,-0.0300262352777919,-0.0176401196299049,-0.0150709000018306,-0.1407632224600331,-0.140334623887323,-0.0918176532065505,-0.2640333196200848,-0.250573517311816,-0.2629630844594285,-0.1691189058033812,-0.1671653815026433,-0.0590130547854711,-0.2624238875355379,-0.2551681497514608,-0.259251046036533,-0.1871909645279049,-0.1852736257916989,-0.2936728855243152,-0.7618985851043136,-0.6942351992761703,-0.7208520161595969,0.0253079828897598,0.0252169034660526,-0.145656640791784,-0.1831324411986571,-0.1168167152870516,-0.1684738251223509,-0.0146587756915064,-0.0188487129543817,1.1891557557503725,1.1977084237398727,-0.0834587840195169,1.198473938934389,-0.0887977253698474,-0.0904370818830761,0.0975236672419652,-0.0157955350671574,-0.1345464749557279,0.0574454465247927,-0.0031749902209437,-0.0040940903633603,1.5539093776639068,1.3011283510936915,-0.3499327749819623,1.4814926049495385,-0.004357614038573,-0.0041943702405639,-0.1164246038907396,-0.1766172824237854,-0.1373232770907919,-0.1524643713004826,-0.0260596888205881,-0.0276597140284855,-0.059341129206487,-0.1238376594487332,-0.0977185991261648,-0.098994026031791,0.0031432964315106,0.0024263098865888,-0.0730746351691853,-0.1911168841935064,-0.1887158089232799,-0.1938392575187512,-0.047722125340837,-0.0481706839301534,1.1023703207991185,0.8209646897776766,-0.301754266335682,1.0176364324775369,0.1831327449045568,0.1827480852580912,1.3350771055467014,0.0079223806220699,-0.4246718150208637,0.4647654923300368,0.1430014050880673,0.1425252107913369,0.6601173970186788,-0.3757145314126718,-1.0598683976058427,0.1423388428816934,0.1855973669005454,0.1854920038455318,0.9194056593800308,-0.3232768943111545,-0.5770993762832375,-0.0080998297724479,0.241128277049832,0.2414064458179459,0.0182794000374458,-0.0874901561101501,-0.1311553038955873,-0.0975235937715251,-0.1206134067031157,-0.1197924596125166
71988781,42,1,0.9998165,0.99821943,0.999656793,HIGH,CRITICAL,BOTH_HIGH,STRONG_CORROBORATION,0.0015970699999999782,2,0,0.0,0.0,0.0,"71540721,73160850","Both XGBoost and GraphSAGE assign high fraud risk, providing strong corroborating model evidence.",-0.1729055660972969,0.1197507295865286,1.5735945770991024,-0.1219695997591005,-0.0637245732388369,-0.1130020092847624,-0.0615837940730322,-0.1635587327633084,-0.1693744704614556,-0.0497069643940398,-0.1658624747683921,-0.0287412858566647,-0.0353905526008135,-0.0631999532943942,-0.0132816148700588,-0.0562866260485901,-0.1710710940402754,-0.1729081406182527,-0.1760816634880843,-0.2432996524586214,-0.2434516511662217,-0.1397318222887057,-0.1489122828962827,-0.0801472696533522,-0.1556619499907598,-0.010763009512837,-0.0121074517774784,-0.1397336221097065,-0.148907581973381,-0.0801467358465918,-0.1556619200242452,-0.0106685610738475,-0.0120051821184178,-0.0246688306562535,-0.0312723904866303,-0.0230451563960962,-0.0262146551774309,0.0014278137097094,0.0014826437872997,-0.2272154464478222,-0.2393683687143703,-0.0752555315462277,-0.2349515175665409,0.0374680287743863,0.0434442213339417,-0.2272033238276858,-0.2432360925423977,-0.0978946778840727,-0.2358964234692872,0.0365766503766988,0.0423451348069101,-0.4140062443366196,-0.4883410697738911,-0.2325526205785921,-0.4675551514891356,0.0487668178548852,0.0529560645235839,-0.0391168419451955,-0.1728904472727868,-0.1631259900993975,-0.1609228972335704,-0.1964346530529631,-0.1961888389129267,-0.0391121194249417,-0.1728794064465664,-0.1631146528780142,-0.1609160110175567,-0.1964085394766894,-0.1961326277610877,-0.0170316758803496,-0.0300262352777919,-0.0176401196299049,-0.0150709000018306,-0.1407632224600331,-0.140334623887323,-0.0918176532065505,-0.2640333196200848,-0.250573517311816,-0.2629630844594285,-0.1691189058033812,-0.1671653815026433,-0.0590130547854711,-0.2624238875355379,-0.2551681497514608,-0.259251046036533,-0.1871909645279049,-0.1852736257916989,-0.2936728855243152,-0.7618985851043136,-0.6942351992761703,-0.7208520161595969,0.0253079828897598,0.0252169034660526,-0.1699423205621099,-0.2021982374556408,-0.1168167152870516,-0.1922379524860652,-0.0146587756915064,-0.0188487129543817,1.1892518395600504,1.197806128467826,-0.0834587840195169,1.1985713779875906,-0.0887977253698474,-0.0904370818830761,-0.1676102486058498,-0.217342386872489,-0.1345464749557279,-0.1958294853295885,-0.0031749902209437,-0.0040940903633603,0.4938113490280171,0.2737410450431671,-0.3499327749819623,0.3967192425492039,-0.004357614038573,-0.0041943702405639,-0.1164246038907396,-0.1766172824237854,-0.1373232770907919,-0.1524643713004826,-0.0260596888205881,-0.0276597140284855,-0.0931447270142624,-0.1437067244867594,-0.0977185991261648,-0.1274622504830055,0.0031432964315106,0.0024263098865888,-0.0730746351691853,-0.1911168841935064,-0.1887158089232799,-0.1938392575187512,-0.047722125340837,-0.0481706839301534,1.1023703207991185,0.8209646897776766,-0.301754266335682,1.0176364324775369,0.1831327449045568,0.1827480852580912,1.3350771055467014,0.0079223806220699,-0.4246718150208637,0.4647654923300368,0.1430014050880673,0.1425252107913369,0.6601173970186788,-0.3757145314126718,-1.0598683976058427,0.1423388428816934,0.1855973669005454,0.1854920038455318,0.9194056593800308,-0.3232768943111545,-0.5770993762832375,-0.0080998297724479,0.241128277049832,0.2414064458179459,0.0182794000374458,-0.0874901561101501,-0.1311553038955873,-0.0975235937715251,-0.1206134067031157,-0.1197924596125166
71989674,42,1,0.9998134,0.99820995,0.999653055,HIGH,CRITICAL,BOTH_HIGH,STRONG_CORROBORATION,0.0016034499999999507,2,0,0.0,0.0,0.0,"70814523,73160850","Both XGBoost and GraphSAGE assign high fraud risk, providing strong corroborating model evidence.",-0.1729391377693449,0.0737892742127213,1.5735945770991024,-0.1219695997591005,-0.0637245732388369,-0.1130020092847624,-0.0615837940730322,-0.1635942274309928,-0.1694094676726528,-0.0497069643940398,-0.1658979298249825,-0.0287412858566647,-0.0353905526008135,-0.0631999532943942,-0.0132816148700588,-0.0567719274766823,-0.1711056090742639,-0.1729081406182527,-0.1761611540571845,-0.2432996524586214,-0.2434516511662217,-0.1397318373507384,-0.148912292507232,-0.0801472696533522,-0.1556619627534681,-0.010763009512837,-0.0121074517774784,-0.1397336371740252,-0.1489075915849703,-0.0801467358465918,-0.1556619327883179,-0.0106685610738475,-0.0120051821184178,-0.0246688306562535,-0.0312723904866303,-0.0230451563960962,-0.0262146551774309,0.0014278137097094,0.0014826437872997,-0.2272154464478222,-0.2393683687143703,-0.0752555315462277,-0.2349515175665409,0.0374680287743863,0.0434442213339417,-0.2272033238276858,-0.2432360925423977,-0.0978946778840727,-0.2358964234692872,0.0365766503766988,0.0423451348069101,-0.4139945074896283,-0.4883313082831462,-0.2325526205785921,-0.4675438895012608,0.0487668178548852,0.0529560645235839,-0.0391168419451955,-0.1728904472727868,-0.1631259900993975,-0.1609228972335704,-0.1964346530529631,-0.1961888389129267,-0.0391121194249417,-0.1728794064465664,-0.1631146528780142,-0.1609160110175567,-0.1964085394766894,-0.1961326277610877,-0.0170316758803496,-0.0300262352777919,-0.0176401196299049,-0.0150709000018306,-0.1407632224600331,-0.140334623887323,-0.0918176532065505,-0.2640333196200848,-0.250573517311816,-0.2629630844594285,-0.1691189058033812,-0.1671653815026433,-0.0590130547854711,-0.2624238875355379,-0.2551681497514608,-0.259251046036533,-0.1871909645279049,-0.1852736257916989,-0.2936728855243152,-0.7618985851043136,-0.6942351992761703,-0.7208520161595969,0.0253079828897598,0.0252169034660526,-0.1708702421677292,-0.2029267146670059,-0.1168167152870516,-0.1931459463090927,-0.0146587756915064,-0.0188487129543817,1.1891877836869318,1.197740991982524,-0.0834587840195169,1.1985064186187897,-0.0887977253698474,-0.0904370818830761,-0.1399868762547094,-0.1963439276002531,-0.1345464749557279,-0.1694416589081694,-0.0031749902209437,-0.0040940903633603,-0.0362376652899277,-0.2399526079820951,-0.3499327749819623,-0.1456674386509633,-0.004357614038573,-0.0041943702405639,-0.1164246038907396,-0.1766172824237854,-0.1373232770907919,-0.1524643713004826,-0.0260596888205881,-0.0276597140284855,-0.0931447270142624,-0.1437067244867594,-0.0977185991261648,-0.1274622504830055,0.0031432964315106,0.0024263098865888,-0.0730746351691853,-0.1911168841935064,-0.1887158089232799,-0.1938392575187512,-0.047722125340837,-0.0481706839301534,1.1023703207991185,0.8209646897776766,-0.301754266335682,1.0176364324775369,0.1831327449045568,0.1827480852580912,1.3350771055467014,0.0079223806220699,-0.4246718150208637,0.4647654923300368,0.1430014050880673,0.1425252107913369,0.6601173970186788,-0.3757145314126718,-1.0598683976058427,0.1423388428816934,0.1855973669005454,0.1854920038455318,0.9194056593800308,-0.3232768943111545,-0.5770993762832375,-0.0080998297724479,0.241128277049832,0.2414064458179459,0.0182794000374458,-0.0874901561101501,-0.1311553038955873,-0.0975235937715251,-0.1206134067031157,-0.1197924596125166
71988753,42,1,0.99981695,0.9980088,0.999636135,HIGH,CRITICAL,BOTH_HIGH,STRONG_CORROBORATION,0.0018081500000000084,2,1,0.973379756,0.973379756,1.0,"71450516,73160850","Both XGBoost and GraphSAGE assign high fraud risk, providing strong corroborating model evidence.",-0.1728968782372311,0.1223702944005798,1.5735945770991024,-0.1219695997591005,-0.0637245732388369,-0.1130020092847624,-0.0615837940730322,-0.1635497784912238,-0.1693656416831713,-0.0497069643940398,-0.1658535304890342,-0.0287412858566647,-0.0353905526008135,-0.0631999532943942,-0.0132816148700588,-0.0561610371029164,-0.1710621620518707,-0.1729081406182527,-0.1760610924858444,-0.2432996524586214,-0.2434516511662217,-0.139731818488993,-0.1489122804717199,-0.0801472696533522,-0.1556619467710998,-0.010763009512837,-0.0121074517774784,-0.1397336183094171,-0.1489075795486566,-0.0801467358465918,-0.1556619168042409,-0.0106685610738475,-0.0120051821184178,-0.0246688306562535,-0.0312723904866303,-0.0230451563960962,-0.0262146551774309,0.0014278137097094,0.0014826437872997,-0.2272154464478222,-0.2393683687143703,-0.0752555315462277,-0.2349515175665409,0.0374680287743863,0.0434442213339417,-0.2272033238276858,-0.2432360925423977,-0.0978946778840727,-0.2358964234692872,0.0365766503766988,0.0423451348069101,-0.4140062443366196,-0.4883410697738911,-0.2325526205785921,-0.4675551514891356,0.0487668178548852,0.0529560645235839,-0.0391168419451955,-0.1728904472727868,-0.1631259900993975,-0.1609228972335704,-0.1964346530529631,-0.1961888389129267,-0.0391121194249417,-0.1728794064465664,-0.1631146528780142,-0.1609160110175567,-0.1964085394766894,-0.1961326277610877,-0.0170316758803496,-0.0300262352777919,-0.0176401196299049,-0.0150709000018306,-0.1407632224600331,-0.140334623887323,-0.0918176532065505,-0.2640333196200848,-0.250573517311816,-0.2629630844594285,-0.1691189058033812,-0.1671653815026433,-0.0590130547854711,-0.2624238875355379,-0.2551681497514608,-0.259251046036533,-0.1871909645279049,-0.1852736257916989,-0.2936728855243152,-0.7618985851043136,-0.6942351992761703,-0.7208520161595969,0.0253079828897598,0.0252169034660526,-0.170999767130588,-0.2030283999636669,-0.1168167152870516,-0.1932726896303943,-0.0146587756915064,-0.0188487129543817,1.1892518395600504,1.197806128467826,-0.0834587840195169,1.1985713779875906,-0.0887977253698474,-0.0904370818830761,-0.0216289391654021,-0.1063717732259489,-0.1345464749557279,-0.0563776687548837,-0.0031749902209437,-0.0040940903633603,1.5539093776639068,1.3011283510936915,-0.3499327749819623,1.4814926049495385,-0.004357614038573,-0.0041943702405639,-0.1164246038907396,-0.1766172824237854,-0.1373232770907919,-0.1524643713004826,-0.0260596888205881,-0.0276597140284855,-0.0931447270142624,-0.1437067244867594,-0.0977185991261648,-0.1274622504830055,0.0031432964315106,0.0024263098865888,-0.0730746351691853,-0.1911168841935064,-0.1887158089232799,-0.1938392575187512,-0.047722125340837,-0.0481706839301534,1.1023703207991185,0.8209646897776766,-0.301754266335682,1.0176364324775369,0.1831327449045568,0.1827480852580912,1.3350771055467014,0.0079223806220699,-0.4246718150208637,0.4647654923300368,0.1430014050880673,0.1425252107913369,0.6601173970186788,-0.3757145314126718,-1.0598683976058427,0.1423388428816934,0.1855973669005454,0.1854920038455318,0.9194056593800308,-0.3232768943111545,-0.5770993762832375,-0.0080998297724479,0.241128277049832,0.2414064458179459,0.0182794000374458,-0.0874901561101501,-0.1311553038955873,-0.0975235937715251,-0.1206134067031157,-0.1197924596125166
71989973,42,1,0.9998394,0.997701,0.99962556,HIGH,CRITICAL,BOTH_HIGH,STRONG_CORROBORATION,0.0021384000000000958,2,1,0.979689624,0.979689624,1.0,"73160850,71450339","Both XGBoost and GraphSAGE assign high fraud risk, providing strong corroborating model evidence.",-0.1728896639520715,0.0518801866770204,1.5735945770991024,-0.1219695997591005,-0.0637245732388369,-0.1130020092847624,-0.0615837940730322,-0.1635441546515402,-0.1693600966613979,-0.0497069643940398,-0.1658479129254043,-0.0287412858566647,-0.0353905526008135,-0.0631999532943942,-0.0132816148700588,-0.0560567496880502,-0.1710547450457373,-0.1729081406182527,-0.1760440105951311,-0.2432996524586214,-0.2434516511662217,-0.1397317753709668,-0.1489122529584904,-0.0801472696533522,-0.1556619102353413,-0.010763009512837,-0.0121074517774784,-0.1397335751848465,-0.1489075520335947,-0.0801467358465918,-0.1556618802645764,-0.0106685610738475,-0.0120051821184178,-0.0246688306562535,-0.0312723904866303,-0.0230451563960962,-0.0262146551774309,0.0014278137097094,0.0014826437872997,-0.227196524273966,-0.2393505523383234,-0.0752555315462277,-0.2349329965172349,0.0374680287743863,0.0434442213339417,-0.2271836297253252,-0.2432168296810611,-0.0978946778840727,-0.2358768473412729,0.0365766503766988,0.0423451348069101,-0.4140062443366196,-0.4883410697738911,-0.2325526205785921,-0.4675551514891356,0.0487668178548852,0.0529560645235839,-0.0391168419451955,-0.1728904472727868,-0.1631259900993975,-0.1609228972335704,-0.1964346530529631,-0.1961888389129267,-0.0391121194249417,-0.1728794064465664,-0.1631146528780142,-0.1609160110175567,-0.1964085394766894,-0.1961326277610877,-0.0170316758803496,-0.0300262352777919,-0.0176401196299049,-0.0150709000018306,-0.1407632224600331,-0.140334623887323,-0.0918176532065505,-0.2640333196200848,-0.250573517311816,-0.2629630844594285,-0.1691189058033812,-0.1671653815026433,-0.0590130547854711,-0.2624238875355379,-0.2551681497514608,-0.259251046036533,-0.1871909645279049,-0.1852736257916989,-0.2936728855243152,-0.7618985851043136,-0.6942351992761703,-0.7208520161595969,0.0253079828897598,0.0252169034660526,-0.1710340292373307,-0.2030552978867503,-0.1168167152870516,-0.1933062159337995,-0.0146587756915064,-0.0188487129543817,1.1892518395600504,1.197806128467826,-0.0834587840195169,1.1985713779875906,-0.0887977253698474,-0.0904370818830761,-0.0397273939560181,-0.1201296758085952,-0.1345464749557279,-0.0736666107942491,-0.0031749902209437,-0.0040940903633603,1.5539093776639068,1.3011283510936915,-0.3499327749819623,1.4814926049495385,-0.004357614038573,-0.0041943702405639,-0.1164246038907396,-0.1766172824237854,-0.1373232770907919,-0.1524643713004826,-0.0260596888205881,-0.0276597140284855,-0.0955592697148178,-0.145125943418047,-0.0977185991261648,-0.1294956950866637,0.0031432964315106,0.0024263098865888,-0.0730746351691853,-0.1911168841935064,-0.1887158089232799,-0.1938392575187512,-0.047722125340837,-0.0481706839301534,1.1023703207991185,0.8209646897776766,-0.301754266335682,1.0176364324775369,0.1831327449045568,0.1827480852580912,1.3350771055467014,0.0079223806220699,-0.4246718150208637,0.4647654923300368,0.1430014050880673,0.1425252107913369,0.6601173970186788,-0.3757145314126718,-1.0598683976058427,0.1423388428816934,0.1855973669005454,0.1854920038455318,0.9194056593800308,-0.3232768943111545,-0.5770993762832375,-0.0080998297724479,0.241128277049832,0.2414064458179459,0.0182794000374458,-0.0874901561101501,-0.1311553038955873,-0.0975235937715251,-0.1206134067031157,-0.1197924596125166
71988433,42,1,0.9998859,0.997248,0.99962211,HIGH,CRITICAL,BOTH_HIGH,STRONG_CORROBORATION,0.002637899999999971,2,0,0.0,0.0,0.0,"73160850,71765933","Both XGBoost and GraphSAGE assign high fraud risk, providing strong corroborating model evidence.",-0.169976360569505,0.1468989467503318,1.5735945770991024,-0.1219695997591005,-0.0637245732388369,-0.1130020092847624,-0.0615837940730322,-0.1605610467379641,-0.1664187968976231,-0.0497069643940398,-0.1628681340799884,-0.0287412858566647,-0.0353905526008135,-0.0631999532943942,-0.0132816148700588,-0.0139429613130417,-0.1680595780155004,-0.1729081406182527,-0.1691459286792072,-0.2432996524586214,-0.2434516511662217,-0.1397305502315818,-0.1489114712079339,-0.0801472696533522,-0.1556608721220347,-0.010763009512837,-0.0121074517774784,-0.1397323498595121,-0.1489067702309699,-0.0801467358465918,-0.1556608420402855,-0.0106685610738475,-0.0120051821184178,-0.0246688306562535,-0.0312723904866303,-0.0230451563960962,-0.0262146551774309,0.0014278137097094,0.0014826437872997,-0.2272154464478222,-0.2393683687143703,-0.0752555315462277,-0.2349515175665409,0.0374680287743863,0.0434442213339417,-0.2272033238276858,-0.2432360925423977,-0.0978946778840727,-0.2358964234692872,0.0365766503766988,0.0423451348069101,-0.4140150641309962,-0.4883484051631351,-0.2325526205785921,-0.4675636144449362,0.0487668178548852,0.0529560645235839,-0.0391168419451955,-0.1728904472727868,-0.1631259900993975,-0.1609228972335704,-0.1964346530529631,-0.1961888389129267,-0.0391121194249417,-0.1728794064465664,-0.1631146528780142,-0.1609160110175567,-0.1964085394766894,-0.1961326277610877,-0.0170316758803496,-0.0300262352777919,-0.0176401196299049,-0.0150709000018306,-0.1407632224600331,-0.140334623887323,-0.0918176532065505,-0.2640333196200848,-0.250573517311816,-0.2629630844594285,-0.1691189058033812,-0.1671653815026433,-0.0590130547854711,-0.2624238875355379,-0.2551681497514608,-0.259251046036533,-0.1871909645279049,-0.1852736257916989,-0.2936728855243152,-0.7618985851043136,-0.6942351992761703,-0.7208520161595969,0.0253079828897598,0.0252169034660526,-0.1586954185190457,-0.1933687072591123,-0.1168167152870516,-0.1812325857379963,-0.0146587756915064,-0.0188487129543817,1.1892838674966095,1.197838696710477,-0.0834587840195169,1.1986038576719913,-0.0887977253698474,-0.0904370818830761,0.0039560785992736,-0.0869228099827336,-0.1345464749557279,-0.0319370248254933,-0.0031749902209437,-0.0040940903633603,1.5539093776639068,1.3011283510936915,-0.3499327749819623,1.4814926049495385,-0.004357614038573,-0.0041943702405639,-0.1164246038907396,-0.1766172824237854,-0.1373232770907919,-0.1524643713004826,-0.0260596888205881,-0.0276597140284855,-0.0762429281103747,-0.1337721919677463,-0.0977185991261648,-0.1132281382573982,0.0031432964315106,0.0024263098865888,-0.0730746351691853,-0.1911168841935064,-0.1887158089232799,-0.1938392575187512,-0.047722125340837,-0.0481706839301534,1.1023703207991185,0.8209646897776766,-0.301754266335682,1.0176364324775369,0.1831327449045568,0.1827480852580912,1.3350771055467014,0.0079223806220699,-0.4246718150208637,0.4647654923300368,0.1430014050880673,0.1425252107913369,0.6601173970186788,-0.3757145314126718,-1.0598683976058427,0.1423388428816934,0.1855973669005454,0.1854920038455318,0.9194056593800308,-0.3232768943111545,-0.5770993762832375,-0.0080998297724479,0.241128277049832,0.2414064458179459,0.0182794000374458,-0.0874901561101501,-0.1311553038955873,-0.0975235937715251,-0.1206134067031157,-0.1197924596125166
71987983,42,1,0.9998684,0.99720407,0.999601967,HIGH,CRITICAL,BOTH_HIGH,STRONG_CORROBORATION,0.0026643299999999925,2,0,0.0,0.0,0.0,"73160850,2379112","Both XGBoost and GraphSAGE assign high fraud risk, providing strong corroborating model evidence.",-0.1729478493458804,0.1583297750298279,1.5735945770991024,-0.1219695997591005,-0.0637245732388369,-0.1130020092847624,-0.0615837940730322,-0.1636010329204316,-0.1694161777834025,-0.0497069643940398,-0.1659047277196781,-0.0287412858566647,-0.0353905526008135,-0.0631999532943942,-0.0132816148700588,-0.0568978592601089,-0.1711145654455696,-0.1729081406182527,-0.1761817812149733,-0.2432996524586214,-0.2434516511662217,-0.139731840238623,-0.1489122943499655,-0.0801472696533522,-0.155661965200497,-0.010763009512837,-0.0121074517774784,-0.1397336400623482,-0.1489075934278266,-0.0801467358465918,-0.1556619352356084,-0.0106685610738475,-0.0120051821184178,-0.0246688306562535,-0.0312723904866303,-0.0230451563960962,-0.0262146551774309,0.0014278137097094,0.0014826437872997,-0.2272154464478222,-0.2393683687143703,-0.0752555315462277,-0.2349515175665409,0.0374680287743863,0.0434442213339417,-0.2272033238276858,-0.2432360925423977,-0.0978946778840727,-0.2358964234692872,0.0365766503766988,0.0423451348069101,-0.4140062443366196,-0.4883410697738911,-0.2325526205785921,-0.4675551514891356,0.0487668178548852,0.0529560645235839,-0.0391168419451955,-0.1728904472727868,-0.1631259900993975,-0.1609228972335704,-0.1964346530529631,-0.1961888389129267,-0.0391121194249417,-0.1728794064465664,-0.1631146528780142,-0.1609160110175567,-0.1964085394766894,-0.1961326277610877,-0.0170316758803496,-0.0300262352777919,-0.0176401196299049,-0.0150709000018306,-0.1407632224600331,-0.140334623887323,-0.0918176532065505,-0.2640333196200848,-0.250573517311816,-0.2629630844594285,-0.1691189058033812,-0.1671653815026433,-0.0590130547854711,-0.2624238875355379,-0.2551681497514608,-0.259251046036533,-0.1871909645279049,-0.1852736257916989,-0.2936728855243152,-0.7618985851043136,-0.6942351992761703,-0.7208520161595969,0.0253079828897598,0.0252169034660526,-0.1576724448780305,-0.1925656081817831,-0.1168167152870516,-0.1802315811902664,-0.0146587756915064,-0.0188487129543817,1.1892518395600504,1.197806128467826,-0.0834587840195169,1.1985713779875906,-0.0887977253698474,-0.0904370818830761,0.0849378835248849,-0.0253628704175557,-0.1345464749557279,0.0454226032643054,-0.0031749902209437,-0.0040940903633603,1.5539093776639068,1.3011283510936915,-0.3499327749819623,1.4814926049495385,-0.004357614038573,-0.0041943702405639,-0.1164246038907396,-0.1766172824237854,-0.1373232770907919,-0.1524643713004826,-0.0260596888205881,-0.0276597140284855,-0.0617556719070424,-0.1252568783800208,-0.0977185991261648,-0.1010274706354492,0.0031432964315106,0.0024263098865888,-0.0730746351691853,-0.1911168841935064,-0.1887158089232799,-0.1938392575187512,-0.047722125340837,-0.0481706839301534,1.1023703207991185,0.8209646897776766,-0.301754266335682,1.0176364324775369,0.1831327449045568,0.1827480852580912,1.3350771055467014,0.0079223806220699,-0.4246718150208637,0.4647654923300368,0.1430014050880673,0.1425252107913369,0.6601173970186788,-0.3757145314126718,-1.0598683976058427,0.1423388428816934,0.1855973669005454,0.1854920038455318,0.9194056593800308,-0.3232768943111545,-0.5770993762832375,-0.0080998297724479,0.241128277049832,0.2414064458179459,0.0182794000374458,-0.0874901561101501,-0.1311553038955873,-0.0975235937715251,-0.1206134067031157,-0.1197924596125166
71990001,42,1,0.99975115,0.9981185,0.999587885,HIGH,CRITICAL,BOTH_HIGH,STRONG_CORROBORATION,0.0016326500000000133,2,0,0.721095295,0.721095295,0.0,"71762296,73160850","Both XGBoost and GraphSAGE assign high fraud risk, providing strong corroborating model evidence.",-0.172646616940001,0.0411637851649928,1.018601901343969,-0.1219695997591005,-0.0637245732388369,-0.1130020092847624,-0.0615837940730322,-0.1632957488982893,-0.1691151723058183,-0.0497069643940398,-0.1655997843862898,-0.0287412858566647,-0.0353905526008135,-0.0631999532943942,-0.0132816148700588,-0.0525433392781482,-0.1708048684274259,-0.1729081406182527,-0.1754685270362559,-0.2432996524586214,-0.2434516511662217,-0.1397317106924624,-0.1489122116877114,-0.0801472696533522,-0.155661855430462,-0.010763009512837,-0.0121074517774784,-0.1397335104965253,-0.1489075107600668,-0.0801467358465918,-0.1556618254538379,-0.0106685610738475,-0.0120051821184178,-0.0246688306562535,-0.0312723904866303,-0.0230451563960962,-0.0262146551774309,0.0014278137097094,0.0014826437872997,-0.2272154464478222,-0.2393683687143703,-0.0752555315462277,-0.2349515175665409,0.0374680287743863,0.0434442213339417,-0.2272033238276858,-0.2432360925423977,-0.0978946778840727,-0.2358964234692872,0.0365766503766988,0.0423451348069101,-0.4140150641309962,-0.4883484051631351,-0.2325526205785921,-0.4675636144449362,0.0487668178548852,0.0529560645235839,-0.0391168419451955,-0.1728904472727868,-0.1631259900993975,-0.1609228972335704,-0.1964346530529631,-0.1961888389129267,-0.0391121194249417,-0.1728794064465664,-0.1631146528780142,-0.1609160110175567,-0.1964085394766894,-0.1961326277610877,-0.0170316758803496,-0.0300262352777919,-0.0176401196299049,-0.0150709000018306,-0.1407632224600331,-0.140334623887323,-0.0918176532065505,-0.2640333196200848,-0.250573517311816,-0.2629630844594285,-0.1691189058033812,-0.1671653815026433,-0.0590130547854711,-0.2624238875355379,-0.2551681497514608,-0.259251046036533,-0.1871909645279049,-0.1852736257916989,-0.2936728855243152,-0.7618985851043136,-0.6942351992761703,-0.7208520161595969,0.0253079828897598,0.0252169034660526,-0.1708636664927538,-0.2029215523458142,-0.1168167152870516,-0.1931395118514578,-0.0146587756915064,-0.0188487129543817,1.1892838674966095,1.197838696710477,-0.0834587840195169,1.1986038576719913,-0.0887977253698474,-0.0904370818830761,-0.0799798956234057,-0.1507284204558379,-0.1345464749557279,-0.1121186873012313,-0.0031749902209437,-0.0040940903633603,1.023860363345962,0.7874346980684294,-0.3499327749819623,0.9391059237493712,-0.004357614038573,-0.0041943702405639,-0.1164246038907396,-0.1766172824237854,-0.1373232770907919,-0.1524643713004826,-0.0260596888205881,-0.0276597140284855,-0.0931447270142624,-0.1437067244867594,-0.0977185991261648,-0.1274622504830055,0.0031432964315106,0.0024263098865888,-0.0730746351691853,-0.1911168841935064,-0.1887158089232799,-0.1938392575187512,-0.047722125340837,-0.0481706839301534,1.1023703207991185,0.8209646897776766,-0.301754266335682,1.0176364324775369,0.1831327449045568,0.1827480852580912,1.3350771055467014,0.0079223806220699,-0.4246718150208637,0.4647654923300368,0.1430014050880673,0.1425252107913369,0.6601173970186788,-0.3757145314126718,-1.0598683976058427,0.1423388428816934,0.1855973669005454,0.1854920038455318,0.9194056593800308,-0.3232768943111545,-0.5770993762832375,-0.0080998297724479,0.241128277049832,0.2414064458179459,0.0182794000374458,-0.0874901561101501,-0.1311553038955873,-0.0975235937715251,-0.1206134067031157,-0.1197924596125166
71990615,42,1,0.9997981,0.99759066,0.999577356,HIGH,CRITICAL,BOTH_HIGH,STRONG_CORROBORATION,0.0022074400000000605,2,0,0.0,0.0,0.0,"73160850,71777726","Both XGBoost and GraphSAGE assign high fraud risk, providing strong corroborating model evidence.",-0.1728951826358002,0.0237794004899258,1.018601901343969,-0.1219695997591005,-0.0637245732388369,-0.1130020092847624,-0.0615837940730322,-0.163550501678944,-0.1693663547354416,-0.0497069643940398,-0.1658542528696963,-0.0287412858566647,-0.0353905526008135,-0.0631999532943942,-0.0132816148700588,-0.056136526027188,-0.1710604188041428,-0.1729081406182527,-0.1760570776627961,-0.2432996524586214,-0.2434516511662217,-0.1397315895039499,-0.1489121343583983,-0.0801472696533522,-0.1556617527422218,-0.010763009512837,-0.0121074517774784,-0.1397333892896191,-0.1489074334256032,-0.0801467358465918,-0.1556617227546194,-0.0106685610738475,-0.0120051821184178,-0.0246688306562535,-0.0312723904866303,-0.0230451563960962,-0.0262146551774309,0.0014278137097094,0.0014826437872997,-0.2271776021001098,-0.2393327359622765,-0.0752555315462277,-0.2349144754679288,0.0374680287743863,0.0434442213339417,-0.2271639356229646,-0.2431975668197244,-0.0978946778840727,-0.2358572712132586,0.0365766503766988,0.0423451348069101,-0.4139765247182148,-0.4883163520809521,-0.2325526205785921,-0.4675266342917683,0.0487668178548852,0.0529560645235839,-0.0391168419451955,-0.1728904472727868,-0.1631259900993975,-0.1609228972335704,-0.1964346530529631,-0.1961888389129267,-0.0391121194249417,-0.1728794064465664,-0.1631146528780142,-0.1609160110175567,-0.1964085394766894,-0.1961326277610877,-0.0170316758803496,-0.0300262352777919,-0.0176401196299049,-0.0150709000018306,-0.1407632224600331,-0.140334623887323,-0.0918176532065505,-0.2640333196200848,-0.250573517311816,-0.2629630844594285,-0.1691189058033812,-0.1671653815026433,-0.0590130547854711,-0.2624238875355379,-0.2551681497514608,-0.259251046036533,-0.1871909645279049,-0.1852736257916989,-0.2936728855243152,-0.7618985851043136,-0.6942351992761703,-0.7208520161595969,0.0253079828897598,0.0252169034660526,-0.1548422866808761,-0.1903437548067786,-0.1168167152870516,-0.177462202672033,-0.0146587756915064,-0.0188487129543817,1.1892838674966095,1.197838696710477,-0.0834587840195169,1.1986038576719913,-0.0887977253698474,-0.0904370818830761,-0.0924178597330706,-0.1601833877735974,-0.1345464749557279,-0.1240003226710753,-0.0031749902209437,-0.0040940903633603,-0.0362376652899277,-0.2399526079820951,-0.3499327749819623,-0.1456674386509633,-0.004357614038573,-0.0041943702405639,-0.1164246038907396,-0.1766172824237854,-0.1373232770907919,-0.1524643713004826,-0.0260596888205881,-0.0276597140284855,-0.0907301843137071,-0.1422875055554718,-0.0977185991261648,-0.1254288058793473,0.0031432964315106,0.0024263098865888,-0.0730746351691853,-0.1911168841935064,-0.1887158089232799,-0.1938392575187512,-0.047722125340837,-0.0481706839301534,1.1023703207991185,0.8209646897776766,-0.301754266335682,1.0176364324775369,0.1831327449045568,0.1827480852580912,1.3350771055467014,0.0079223806220699,-0.4246718150208637,0.4647654923300368,0.1430014050880673,0.1425252107913369,0.6601173970186788,-0.3757145314126718,-1.0598683976058427,0.1423388428816934,0.1855973669005454,0.1854920038455318,0.9194056593800308,-0.3232768943111545,-0.5770993762832375,-0.0080998297724479,0.241128277049832,0.2414064458179459,0.0182794000374458,-0.0874901561101501,-0.1311553038955873,-0.0975235937715251,-0.1206134067031157,-0.1197924596125166
71994046,42,1,0.99953854,0.99986184,0.99957087,HIGH,CRITICAL,BOTH_HIGH,STRONG_CORROBORATION,0.00032330000000002634,1,0,0.0,0.0,0.0,73160850,"Both XGBoost and GraphSAGE assign high fraud risk, providing strong corroborating model evidence.",-0.1727951948826759,0.0085382961172644,0.463609225588836,-0.1219695997591005,-0.0637245732388369,-0.1130020092847624,-0.0615837940730322,-0.1634485794505816,-0.1692658609434332,-0.0497069643940398,-0.1657524443837982,-0.0287412858566647,-0.0353905526008135,-0.0631999532943942,-0.0132816148700588,-0.0546911348261323,-0.1709576214012436,-0.1729081406182527,-0.1758203279594292,-0.2432996524586214,-0.2434516511662217,-0.1397317755455495,-0.1489122530698901,-0.0801472696533522,-0.1556619103832727,-0.010763009512837,-0.0121074517774784,-0.1397335753594557,-0.1489075521450017,-0.0801467358465918,-0.1556618804125236,-0.0106685610738475,-0.0120051821184178,-0.0246688306562535,-0.0312723904866303,-0.0230451563960962,-0.0262146551774309,0.0014278137097094,0.0014826437872997,-0.2272154464478222,-0.2393683687143703,-0.0752555315462277,-0.2349515175665409,0.0374680287743863,0.0434442213339417,-0.2272033238276858,-0.2432360925423977,-0.0978946778840727,-0.2358964234692872,0.0365766503766988,0.0423451348069101,-0.4139786867689763,-0.4883181502502999,-0.2325526205785921,-0.4675287088684821,0.0487668178548852,0.0529560645235839,-0.0391168419451955,-0.1728904472727868,-0.1631259900993975,-0.1609228972335704,-0.1964346530529631,-0.1961888389129267,-0.0391121194249417,-0.1728794064465664,-0.1631146528780142,-0.1609160110175567,-0.1964085394766894,-0.1961326277610877,-0.0170316758803496,-0.0300262352777919,-0.0176401196299049,-0.0150709000018306,-0.1407632224600331,-0.140334623887323,-0.0918176532065505,-0.2640333196200848,-0.250573517311816,-0.2629630844594285,-0.1691189058033812,-0.1671653815026433,-0.0590130547854711,-0.2624238875355379,-0.2551681497514608,-0.259251046036533,-0.1871909645279049,-0.1852736257916989,-0.2936728855243152,-0.7618985851043136,-0.6942351992761703,-0.7208520161595969,0.0253079828897598,0.0252169034660526,-0.1706483134968964,-0.2027524866090846,-0.1168167152870516,-0.1929287837157781,-0.0146587756915064,-0.0188487129543817,1.1891557557503725,1.1977084237398727,-0.0834587840195169,1.198473938934389,-0.0887977253698474,-0.0904370818830761,-0.0971058529968153,-0.1637470596658598,-0.1345464749557279,-0.1284786300600487,-0.0031749902209437,-0.0040940903633603,1.023860363345962,0.7874346980684294,-0.3499327749819623,0.9391059237493712,-0.004357614038573,-0.0041943702405639,-0.1164246038907396,-0.1766172824237854,-0.1373232770907919,-0.1524643713004826,-0.0260596888205881,-0.0276597140284855,-0.0907301843137071,-0.1422875055554718,-0.0977185991261648,-0.1254288058793473,0.0031432964315106,0.0024263098865888,-0.0730746351691853,-0.1911168841935064,-0.1887158089232799,-0.1938392575187512,-0.047722125340837,-0.0481706839301534,1.1023703207991185,0.8209646897776766,-0.301754266335682,1.0176364324775369,0.1831327449045568,0.1827480852580912,1.3350771055467014,0.0079223806220699,-0.4246718150208637,0.4647654923300368,0.1430014050880673,0.1425252107913369,0.6601173970186788,-0.3757145314126718,-1.0598683976058427,0.1423388428816934,0.1855973669005454,0.1854920038455318,0.9194056593800308,-0.3232768943111545,-0.5770993762832375,-0.0080998297724479,0.241128277049832,0.2414064458179459,0.0182794000374458,-0.0874901561101501,-0.1311553038955873,-0.0975235937715251,-0.1206134067031157,-0.1197924596125166
71988421,42,1,0.9998932,0.9966575,0.99956963,HIGH,CRITICAL,BOTH_HIGH,STRONG_CORROBORATION,0.0032357000000000635,2,1,0.955104849,0.955104849,1.0,"73160850,71450697","Both XGBoost and GraphSAGE assign high fraud risk, providing strong corroborating model evidence.",-0.1726978434422295,0.1533287876575484,1.5735945770991024,-0.1219695997591005,-0.0637245732388369,-0.1130020092847624,-0.0615837940730322,-0.1633453647000295,-0.1691640927438868,-0.0497069643940398,-0.1656493448181303,-0.0287412858566647,-0.0353905526008135,-0.0631999532943942,-0.0132816148700588,-0.0532838533238023,-0.170857534391248,-0.1729081406182527,-0.1755898204829848,-0.2432996524586214,-0.2434516511662217,-0.1397317317467468,-0.1489122251222632,-0.0801472696533522,-0.1556618732706629,-0.010763009512837,-0.0121074517774784,-0.1397335315540053,-0.1489075241955134,-0.0801467358465918,-0.1556618432959461,-0.0106685610738475,-0.0120051821184178,-0.0246688306562535,-0.0312723904866303,-0.0230451563960962,-0.0262146551774309,0.0014278137097094,0.0014826437872997,-0.2272154464478222,-0.2393683687143703,-0.0752555315462277,-0.2349515175665409,0.0374680287743863,0.0434442213339417,-0.2272033238276858,-0.2432360925423977,-0.0978946778840727,-0.2358964234692872,0.0365766503766988,0.0423451348069101,-0.4140062443366196,-0.4883410697738911,-0.2325526205785921,-0.4675551514891356,0.0487668178548852,0.0529560645235839,-0.0391168419451955,-0.1728904472727868,-0.1631259900993975,-0.1609228972335704,-0.1964346530529631,-0.1961888389129267,-0.0391121194249417,-0.1728794064465664,-0.1631146528780142,-0.1609160110175567,-0.1964085394766894,-0.1961326277610877,-0.0170316758803496,-0.0300262352777919,-0.0176401196299049,-0.0150709000018306,-0.1407632224600331,-0.140334623887323,-0.0918176532065505,-0.2640333196200848,-0.250573517311816,-0.2629630844594285,-0.1691189058033812,-0.1671653815026433,-0.0590130547854711,-0.2624238875355379,-0.2551681497514608,-0.259251046036533,-0.1871909645279049,-0.1852736257916989,-0.2936728855243152,-0.7618985851043136,-0.6942351992761703,-0.7208520161595969,0.0253079828897598,0.0252169034660526,-0.1708316786607633,-0.2028964398724059,-0.1168167152870516,-0.1931082109811218,-0.0146587756915064,-0.0188487129543817,1.1892518395600504,1.197806128467826,-0.0834587840195169,1.1985713779875906,-0.0887977253698474,-0.0904370818830761,-0.0296045294121142,-0.1124345777538947,-0.1345464749557279,-0.0639965245688413,-0.0031749902209437,-0.0040940903633603,1.5539093776639068,1.3011283510936915,-0.3499327749819623,1.4814926049495385,-0.004357614038573,-0.0041943702405639,-0.1164246038907396,-0.1766172824237854,-0.1373232770907919,-0.1524643713004826,-0.0260596888205881,-0.0276597140284855,-0.0931447270142624,-0.1437067244867594,-0.0977185991261648,-0.1274622504830055,0.0031432964315106,0.0024263098865888,-0.0730746351691853,-0.1911168841935064,-0.1887158089232799,-0.1938392575187512,-0.047722125340837,-0.0481706839301534,1.1023703207991185,0.8209646897776766,-0.301754266335682,1.0176364324775369,0.1831327449045568,0.1827480852580912,1.3350771055467014,0.0079223806220699,-0.4246718150208637,0.4647654923300368,0.1430014050880673,0.1425252107913369,0.6601173970186788,-0.3757145314126718,-1.0598683976058427,0.1423388428816934,0.1855973669005454,0.1854920038455318,0.9194056593800308,-0.3232768943111545,-0.5770993762832375,-0.0080998297724479,0.241128277049832,0.2414064458179459,0.0182794000374458,-0.0874901561101501,-0.1311553038955873,-0.0975235937715251,-0.1206134067031157,-0.1197924596125166
71989168,42,1,0.99974555,0.9978732,0.999558315,HIGH,CRITICAL,BOTH_HIGH,STRONG_CORROBORATION,0.001872349999999967,2,0,0.0,0.0,0.0,"71451112,73160850","Both XGBoost and GraphSAGE assign high fraud risk, providing strong corroborating model evidence.",-0.1729413070694123,0.0954602194925993,1.018601901343969,-0.1219695997591005,-0.0637245732388369,-0.1130020092847624,-0.0615837940730322,-0.1635959066514531,-0.1694111233588989,-0.0497069643940398,-0.1658996071714779,-0.0287412858566647,-0.0353905526008135,-0.0631999532943942,-0.0132816148700588,-0.0568032861894437,-0.1711078393315311,-0.1729081406182527,-0.1761662904977127,-0.2432996524586214,-0.2434516511662217,-0.1397318380633095,-0.1489122929619173,-0.0801472696533522,-0.1556619633572602,-0.010763009512837,-0.0121074517774784,-0.1397336378867044,-0.1489075920396859,-0.0801467358465918,-0.1556619333921746,-0.0106685610738475,-0.0120051821184178,-0.0246688306562535,-0.0312723904866303,-0.0230451563960962,-0.0262146551774309,0.0014278137097094,0.0014826437872997,-0.2272154464478222,-0.2393683687143703,-0.0752555315462277,-0.2349515175665409,0.0374680287743863,0.0434442213339417,-0.2272033238276858,-0.2432360925423977,-0.0978946778840727,-0.2358964234692872,0.0365766503766988,0.0423451348069101,-0.4140062443366196,-0.4883410697738911,-0.2325526205785921,-0.4675551514891356,0.0487668178548852,0.0529560645235839,-0.0391168419451955,-0.1728904472727868,-0.1631259900993975,-0.1609228972335704,-0.1964346530529631,-0.1961888389129267,-0.0391121194249417,-0.1728794064465664,-0.1631146528780142,-0.1609160110175567,-0.1964085394766894,-0.1961326277610877,-0.0170316758803496,-0.0300262352777919,-0.0176401196299049,-0.0150709000018306,-0.1407632224600331,-0.140334623887323,-0.0918176532065505,-0.2640333196200848,-0.250573517311816,-0.2629630844594285,-0.1691189058033812,-0.1671653815026433,-0.0590130547854711,-0.2624238875355379,-0.2551681497514608,-0.259251046036533,-0.1871909645279049,-0.1852736257916989,-0.2936728855243152,-0.7618985851043136,-0.6942351992761703,-0.7208520161595969,0.0253079828897598,0.0252169034660526,-0.1709187761386056,-0.2029648169070511,-0.1168167152870516,-0.1931934379781042,-0.0146587756915064,-0.0188487129543817,1.1892518395600504,1.197806128467826,-0.0834587840195169,1.1985713779875906,-0.0887977253698474,-0.0904370818830761,-0.0447377006494655,-0.123938360704356,-0.1345464749557279,-0.0784528150876328,-0.0031749902209437,-0.0040940903633603,0.4938113490280171,0.2737410450431671,-0.3499327749819623,0.3967192425492039,-0.004357614038573,-0.0041943702405639,-0.1164246038907396,-0.1766172824237854,-0.1373232770907919,-0.1524643713004826,-0.0260596888205881,-0.0276597140284855,-0.0931447270142624,-0.1437067244867594,-0.0977185991261648,-0.1274622504830055,0.0031432964315106,0.0024263098865888,-0.0730746351691853,-0.1911168841935064,-0.1887158089232799,-0.1938392575187512,-0.047722125340837,-0.0481706839301534,1.1023703207991185,0.8209646897776766,-0.301754266335682,1.0176364324775369,0.1831327449045568,0.1827480852580912,1.3350771055467014,0.0079223806220699,-0.4246718150208637,0.4647654923300368,0.1430014050880673,0.1425252107913369,0.6601173970186788,-0.3757145314126718,-1.0598683976058427,0.1423388428816934,0.1855973669005454,0.1854920038455318,0.9194056593800308,-0.3232768943111545,-0.5770993762832375,-0.0080998297724479,0.241128277049832,0.2414064458179459,0.0182794000374458,-0.0874901561101501,-0.1311553038955873,-0.0975235937715251,-0.1206134067031157,-0.1197924596125166
71988430,42,1,0.9996964,0.99819946,0.999546706,HIGH,CRITICAL,BOTH_HIGH,STRONG_CORROBORATION,0.0014969400000000022,2,1,0.973379756,0.973379756,1.0,"71450516,73160850","Both XGBoost and GraphSAGE assign high fraud risk, providing strong corroborating model evidence.",-0.1729333192236565,0.1478515157736231,1.018601901343969,-0.1219695997591005,-0.0637245732388369,-0.1130020092847624,-0.0615837940730322,-0.1635864277036443,-0.1694017772582017,-0.0497069643940398,-0.1658901388019198,-0.0287412858566647,-0.0353905526008135,-0.0631999532943942,-0.0132816148700588,-0.0566878164282962,-0.1710996270277958,-0.1729081406182527,-0.1761473769802653,-0.2432996524586214,-0.2434516511662217,-0.1397317753709668,-0.1489122529584904,-0.0801472696533522,-0.1556619102353413,-0.010763009512837,-0.0121074517774784,-0.1397335751848465,-0.1489075520335947,-0.0801467358465918,-0.1556618802645764,-0.0106685610738475,-0.0120051821184178,-0.0246688306562535,-0.0312723904866303,-0.0230451563960962,-0.0262146551774309,0.0014278137097094,0.0014826437872997,-0.227196524273966,-0.2393505523383234,-0.0752555315462277,-0.2349329965172349,0.0374680287743863,0.0434442213339417,-0.2271836297253252,-0.2432168296810611,-0.0978946778840727,-0.2358768473412729,0.0365766503766988,0.0423451348069101,-0.4140062443366196,-0.4883410697738911,-0.2325526205785921,-0.4675551514891356,0.0487668178548852,0.0529560645235839,-0.0391168419451955,-0.1728904472727868,-0.1631259900993975,-0.1609228972335704,-0.1964346530529631,-0.1961888389129267,-0.0391121194249417,-0.1728794064465664,-0.1631146528780142,-0.1609160110175567,-0.1964085394766894,-0.1961326277610877,-0.0170316758803496,-0.0300262352777919,-0.0176401196299049,-0.0150709000018306,-0.1407632224600331,-0.140334623887323,-0.0918176532065505,-0.2640333196200848,-0.250573517311816,-0.2629630844594285,-0.1691189058033812,-0.1671653815026433,-0.0590130547854711,-0.2624238875355379,-0.2551681497514608,-0.259251046036533,-0.1871909645279049,-0.1852736257916989,-0.2936728855243152,-0.7618985851043136,-0.6942351992761703,-0.7208520161595969,0.0253079828897598,0.0252169034660526,-0.170999767130588,-0.2030283999636669,-0.1168167152870516,-0.1932726896303943,-0.0146587756915064,-0.0188487129543817,1.1892518395600504,1.197806128467826,-0.0834587840195169,1.1985713779875906,-0.0887977253698474,-0.0904370818830761,-0.0216289391654021,-0.1063717732259489,-0.1345464749557279,-0.0563776687548837,-0.0031749902209437,-0.0040940903633603,1.5539093776639068,1.3011283510936915,-0.3499327749819623,1.4814926049495385,-0.004357614038573,-0.0041943702405639,-0.1164246038907396,-0.1766172824237854,-0.1373232770907919,-0.1524643713004826,-0.0260596888205881,-0.0276597140284855,-0.0931447270142624,-0.1437067244867594,-0.0977185991261648,-0.1274622504830055,0.0031432964315106,0.0024263098865888,-0.0730746351691853,-0.1911168841935064,-0.1887158089232799,-0.1938392575187512,-0.047722125340837,-0.0481706839301534,1.1023703207991185,0.8209646897776766,-0.301754266335682,1.0176364324775369,0.1831327449045568,0.1827480852580912,1.3350771055467014,0.0079223806220699,-0.4246718150208637,0.4647654923300368,0.1430014050880673,0.1425252107913369,0.6601173970186788,-0.3757145314126718,-1.0598683976058427,0.1423388428816934,0.1855973669005454,0.1854920038455318,0.9194056593800308,-0.3232768943111545,-0.5770993762832375,-0.0080998297724479,0.241128277049832,0.2414064458179459,0.0182794000374458,-0.0874901561101501,-0.1311553038955873,-0.0975235937715251,-0.1206134067031157,-0.1197924596125166
71990384,42,1,0.9997509,0.99767023,0.999542833,HIGH,CRITICAL,BOTH_HIGH,STRONG_CORROBORATION,0.0020806700000000067,2,1,0.99170852,0.99170852,1.0,"73160850,71749633","Both XGBoost and GraphSAGE assign high fraud risk, providing strong corroborating model evidence.",-0.1725945862223777,0.0302092413971424,1.018601901343969,-0.1219695997591005,-0.0637245732388369,-0.1130020092847624,-0.0615837940730322,-0.1632427869174229,-0.1690629525852033,-0.0497069643940398,-0.1655468815095689,-0.0287412858566647,-0.0353905526008135,-0.0631999532943942,-0.0132816148700588,-0.0517911997501811,-0.1707513756498053,-0.1729081406182527,-0.1753453293787591,-0.2432996524586214,-0.2434516511662217,-0.1397316882182391,-0.1489121973471092,-0.0801472696533522,-0.1556618363870858,-0.010763009512837,-0.0121074517774784,-0.1397334880188909,-0.1489074964185095,-0.0801467358465918,-0.1556618064084258,-0.0106685610738475,-0.0120051821184178,-0.0246688306562535,-0.0312723904866303,-0.0230451563960962,-0.0262146551774309,0.0014278137097094,0.0014826437872997,-0.2272154464478222,-0.2393683687143703,-0.0752555315462277,-0.2349515175665409,0.0374680287743863,0.0434442213339417,-0.2272033238276858,-0.2432360925423977,-0.0978946778840727,-0.2358964234692872,0.0365766503766988,0.0423451348069101,-0.4140150641309962,-0.4883484051631351,-0.2325526205785921,-0.4675636144449362,0.0487668178548852,0.0529560645235839,-0.0391168419451955,-0.1728904472727868,-0.1631259900993975,-0.1609228972335704,-0.1964346530529631,-0.1961888389129267,-0.0391121194249417,-0.1728794064465664,-0.1631146528780142,-0.1609160110175567,-0.1964085394766894,-0.1961326277610877,-0.0170316758803496,-0.0300262352777919,-0.0176401196299049,-0.0150709000018306,-0.1407632224600331,-0.140334623887323,-0.0918176532065505,-0.2640333196200848,-0.250573517311816,-0.2629630844594285,-0.1691189058033812,-0.1671653815026433,-0.0590130547854711,-0.2624238875355379,-0.2551681497514608,-0.259251046036533,-0.1871909645279049,-0.1852736257916989,-0.2936728855243152,-0.7618985851043136,-0.6942351992761703,-0.7208520161595969,0.0253079828897598,0.0252169034660526,-0.1706916952641633,-0.2027865440430869,-0.1168167152870516,-0.1929712338284513,-0.0146587756915064,-0.0188487129543817,1.1892838674966095,1.197838696710477,-0.0834587840195169,1.1986038576719913,-0.0887977253698474,-0.0904370818830761,-0.0558830767634606,-0.1324107413908444,-0.1345464749557279,-0.0890996776994454,-0.0031749902209437,-0.0040940903633603,1.5539093776639068,1.3011283510936915,-0.3499327749819623,1.4814926049495385,-0.004357614038573,-0.0041943702405639,-0.1164246038907396,-0.1766172824237854,-0.1373232770907919,-0.1524643713004826,-0.0260596888205881,-0.0276597140284855,-0.0931447270142624,-0.1437067244867594,-0.0977185991261648,-0.1274622504830055,0.0031432964315106,0.0024263098865888,-0.0730746351691853,-0.1911168841935064,-0.1887158089232799,-0.1938392575187512,-0.047722125340837,-0.0481706839301534,1.1023703207991185,0.8209646897776766,-0.301754266335682,1.0176364324775369,0.1831327449045568,0.1827480852580912,1.3350771055467014,0.0079223806220699,-0.4246718150208637,0.4647654923300368,0.1430014050880673,0.1425252107913369,0.6601173970186788,-0.3757145314126718,-1.0598683976058427,0.1423388428816934,0.1855973669005454,0.1854920038455318,0.9194056593800308,-0.3232768943111545,-0.5770993762832375,-0.0080998297724479,0.241128277049832,0.2414064458179459,0.0182794000374458,-0.0874901561101501,-0.1311553038955873,-0.0975235937715251,-0.1206134067031157,-0.1197924596125166
71990813,42,1,0.9997013,0.9977133,0.9995025,HIGH,CRITICAL,BOTH_HIGH,STRONG_CORROBORATION,0.0019879999999999898,2,0,0.0,0.0,0.0,"73160850,71748967","Both XGBoost and GraphSAGE assign high fraud risk, providing strong corroborating model evidence.",-0.1719727728082034,0.0218742624433432,1.018601901343969,-0.1219695997591005,-0.0637245732388369,-0.1130020092847624,-0.0615837940730322,-0.1626067879117789,-0.1684358670826814,-0.0497069643940398,-0.1649115922617013,-0.0287412858566647,-0.0353905526008135,-0.0631999532943942,-0.0132816148700588,-0.0428024625352429,-0.1701120893165524,-0.1729081406182527,-0.1738730076517934,-0.2432996524586214,-0.2434516511662217,-0.1397314183343823,-0.1489120251366181,-0.0801472696533522,-0.1556616077028835,-0.010763009512837,-0.0121074517774784,-0.1397332180940717,-0.1489073241965483,-0.0801467358465918,-0.155661577699775,-0.0106685610738475,-0.0120051821184178,-0.0246688306562535,-0.0312723904866303,-0.0230451563960962,-0.0262146551774309,0.0014278137097094,0.0014826437872997,-0.2272154464478222,-0.2393683687143703,-0.0752555315462277,-0.2349515175665409,0.0374680287743863,0.0434442213339417,-0.2272033238276858,-0.2432360925423977,-0.0978946778840727,-0.2358964234692872,0.0365766503766988,0.0423451348069101,-0.4140150641309962,-0.4883484051631351,-0.2325526205785921,-0.4675636144449362,0.0487668178548852,0.0529560645235839,-0.0391168419451955,-0.1728904472727868,-0.1631259900993975,-0.1609228972335704,-0.1964346530529631,-0.1961888389129267,-0.0391121194249417,-0.1728794064465664,-0.1631146528780142,-0.1609160110175567,-0.1964085394766894,-0.1961326277610877,-0.0170316758803496,-0.0300262352777919,-0.0176401196299049,-0.0150709000018306,-0.1407632224600331,-0.140334623887323,-0.0918176532065505,-0.2640333196200848,-0.250573517311816,-0.2629630844594285,-0.1691189058033812,-0.1671653815026433,-0.0590130547854711,-0.2624238875355379,-0.2551681497514608,-0.259251046036533,-0.1871909645279049,-0.1852736257916989,-0.2936728855243152,-0.7618985851043136,-0.6942351992761703,-0.7208520161595969,0.0253079828897598,0.0252169034660526,-0.1686771171601035,-0.2012049726792613,-0.1168167152870516,-0.1909999202353467,-0.0146587756915064,-0.0188487129543817,1.1892838674966095,1.197838696710477,-0.0834587840195169,1.1986038576719913,-0.0887977253698474,-0.0904370818830761,-0.0410566589971368,-0.1211401432299195,-0.1345464749557279,-0.0749364200965754,-0.0031749902209437,-0.0040940903633603,1.5539093776639068,1.3011283510936915,-0.3499327749819623,1.4814926049495385,-0.004357614038573,-0.0041943702405639,-0.1164246038907396,-0.1766172824237854,-0.1373232770907919,-0.1524643713004826,-0.0260596888205881,-0.0276597140284855,-0.0931447270142624,-0.1437067244867594,-0.0977185991261648,-0.1274622504830055,0.0031432964315106,0.0024263098865888,-0.0730746351691853,-0.1911168841935064,-0.1887158089232799,-0.1938392575187512,-0.047722125340837,-0.0481706839301534,1.1023703207991185,0.8209646897776766,-0.301754266335682,1.0176364324775369,0.1831327449045568,0.1827480852580912,1.3350771055467014,0.0079223806220699,-0.4246718150208637,0.4647654923300368,0.1430014050880673,0.1425252107913369,0.6601173970186788,-0.3757145314126718,-1.0598683976058427,0.1423388428816934,0.1855973669005454,0.1854920038455318,0.9194056593800308,-0.3232768943111545,-0.5770993762832375,-0.0080998297724479,0.241128277049832,0.2414064458179459,0.0182794000374458,-0.0874901561101501,-0.1311553038955873,-0.0975235937715251,-0.1206134067031157,-0.1197924596125166
71989678,42,1,0.9996722,0.99790025,0.999495005,HIGH,CRITICAL,BOTH_HIGH,STRONG_CORROBORATION,0.0017719499999999666,2,0,0.0,0.0,0.0,"71769553,73160850","Both XGBoost and GraphSAGE assign high fraud risk, providing strong corroborating model evidence.",-0.1704348402969399,0.0659305797705677,1.5735945770991024,-0.1219695997591005,-0.0637245732388369,-0.1130020092847624,-0.0615837940730322,-0.161032157781775,-0.166883305337149,-0.0497069643940398,-0.1633387193765514,-0.0287412858566647,-0.0353905526008135,-0.0631999532943942,-0.0132816148700588,-0.0205705986305177,-0.1685309409953612,-0.1729081406182527,-0.1702315110238275,-0.2432996524586214,-0.2434516511662217,-0.1397307501458337,-0.1489115987714419,-0.0801472696533522,-0.1556610415179808,-0.010763009512837,-0.0121074517774784,-0.1397325498041067,-0.1489068978029742,-0.0801467358465918,-0.1556610114543416,-0.0106685610738475,-0.0120051821184178,-0.0246688306562535,-0.0312723904866303,-0.0230451563960962,-0.0262146551774309,0.0014278137097094,0.0014826437872997,-0.2272154464478222,-0.2393683687143703,-0.0752555315462277,-0.2349515175665409,0.0374680287743863,0.0434442213339417,-0.2272033238276858,-0.2432360925423977,-0.0978946778840727,-0.2358964234692872,0.0365766503766988,0.0423451348069101,-0.4140150641309962,-0.4883484051631351,-0.2325526205785921,-0.4675636144449362,0.0487668178548852,0.0529560645235839,-0.0391168419451955,-0.1728904472727868,-0.1631259900993975,-0.1609228972335704,-0.1964346530529631,-0.1961888389129267,-0.0391121194249417,-0.1728794064465664,-0.1631146528780142,-0.1609160110175567,-0.1964085394766894,-0.1961326277610877,-0.0170316758803496,-0.0300262352777919,-0.0176401196299049,-0.0150709000018306,-0.1407632224600331,-0.140334623887323,-0.0918176532065505,-0.2640333196200848,-0.250573517311816,-0.2629630844594285,-0.1691189058033812,-0.1671653815026433,-0.0590130547854711,-0.2624238875355379,-0.2551681497514608,-0.259251046036533,-0.1871909645279049,-0.1852736257916989,-0.2936728855243152,-0.7618985851043136,-0.6942351992761703,-0.7208520161595969,0.0253079828897598,0.0252169034660526,-0.1694200669671469,-0.2017882353173351,-0.1168167152870516,-0.1917269146619553,-0.0146587756915064,-0.0188487129543817,1.1892838674966095,1.197838696710477,-0.0834587840195169,1.1986038576719913,-0.0887977253698474,-0.0904370818830761,-0.0388649276751585,-0.1194740548061306,-0.1345464749557279,-0.0728427211465859,-0.0031749902209437,-0.0040940903633603,1.5539093776639068,1.3011283510936915,-0.3499327749819623,1.4814926049495385,-0.004357614038573,-0.0041943702405639,-0.0119253896692196,-0.115534281150478,-0.1373232770907919,-0.0556552571284946,-0.0260596888205881,-0.0276597140284855,-0.0931447270142624,-0.1437067244867594,-0.0977185991261648,-0.1274622504830055,0.0031432964315106,0.0024263098865888,-0.0730746351691853,-0.1911168841935064,-0.1887158089232799,-0.1938392575187512,-0.047722125340837,-0.0481706839301534,1.1023703207991185,0.8209646897776766,-0.301754266335682,1.0176364324775369,0.1831327449045568,0.1827480852580912,1.3350771055467014,0.0079223806220699,-0.4246718150208637,0.4647654923300368,0.1430014050880673,0.1425252107913369,0.6601173970186788,-0.3757145314126718,-1.0598683976058427,0.1423388428816934,0.1855973669005454,0.1854920038455318,0.9194056593800308,-0.3232768943111545,-0.5770993762832375,-0.0080998297724479,0.241128277049832,0.2414064458179459,0.0182794000374458,-0.0874901561101501,-0.1311553038955873,-0.0975235937715251,-0.1206134067031157,-0.1197924596125166
71989369,42,1,0.9998435,0.9962058,0.99947973,HIGH,CRITICAL,BOTH_HIGH,STRONG_CORROBORATION,0.003637699999999966,2,0,0.0,0.0,0.0,"73160850,71450735","Both XGBoost and GraphSAGE assign high fraud risk, providing strong corroborating model evidence.",-0.1729154434392385,0.0914118011436111,1.5735945770991024,-0.1219695997591005,-0.0637245732388369,-0.1130020092847624,-0.0615837940730322,-0.16356954527805,-0.1693851314391931,-0.0497069643940398,-0.1658732752166581,-0.0287412858566647,-0.0353905526008135,-0.0631999532943942,-0.0132816148700588,-0.0564294097664565,-0.1710812489349241,-0.1729081406182527,-0.1761050509300625,-0.2432996524586214,-0.2434516511662217,-0.1397318268769569,-0.1489122858240051,-0.0801472696533522,-0.1556619538785824,-0.010763009512837,-0.0121074517774784,-0.139733626698654,-0.1489075849012983,-0.0801467358465918,-0.1556619239124834,-0.0106685610738475,-0.0120051821184178,-0.0246688306562535,-0.0312723904866303,-0.0230451563960962,-0.0262146551774309,0.0014278137097094,0.0014826437872997,-0.2272154464478222,-0.2393683687143703,-0.0752555315462277,-0.2349515175665409,0.0374680287743863,0.0434442213339417,-0.2272033238276858,-0.2432360925423977,-0.0978946778840727,-0.2358964234692872,0.0365766503766988,0.0423451348069101,-0.4140062443366196,-0.4883410697738911,-0.2325526205785921,-0.4675551514891356,0.0487668178548852,0.0529560645235839,-0.0391168419451955,-0.1728904472727868,-0.1631259900993975,-0.1609228972335704,-0.1964346530529631,-0.1961888389129267,-0.0391121194249417,-0.1728794064465664,-0.1631146528780142,-0.1609160110175567,-0.1964085394766894,-0.1961326277610877,-0.0170316758803496,-0.0300262352777919,-0.0176401196299049,-0.0150709000018306,-0.1407632224600331,-0.140334623887323,-0.0918176532065505,-0.2640333196200848,-0.250573517311816,-0.2629630844594285,-0.1691189058033812,-0.1671653815026433,-0.0590130547854711,-0.2624238875355379,-0.2551681497514608,-0.259251046036533,-0.1871909645279049,-0.1852736257916989,-0.2936728855243152,-0.7618985851043136,-0.6942351992761703,-0.7208520161595969,0.0253079828897598,0.0252169034660526,-0.1710123177031297,-0.2030382529577461,-0.1168167152870516,-0.1932849706703811,-0.0146587756915064,-0.0188487129543817,1.1892518395600504,1.197806128467826,-0.0834587840195169,1.1985713779875906,-0.0887977253698474,-0.0904370818830761,-0.0351260918906072,-0.1166319039655495,-0.1345464749557279,-0.0692711170554274,-0.0031749902209437,-0.0040940903633603,1.5539093776639068,1.3011283510936915,-0.3499327749819623,1.4814926049495385,-0.004357614038573,-0.0041943702405639,-0.1164246038907396,-0.1766172824237854,-0.1373232770907919,-0.1524643713004826,-0.0260596888205881,-0.0276597140284855,-0.0931447270142624,-0.1437067244867594,-0.0977185991261648,-0.1274622504830055,0.0031432964315106,0.0024263098865888,-0.0730746351691853,-0.1911168841935064,-0.1887158089232799,-0.1938392575187512,-0.047722125340837,-0.0481706839301534,1.1023703207991185,0.8209646897776766,-0.301754266335682,1.0176364324775369,0.1831327449045568,0.1827480852580912,1.3350771055467014,0.0079223806220699,-0.4246718150208637,0.4647654923300368,0.1430014050880673,0.1425252107913369,0.6601173970186788,-0.3757145314126718,-1.0598683976058427,0.1423388428816934,0.1855973669005454,0.1854920038455318,0.9194056593800308,-0.3232768943111545,-0.5770993762832375,-0.0080998297724479,0.241128277049832,0.2414064458179459,0.0182794000374458,-0.0874901561101501,-0.1311553038955873,-0.0975235937715251,-0.1206134067031157,-0.1197924596125166
71989984,42,1,0.9997968,0.99641645,0.999458765,HIGH,CRITICAL,BOTH_HIGH,STRONG_CORROBORATION,0.003380350000000032,2,0,0.0,0.0,0.0,"73160850,71789594","Both XGBoost and GraphSAGE assign high fraud risk, providing strong corroborating model evidence.",-0.1727366223301145,0.0461647725372724,1.018601901343969,-0.1219695997591005,-0.0637245732388369,-0.1130020092847624,-0.0615837940730322,-0.1633877130008292,-0.1692058475347784,-0.0497069643940398,-0.1656916458593659,-0.0287412858566647,-0.0353905526008135,-0.0631999532943942,-0.0132816148700588,-0.0538444286101177,-0.1708974029635215,-0.1729081406182527,-0.1756816406301208,-0.2432996524586214,-0.2434516511662217,-0.1397317497170937,-0.1489122365889819,-0.0801472696533522,-0.1556618884977109,-0.010763009512837,-0.0121074517774784,-0.1397335495270797,-0.1489075356629959,-0.0801467358465918,-0.1556618585246221,-0.0106685610738475,-0.0120051821184178,-0.0246688306562535,-0.0312723904866303,-0.0230451563960962,-0.0262146551774309,0.0014278137097094,0.0014826437872997,-0.2272154464478222,-0.2393683687143703,-0.0752555315462277,-0.2349515175665409,0.0374680287743863,0.0434442213339417,-0.2272033238276858,-0.2432360925423977,-0.0978946778840727,-0.2358964234692872,0.0365766503766988,0.0423451348069101,-0.4140150641309962,-0.4883484051631351,-0.2325526205785921,-0.4675636144449362,0.0487668178548852,0.0529560645235839,-0.0391168419451955,-0.1728904472727868,-0.1631259900993975,-0.1609228972335704,-0.1964346530529631,-0.1961888389129267,-0.0391121194249417,-0.1728794064465664,-0.1631146528780142,-0.1609160110175567,-0.1964085394766894,-0.1961326277610877,-0.0170316758803496,-0.0300262352777919,-0.0176401196299049,-0.0150709000018306,-0.1407632224600331,-0.140334623887323,-0.0918176532065505,-0.2640333196200848,-0.250573517311816,-0.2629630844594285,-0.1691189058033812,-0.1671653815026433,-0.0590130547854711,-0.2624238875355379,-0.2551681497514608,-0.259251046036533,-0.1871909645279049,-0.1852736257916989,-0.2936728855243152,-0.7618985851043136,-0.6942351992761703,-0.7208520161595969,0.0253079828897598,0.0252169034660526,-0.170915054721389,-0.2029618953589162,-0.1168167152870516,-0.1931897964809939,-0.0146587756915064,-0.0188487129543817,1.1892838674966095,1.197838696710477,-0.0834587840195169,1.1986038576719913,-0.0887977253698474,-0.0904370818830761,-0.1356812134041293,-0.1930708918224852,-0.1345464749557279,-0.1653285809506343,-0.0031749902209437,-0.0040940903633603,1.023860363345962,0.7874346980684294,-0.3499327749819623,0.9391059237493712,-0.004357614038573,-0.0041943702405639,-0.0119253896692196,-0.115534281150478,-0.1373232770907919,-0.0556552571284946,-0.0260596888205881,-0.0276597140284855,-0.0931447270142624,-0.1437067244867594,-0.0977185991261648,-0.1274622504830055,0.0031432964315106,0.0024263098865888,-0.0730746351691853,-0.1911168841935064,-0.1887158089232799,-0.1938392575187512,-0.047722125340837,-0.0481706839301534,1.1023703207991185,0.8209646897776766,-0.301754266335682,1.0176364324775369,0.1831327449045568,0.1827480852580912,1.3350771055467014,0.0079223806220699,-0.4246718150208637,0.4647654923300368,0.1430014050880673,0.1425252107913369,0.6601173970186788,-0.3757145314126718,-1.0598683976058427,0.1423388428816934,0.1855973669005454,0.1854920038455318,0.9194056593800308,-0.3232768943111545,-0.5770993762832375,-0.0080998297724479,0.241128277049832,0.2414064458179459,0.0182794000374458,-0.0874901561101501,-0.1311553038955873,-0.0975235937715251,-0.1206134067031157,-0.1197924596125166
71989402,42,1,0.9995504,0.99845684,0.999441044,HIGH,CRITICAL,BOTH_HIGH,STRONG_CORROBORATION,0.001093559999999938,2,1,0.97896556,0.97896556,1.0,"73160850,71748770","Both XGBoost and GraphSAGE assign high fraud risk, providing strong corroborating model evidence.",-0.1727576211194446,0.0811716841432292,0.463609225588836,-0.1219695997591005,-0.0637245732388369,-0.1130020092847624,-0.0615837940730322,-0.1634083250770323,-0.1692261707334771,-0.0497069643940398,-0.1657122349330466,-0.0287412858566647,-0.0353905526008135,-0.0631999532943942,-0.0132816148700588,-0.0541479804390381,-0.1709189918175532,-0.1729081406182527,-0.1757313612907979,-0.2432996524586214,-0.2434516511662217,-0.139731758463753,-0.1489122421701475,-0.0801472696533522,-0.1556618959091316,-0.010763009512837,-0.0121074517774784,-0.1397335582750665,-0.1489075412445332,-0.0801467358465918,-0.1556618659368351,-0.0106685610738475,-0.0120051821184178,-0.0246688306562535,-0.0312723904866303,-0.0230451563960962,-0.0262146551774309,0.0014278137097094,0.0014826437872997,-0.2272154464478222,-0.2393683687143703,-0.0752555315462277,-0.2349515175665409,0.0374680287743863,0.0434442213339417,-0.2272033238276858,-0.2432360925423977,-0.0978946778840727,-0.2358964234692872,0.0365766503766988,0.0423451348069101,-0.4140150641309962,-0.4883484051631351,-0.2325526205785921,-0.4675636144449362,0.0487668178548852,0.0529560645235839,-0.0391168419451955,-0.1728904472727868,-0.1631259900993975,-0.1609228972335704,-0.1964346530529631,-0.1961888389129267,-0.0391121194249417,-0.1728794064465664,-0.1631146528780142,-0.1609160110175567,-0.1964085394766894,-0.1961326277610877,-0.0170316758803496,-0.0300262352777919,-0.0176401196299049,-0.0150709000018306,-0.1407632224600331,-0.140334623887323,-0.0918176532065505,-0.2640333196200848,-0.250573517311816,-0.2629630844594285,-0.1691189058033812,-0.1671653815026433,-0.0590130547854711,-0.2624238875355379,-0.2551681497514608,-0.259251046036533,-0.1871909645279049,-0.1852736257916989,-0.2936728855243152,-0.7618985851043136,-0.6942351992761703,-0.7208520161595969,0.0253079828897598,0.0252169034660526,-0.1707798024212016,-0.2028557137398283,-0.1168167152870516,-0.1930574488210442,-0.0146587756915064,-0.0188487129543817,1.1892838674966095,1.197838696710477,-0.0834587840195169,1.1986038576719913,-0.0887977253698474,-0.0904370818830761,-0.0322630594943516,-0.1144555125965433,-0.1345464749557279,-0.0665361431734939,-0.0031749902209437,-0.0040940903633603,1.5539093776639068,1.3011283510936915,-0.3499327749819623,1.4814926049495385,-0.004357614038573,-0.0041943702405639,-0.1164246038907396,-0.1766172824237854,-0.1373232770907919,-0.1524643713004826,-0.0260596888205881,-0.0276597140284855,-0.0931447270142624,-0.1437067244867594,-0.0977185991261648,-0.1274622504830055,0.0031432964315106,0.0024263098865888,-0.0730746351691853,-0.1911168841935064,-0.1887158089232799,-0.1938392575187512,-0.047722125340837,-0.0481706839301534,1.1023703207991185,0.8209646897776766,-0.301754266335682,1.0176364324775369,0.1831327449045568,0.1827480852580912,1.3350771055467014,0.0079223806220699,-0.4246718150208637,0.4647654923300368,0.1430014050880673,0.1425252107913369,0.6601173970186788,-0.3757145314126718,-1.0598683976058427,0.1423388428816934,0.1855973669005454,0.1854920038455318,0.9194056593800308,-0.3232768943111545,-0.5770993762832375,-0.0080998297724479,0.241128277049832,0.2414064458179459,0.0182794000374458,-0.0874901561101501,-0.1311553038955873,-0.0975235937715251,-0.1206134067031157,-0.1197924596125166
71990821,42,1,0.9999033,0.9949102,0.99940399,HIGH,CRITICAL,BOTH_HIGH,STRONG_CORROBORATION,0.004993100000000084,2,0,0.0,0.0,0.0,"73160850,32264149","Both XGBoost and GraphSAGE assign high fraud risk, providing strong corroborating model evidence.",-0.1726751555482674,0.0204454089084061,0.463609225588836,-0.1219695997591005,-0.0637245732388369,-0.1130020092847624,-0.0615837940730322,-0.1633254646468601,-0.1691444715892448,-0.0497069643940398,-0.1656294669728848,-0.0287412858566647,-0.0353905526008135,-0.0631999532943942,-0.0132816148700588,-0.0529558843348146,-0.170834208968847,-0.1729081406182527,-0.1755361003822954,-0.2432996524586214,-0.2434516511662217,-0.1397317233022319,-0.1489122197338933,-0.0801472696533522,-0.1556618661152621,-0.010763009512837,-0.0121074517774784,-0.1397335231082087,-0.1489075188067846,-0.0801467358465918,-0.1556618361397804,-0.0106685610738475,-0.0120051821184178,-0.0246688306562535,-0.0312723904866303,-0.0230451563960962,-0.0262146551774309,0.0014278137097094,0.0014826437872997,-0.2272154464478222,-0.2393683687143703,-0.0752555315462277,-0.2349515175665409,0.0374680287743863,0.0434442213339417,-0.2272033238276858,-0.2432360925423977,-0.0978946778840727,-0.2358964234692872,0.0365766503766988,0.0423451348069101,-0.4140062443366196,-0.4883410697738911,-0.2325526205785921,-0.4675551514891356,0.0487668178548852,0.0529560645235839,-0.0391168419451955,-0.1728904472727868,-0.1631259900993975,-0.1609228972335704,-0.1964346530529631,-0.1961888389129267,-0.0391121194249417,-0.1728794064465664,-0.1631146528780142,-0.1609160110175567,-0.1964085394766894,-0.1961326277610877,-0.0170316758803496,-0.0300262352777919,-0.0176401196299049,-0.0150709000018306,-0.1407632224600331,-0.140334623887323,-0.0918176532065505,-0.2640333196200848,-0.250573517311816,-0.2629630844594285,-0.1691189058033812,-0.1671653815026433,-0.0590130547854711,-0.2624238875355379,-0.2551681497514608,-0.259251046036533,-0.1871909645279049,-0.1852736257916989,-0.2936728855243152,-0.7618985851043136,-0.6942351992761703,-0.7208520161595969,0.0253079828897598,0.0252169034660526,-0.1491008754458598,-0.1858363834723294,-0.1168167152870516,-0.1718440923647769,-0.0146587756915064,-0.0188487129543817,1.1892518395600504,1.197806128467826,-0.0834587840195169,1.1985713779875906,-0.0887977253698474,-0.0904370818830761,0.0849378835248849,-0.0253628704175557,-0.1345464749557279,0.0454226032643054,-0.0031749902209437,-0.0040940903633603,1.5539093776639068,1.3011283510936915,-0.3499327749819623,1.4814926049495385,-0.004357614038573,-0.0041943702405639,-0.1164246038907396,-0.1766172824237854,-0.1373232770907919,-0.1524643713004826,-0.0260596888205881,-0.0276597140284855,-0.0617556719070424,-0.1252568783800208,-0.0977185991261648,-0.1010274706354492,0.0031432964315106,0.0024263098865888,-0.0730746351691853,-0.1911168841935064,-0.1887158089232799,-0.1938392575187512,-0.047722125340837,-0.0481706839301534,1.1023703207991185,0.8209646897776766,-0.301754266335682,1.0176364324775369,0.1831327449045568,0.1827480852580912,1.3350771055467014,0.0079223806220699,-0.4246718150208637,0.4647654923300368,0.1430014050880673,0.1425252107913369,0.6601173970186788,-0.3757145314126718,-1.0598683976058427,0.1423388428816934,0.1855973669005454,0.1854920038455318,0.9194056593800308,-0.3232768943111545,-0.5770993762832375,-0.0080998297724479,0.241128277049832,0.2414064458179459,0.0182794000374458,-0.0874901561101501,-0.1311553038955873,-0.0975235937715251,-0.1206134067031157,-0.1197924596125166
71990017,42,1,0.9998029,0.9956501,0.99938762,HIGH,CRITICAL,BOTH_HIGH,STRONG_CORROBORATION,0.0041528000000000675,2,0,0.0,0.0,0.0,"73160850,71482482","Both XGBoost and GraphSAGE assign high fraud risk, providing strong corroborating model evidence.",-0.1724487997586452,0.038067935839296,1.018601901343969,-0.1219695997591005,-0.0637245732388369,-0.1130020092847624,-0.0615837940730322,-0.163093429937846,-0.1689156888383075,-0.0497069643940398,-0.1653976912083622,-0.0287412858566647,-0.0353905526008135,-0.0631999532943942,-0.0132816148700588,-0.0496837569351571,-0.1706014925953182,-0.1729081406182527,-0.1750001380831741,-0.2432996524586214,-0.2434516511662217,-0.13973162483915,-0.1489121569054755,-0.0801472696533522,-0.155661782683257,-0.010763009512837,-0.0121074517774784,-0.1397334246301822,-0.1489074559741822,-0.0801467358465918,-0.1556617526988555,-0.0106685610738475,-0.0120051821184178,-0.0246688306562535,-0.0312723904866303,-0.0230451563960962,-0.0262146551774309,0.0014278137097094,0.0014826437872997,-0.2272154464478222,-0.2393683687143703,-0.0752555315462277,-0.2349515175665409,0.0374680287743863,0.0434442213339417,-0.2272033238276858,-0.2432360925423977,-0.0978946778840727,-0.2358964234692872,0.0365766503766988,0.0423451348069101,-0.4140062443366196,-0.4883410697738911,-0.2325526205785921,-0.4675551514891356,0.0487668178548852,0.0529560645235839,-0.0391168419451955,-0.1728904472727868,-0.1631259900993975,-0.1609228972335704,-0.1964346530529631,-0.1961888389129267,-0.0391121194249417,-0.1728794064465664,-0.1631146528780142,-0.1609160110175567,-0.1964085394766894,-0.1961326277610877,-0.0170316758803496,-0.0300262352777919,-0.0176401196299049,-0.0150709000018306,-0.1407632224600331,-0.140334623887323,-0.0918176532065505,-0.2640333196200848,-0.250573517311816,-0.2629630844594285,-0.1691189058033812,-0.1671653815026433,-0.0590130547854711,-0.2624238875355379,-0.2551681497514608,-0.259251046036533,-0.1871909645279049,-0.1852736257916989,-0.2936728855243152,-0.7618985851043136,-0.6942351992761703,-0.7208520161595969,0.0253079828897598,0.0252169034660526,0.0315312388913963,-0.0440287370736343,-0.1168167152870516,0.0049088176498126,-0.0146587756915064,-0.0188487129543817,1.1892518395600504,1.197806128467826,-0.0834587840195169,1.1985713779875906,-0.0887977253698474,-0.0904370818830761,-0.1575607381528438,-0.2097030503978951,-0.1345464749557279,-0.1862294721927707,-0.0031749902209437,-0.0040940903633603,1.023860363345962,0.7874346980684294,-0.3499327749819623,0.9391059237493712,-0.004357614038573,-0.0041943702405639,-0.1164246038907396,-0.1766172824237854,-0.1373232770907919,-0.1524643713004826,-0.0260596888205881,-0.0276597140284855,-0.0931447270142624,-0.1437067244867594,-0.0977185991261648,-0.1274622504830055,0.0031432964315106,0.0024263098865888,-0.0730746351691853,-0.1911168841935064,-0.1887158089232799,-0.1938392575187512,-0.047722125340837,-0.0481706839301534,1.1023703207991185,0.8209646897776766,-0.301754266335682,1.0176364324775369,0.1831327449045568,0.1827480852580912,1.3350771055467014,0.0079223806220699,-0.4246718150208637,0.4647654923300368,0.1430014050880673,0.1425252107913369,0.6601173970186788,-0.3757145314126718,-1.0598683976058427,0.1423388428816934,0.1855973669005454,0.1854920038455318,0.9194056593800308,-0.3232768943111545,-0.5770993762832375,-0.0080998297724479,0.241128277049832,0.2414064458179459,0.0182794000374458,-0.0874901561101501,-0.1311553038955873,-0.0975235937715251,-0.1206134067031157,-0.1197924596125166
71989382,42,1,0.99995935,0.99389714,0.999353129,HIGH,CRITICAL,BOTH_HIGH,STRONG_CORROBORATION,0.006062210000000068,2,0,0.0,0.0,0.0,"32264149,73160850","Both XGBoost and GraphSAGE assign high fraud risk, providing strong corroborating model evidence.",-0.1725440507146316,0.0868870982829773,1.5735945770991024,-0.1219695997591005,-0.0637245732388369,-0.1130020092847624,-0.0615837940730322,-0.1631896685664114,-0.1690105786859651,-0.0497069643940398,-0.1654938224372078,-0.0287412858566647,-0.0353905526008135,-0.0631999532943942,-0.0132816148700588,-0.0510606745012908,-0.1706994200973685,-0.1729081406182527,-0.1752256720597921,-0.2432996524586214,-0.2434516511662217,-0.1397316656776608,-0.1489121829641664,-0.0801472696533522,-0.155661817287484,-0.010763009512837,-0.0121074517774784,-0.1397334654748914,-0.1489074820346087,-0.0801467358465918,-0.1556617873067821,-0.0106685610738475,-0.0120051821184178,-0.0246688306562535,-0.0312723904866303,-0.0230451563960962,-0.0262146551774309,0.0014278137097094,0.0014826437872997,-0.2272154464478222,-0.2393683687143703,-0.0752555315462277,-0.2349515175665409,0.0374680287743863,0.0434442213339417,-0.2272033238276858,-0.2432360925423977,-0.0978946778840727,-0.2358964234692872,0.0365766503766988,0.0423451348069101,-0.4140062443366196,-0.4883410697738911,-0.2325526205785921,-0.4675551514891356,0.0487668178548852,0.0529560645235839,-0.0391168419451955,-0.1728904472727868,-0.1631259900993975,-0.1609228972335704,-0.1964346530529631,-0.1961888389129267,-0.0391121194249417,-0.1728794064465664,-0.1631146528780142,-0.1609160110175567,-0.1964085394766894,-0.1961326277610877,-0.0170316758803496,-0.0300262352777919,-0.0176401196299049,-0.0150709000018306,-0.1407632224600331,-0.140334623887323,-0.0918176532065505,-0.2640333196200848,-0.250573517311816,-0.2629630844594285,-0.1691189058033812,-0.1671653815026433,-0.0590130547854711,-0.2624238875355379,-0.2551681497514608,-0.259251046036533,-0.1871909645279049,-0.1852736257916989,-0.2936728855243152,-0.7618985851043136,-0.6942351992761703,-0.7208520161595969,0.0253079828897598,0.0252169034660526,-0.1491008754458598,-0.1858363834723294,-0.1168167152870516,-0.1718440923647769,-0.0146587756915064,-0.0188487129543817,1.1892518395600504,1.197806128467826,-0.0834587840195169,1.1985713779875906,-0.0887977253698474,-0.0904370818830761,0.0849378835248849,-0.0253628704175557,-0.1345464749557279,0.0454226032643054,-0.0031749902209437,-0.0040940903633603,1.5539093776639068,1.3011283510936915,-0.3499327749819623,1.4814926049495385,-0.004357614038573,-0.0041943702405639,-0.1164246038907396,-0.1766172824237854,-0.1373232770907919,-0.1524643713004826,-0.0260596888205881,-0.0276597140284855,-0.0617556719070424,-0.1252568783800208,-0.0977185991261648,-0.1010274706354492,0.0031432964315106,0.0024263098865888,-0.0730746351691853,-0.1911168841935064,-0.1887158089232799,-0.1938392575187512,-0.047722125340837,-0.0481706839301534,1.1023703207991185,0.8209646897776766,-0.301754266335682,1.0176364324775369,0.1831327449045568,0.1827480852580912,1.3350771055467014,0.0079223806220699,-0.4246718150208637,0.4647654923300368,0.1430014050880673,0.1425252107913369,0.6601173970186788,-0.3757145314126718,-1.0598683976058427,0.1423388428816934,0.1855973669005454,0.1854920038455318,0.9194056593800308,-0.3232768943111545,-0.5770993762832375,-0.0080998297724479,0.241128277049832,0.2414064458179459,0.0182794000374458,-0.0874901561101501,-0.1311553038955873,-0.0975235937715251,-0.1206134067031157,-0.1197924596125166
73161180,42,1,0.99987996,0.9944306,0.999335024,HIGH,CRITICAL,BOTH_HIGH,STRONG_CORROBORATION,0.005449359999999959,2,0,0.0,0.0,0.0,"73160850,32264149","Both XGBoost and GraphSAGE assign high fraud risk, providing strong corroborating model evidence.",-0.1726751859507631,0.0421163541882842,1.018601901343969,-0.1219695997591005,-0.0637245732388369,-0.1130020092847624,-0.0615837940730322,-0.1633249554597182,-0.1691439695383424,-0.0497069643940398,-0.1656289583539821,-0.0287412858566647,-0.0353905526008135,-0.0631999532943942,-0.0132816148700588,-0.0529563238236361,-0.1708342402256509,-0.1729081406182527,-0.1755361723689299,-0.2432996524586214,-0.2434516511662217,-0.1397317230861602,-0.1489122195960198,-0.0801472696533522,-0.1556618659321753,-0.010763009512837,-0.0121074517774784,-0.1397335228921041,-0.148907518668902,-0.0801467358465918,-0.155661835956674,-0.0106685610738475,-0.0120051821184178,-0.0246688306562535,-0.0312723904866303,-0.0230451563960962,-0.0262146551774309,0.0014278137097094,0.0014826437872997,-0.2272154464478222,-0.2393683687143703,-0.0752555315462277,-0.2349515175665409,0.0374680287743863,0.0434442213339417,-0.2272033238276858,-0.2432360925423977,-0.0978946778840727,-0.2358964234692872,0.0365766503766988,0.0423451348069101,-0.4140201089161064,-0.4883526008916132,-0.2325526205785921,-0.4675684551239351,0.0487668178548852,0.0529560645235839,-0.0391168419451955,-0.1728904472727868,-0.1631259900993975,-0.1609228972335704,-0.1964346530529631,-0.1961888389129267,-0.0391121194249417,-0.1728794064465664,-0.1631146528780142,-0.1609160110175567,-0.1964085394766894,-0.1961326277610877,-0.0170316758803496,-0.0300262352777919,-0.0176401196299049,-0.0150709000018306,-0.1407632224600331,-0.140334623887323,-0.0918176532065505,-0.2640333196200848,-0.250573517311816,-0.2629630844594285,-0.1691189058033812,-0.1671653815026433,-0.0590130547854711,-0.2624238875355379,-0.2551681497514608,-0.259251046036533,-0.1871909645279049,-0.1852736257916989,-0.2936728855243152,-0.7618985851043136,-0.6942351992761703,-0.7208520161595969,0.0253079828897598,0.0252169034660526,-0.1491008754458598,-0.1858363834723294,-0.1168167152870516,-0.1718440923647769,-0.0146587756915064,-0.0188487129543817,1.1892518395600504,1.197806128467826,-0.0834587840195169,1.1985713779875906,-0.0887977253698474,-0.0904370818830761,0.0849378835248849,-0.0253628704175557,-0.1345464749557279,0.0454226032643054,-0.0031749902209437,-0.0040940903633603,1.5539093776639068,1.3011283510936915,-0.3499327749819623,1.4814926049495385,-0.004357614038573,-0.0041943702405639,-0.1164246038907396,-0.1766172824237854,-0.1373232770907919,-0.1524643713004826,-0.0260596888205881,-0.0276597140284855,-0.0617556719070424,-0.1252568783800208,-0.0977185991261648,-0.1010274706354492,0.0031432964315106,0.0024263098865888,-0.0730746351691853,-0.1911168841935064,-0.1887158089232799,-0.1938392575187512,-0.047722125340837,-0.0481706839301534,1.1023703207991185,0.8209646897776766,-0.301754266335682,1.0176364324775369,0.1831327449045568,0.1827480852580912,1.3350771055467014,0.0079223806220699,-0.4246718150208637,0.4647654923300368,0.1430014050880673,0.1425252107913369,0.6601173970186788,-0.3757145314126718,-1.0598683976058427,0.1423388428816934,0.1855973669005454,0.1854920038455318,0.9194056593800308,-0.3232768943111545,-0.5770993762832375,-0.0080998297724479,0.241128277049832,0.2414064458179459,0.0182794000374458,-0.0874901561101501,-0.1311553038955873,-0.0975235937715251,-0.1206134067031157,-0.1197924596125166
71989375,42,1,0.99964094,0.99651897,0.999328743,HIGH,CRITICAL,BOTH_HIGH,STRONG_CORROBORATION,0.0031219700000000294,2,0,0.00229721575,0.00229721575,0.0,"73160850,71781383","Both XGBoost and GraphSAGE assign high fraud risk, providing strong corroborating model evidence.",-0.1726875584419274,0.0878396673062686,1.5735945770991024,-0.1219695997591005,-0.0637245732388369,-0.1130020092847624,-0.0615837940730322,-0.1633364743828825,-0.169155327024214,-0.0497069643940398,-0.165640464422338,-0.0287412858566647,-0.0353905526008135,-0.0631999532943942,-0.0132816148700588,-0.0531351766261563,-0.1708469603830636,-0.1729081406182527,-0.1755654677928345,-0.2432996524586214,-0.2434516511662217,-0.1397317279741732,-0.1489122227150175,-0.0801472696533522,-0.155661870073999,-0.010763009512837,-0.0121074517774784,-0.139733527780859,-0.1489075217881074,-0.0801467358465918,-0.1556618400989405,-0.0106685610738475,-0.0120051821184178,-0.0246688306562535,-0.0312723904866303,-0.0230451563960962,-0.0262146551774309,0.0014278137097094,0.0014826437872997,-0.2272154464478222,-0.2393683687143703,-0.0752555315462277,-0.2349515175665409,0.0374680287743863,0.0434442213339417,-0.2272033238276858,-0.2432360925423977,-0.0978946778840727,-0.2358964234692872,0.0365766503766988,0.0423451348069101,-0.4140150641309962,-0.4883484051631351,-0.2325526205785921,-0.4675636144449362,0.0487668178548852,0.0529560645235839,-0.0391168419451955,-0.1728904472727868,-0.1631259900993975,-0.1609228972335704,-0.1964346530529631,-0.1961888389129267,-0.0391121194249417,-0.1728794064465664,-0.1631146528780142,-0.1609160110175567,-0.1964085394766894,-0.1961326277610877,-0.0170316758803496,-0.0300262352777919,-0.0176401196299049,-0.0150709000018306,-0.1407632224600331,-0.140334623887323,-0.0918176532065505,-0.2640333196200848,-0.250573517311816,-0.2629630844594285,-0.1691189058033812,-0.1671653815026433,-0.0590130547854711,-0.2624238875355379,-0.2551681497514608,-0.259251046036533,-0.1871909645279049,-0.1852736257916989,-0.2936728855243152,-0.7618985851043136,-0.6942351992761703,-0.7208520161595969,0.0253079828897598,0.0252169034660526,-0.1665967521009817,-0.1995717543904396,-0.1168167152870516,-0.1889642325092656,-0.0146587756915064,-0.0188487129543817,1.1892838674966095,1.197838696710477,-0.0834587840195169,1.1986038576719913,-0.0887977253698474,-0.0904370818830761,0.0609121959045984,-0.0436264776472944,-0.1345464749557279,0.0224715433241825,-0.0031749902209437,-0.0040940903633603,1.5539093776639068,1.3011283510936915,-0.3499327749819623,1.4814926049495385,-0.004357614038573,-0.0041943702405639,0.1970730387738202,0.0066317213961366,-0.1373232770907919,0.1379629712154814,-0.0260596888205881,-0.0276597140284855,-0.0883156416131517,-0.1408682866241842,-0.0977185991261648,-0.1233953612756891,0.0031432964315106,0.0024263098865888,-0.0730746351691853,-0.1911168841935064,-0.1887158089232799,-0.1938392575187512,-0.047722125340837,-0.0481706839301534,1.1023703207991185,0.8209646897776766,-0.301754266335682,1.0176364324775369,0.1831327449045568,0.1827480852580912,1.3350771055467014,0.0079223806220699,-0.4246718150208637,0.4647654923300368,0.1430014050880673,0.1425252107913369,0.6601173970186788,-0.3757145314126718,-1.0598683976058427,0.1423388428816934,0.1855973669005454,0.1854920038455318,0.9194056593800308,-0.3232768943111545,-0.5770993762832375,-0.0080998297724479,0.241128277049832,0.2414064458179459,0.0182794000374458,-0.0874901561101501,-0.1311553038955873,-0.0975235937715251,-0.1206134067031157,-0.1197924596125166
71990171,42,1,0.9995503,0.99682885,0.999278155,HIGH,CRITICAL,BOTH_HIGH,STRONG_CORROBORATION,0.002721450000000014,2,0,0.00229721575,0.00229721575,0.0,"71781383,73160850","Both XGBoost and GraphSAGE assign high fraud risk, providing strong corroborating model evidence.",-0.1727389227645981,0.0364009400485361,1.018601901343969,-0.1219695997591005,-0.0637245732388369,-0.1130020092847624,-0.0615837940730322,-0.1633903101133958,-0.1692084082489061,-0.0497069643940398,-0.1656942400736247,-0.0287412858566647,-0.0353905526008135,-0.0631999532943942,-0.0132816148700588,-0.053877682960348,-0.1708997680400739,-0.1729081406182527,-0.1756870875690166,-0.2432996524586214,-0.2434516511662217,-0.1397317508191689,-0.1489122372922063,-0.0801472696533522,-0.1556618894315467,-0.010763009512837,-0.0121074517774784,-0.1397335506293222,-0.1489075363662671,-0.0801467358465918,-0.1556618594585577,-0.0106685610738475,-0.0120051821184178,-0.0246688306562535,-0.0312723904866303,-0.0230451563960962,-0.0262146551774309,0.0014278137097094,0.0014826437872997,-0.2272154464478222,-0.2393683687143703,-0.0752555315462277,-0.2349515175665409,0.0374680287743863,0.0434442213339417,-0.2272033238276858,-0.2432360925423977,-0.0978946778840727,-0.2358964234692872,0.0365766503766988,0.0423451348069101,-0.4140150641309962,-0.4883484051631351,-0.2325526205785921,-0.4675636144449362,0.0487668178548852,0.0529560645235839,-0.0391168419451955,-0.1728904472727868,-0.1631259900993975,-0.1609228972335704,-0.1964346530529631,-0.1961888389129267,-0.0391121194249417,-0.1728794064465664,-0.1631146528780142,-0.1609160110175567,-0.1964085394766894,-0.1961326277610877,-0.0170316758803496,-0.0300262352777919,-0.0176401196299049,-0.0150709000018306,-0.1407632224600331,-0.140334623887323,-0.0918176532065505,-0.2640333196200848,-0.250573517311816,-0.2629630844594285,-0.1691189058033812,-0.1671653815026433,-0.0590130547854711,-0.2624238875355379,-0.2551681497514608,-0.259251046036533,-0.1871909645279049,-0.1852736257916989,-0.2936728855243152,-0.7618985851043136,-0.6942351992761703,-0.7208520161595969,0.0253079828897598,0.0252169034660526,-0.1665967521009817,-0.1995717543904396,-0.1168167152870516,-0.1889642325092656,-0.0146587756915064,-0.0188487129543817,1.1892838674966095,1.197838696710477,-0.0834587840195169,1.1986038576719913,-0.0887977253698474,-0.0904370818830761,0.0609121959045984,-0.0436264776472944,-0.1345464749557279,0.0224715433241825,-0.0031749902209437,-0.0040940903633603,1.5539093776639068,1.3011283510936915,-0.3499327749819623,1.4814926049495385,-0.004357614038573,-0.0041943702405639,0.1970730387738202,0.0066317213961366,-0.1373232770907919,0.1379629712154814,-0.0260596888205881,-0.0276597140284855,-0.0883156416131517,-0.1408682866241842,-0.0977185991261648,-0.1233953612756891,0.0031432964315106,0.0024263098865888,-0.0730746351691853,-0.1911168841935064,-0.1887158089232799,-0.1938392575187512,-0.047722125340837,-0.0481706839301534,1.1023703207991185,0.8209646897776766,-0.301754266335682,1.0176364324775369,0.1831327449045568,0.1827480852580912,1.3350771055467014,0.0079223806220699,-0.4246718150208637,0.4647654923300368,0.1430014050880673,0.1425252107913369,0.6601173970186788,-0.3757145314126718,-1.0598683976058427,0.1423388428816934,0.1855973669005454,0.1854920038455318,0.9194056593800308,-0.3232768943111545,-0.5770993762832375,-0.0080998297724479,0.241128277049832,0.2414064458179459,0.0182794000374458,-0.0874901561101501,-0.1311553038955873,-0.0975235937715251,-0.1206134067031157,-0.1197924596125166
71988920,42,1,0.9997712,0.99466175,0.999260255,HIGH,CRITICAL,BOTH_HIGH,STRONG_CORROBORATION,0.00510944999999996,2,0,0.0,0.0,0.0,"71759115,73160850","Both XGBoost and GraphSAGE assign high fraud risk, providing strong corroborating model evidence.",-0.1725654376088499,0.1192744450748829,1.018601901343969,-0.1219695997591005,-0.0637245732388369,-0.1130020092847624,-0.0615837940730322,-0.1632107430413308,-0.1690313578028787,-0.0497069643940398,-0.1655148733935803,-0.0287412858566647,-0.0353905526008135,-0.0631999532943942,-0.0132816148700588,-0.051369836651205,-0.1707214079620121,-0.1729081406182527,-0.1752763116701834,-0.2432996524586214,-0.2434516511662217,-0.1397316746205373,-0.1489121886705365,-0.0801472696533522,-0.155661824865168,-0.010763009512837,-0.0121074517774784,-0.1397334744191252,-0.1489074877413588,-0.0801467358465918,-0.1556617948852762,-0.0106685610738475,-0.0120051821184178,-0.0246688306562535,-0.0312723904866303,-0.0230451563960962,-0.0262146551774309,0.0014278137097094,0.0014826437872997,-0.2272154464478222,-0.2393683687143703,-0.0752555315462277,-0.2349515175665409,0.0374680287743863,0.0434442213339417,-0.2272033238276858,-0.2432360925423977,-0.0978946778840727,-0.2358964234692872,0.0365766503766988,0.0423451348069101,-0.4140150641309962,-0.4883484051631351,-0.2325526205785921,-0.4675636144449362,0.0487668178548852,0.0529560645235839,-0.0391168419451955,-0.1728904472727868,-0.1631259900993975,-0.1609228972335704,-0.1964346530529631,-0.1961888389129267,-0.0391121194249417,-0.1728794064465664,-0.1631146528780142,-0.1609160110175567,-0.1964085394766894,-0.1961326277610877,-0.0170316758803496,-0.0300262352777919,-0.0176401196299049,-0.0150709000018306,-0.1407632224600331,-0.140334623887323,-0.0918176532065505,-0.2640333196200848,-0.250573517311816,-0.2629630844594285,-0.1691189058033812,-0.1671653815026433,-0.0590130547854711,-0.2624238875355379,-0.2551681497514608,-0.259251046036533,-0.1871909645279049,-0.1852736257916989,-0.2936728855243152,-0.7618985851043136,-0.6942351992761703,-0.7208520161595969,0.0253079828897598,0.0252169034660526,-0.1707659661299361,-0.2028448513751462,-0.1168167152870516,-0.1930439096740661,-0.0146587756915064,-0.0188487129543817,1.1892838674966095,1.197838696710477,-0.0834587840195169,1.1986038576719913,-0.0887977253698474,-0.0904370818830761,-0.0799798956234057,-0.1507284204558379,-0.1345464749557279,-0.1121186873012313,-0.0031749902209437,-0.0040940903633603,1.023860363345962,0.7874346980684294,-0.3499327749819623,0.9391059237493712,-0.004357614038573,-0.0041943702405639,-0.1164246038907396,-0.1766172824237854,-0.1373232770907919,-0.1524643713004826,-0.0260596888205881,-0.0276597140284855,-0.0931447270142624,-0.1437067244867594,-0.0977185991261648,-0.1274622504830055,0.0031432964315106,0.0024263098865888,-0.0730746351691853,-0.1911168841935064,-0.1887158089232799,-0.1938392575187512,-0.047722125340837,-0.0481706839301534,1.1023703207991185,0.8209646897776766,-0.301754266335682,1.0176364324775369,0.1831327449045568,0.1827480852580912,1.3350771055467014,0.0079223806220699,-0.4246718150208637,0.4647654923300368,0.1430014050880673,0.1425252107913369,0.6601173970186788,-0.3757145314126718,-1.0598683976058427,0.1423388428816934,0.1855973669005454,0.1854920038455318,0.9194056593800308,-0.3232768943111545,-0.5770993762832375,-0.0080998297724479,0.241128277049832,0.2414064458179459,0.0182794000374458,-0.0874901561101501,-0.1311553038955873,-0.0975235937715251,-0.1206134067031157,-0.1197924596125166
71988265,42,1,0.9997009,0.99523455,0.999254265,HIGH,CRITICAL,BOTH_HIGH,STRONG_CORROBORATION,0.004466349999999952,2,1,0.974886739,0.974886739,1.0,"71748458,73160850","Both XGBoost and GraphSAGE assign high fraud risk, providing strong corroborating model evidence.",-0.1729557647176372,0.1516617918667885,1.5735945770991024,-0.1219695997591005,-0.0637245732388369,-0.1130020092847624,-0.0615837940730322,-0.1636092977569983,-0.1694243267885828,-0.0497069643940398,-0.1659129833329096,-0.0287412858566647,-0.0353905526008135,-0.0631999532943942,-0.0132816148700588,-0.0570122813601444,-0.1711227032387908,-0.1729081406182527,-0.1762005231294268,-0.2432996524586214,-0.2434516511662217,-0.1397317753709668,-0.1489122529584904,-0.0801472696533522,-0.1556619102353413,-0.010763009512837,-0.0121074517774784,-0.1397335751848465,-0.1489075520335947,-0.0801467358465918,-0.1556618802645764,-0.0106685610738475,-0.0120051821184178,-0.0246688306562535,-0.0312723904866303,-0.0230451563960962,-0.0262146551774309,0.0014278137097094,0.0014826437872997,-0.227196524273966,-0.2393505523383234,-0.0752555315462277,-0.2349329965172349,0.0374680287743863,0.0434442213339417,-0.2271836297253252,-0.2432168296810611,-0.0978946778840727,-0.2358768473412729,0.0365766503766988,0.0423451348069101,-0.4140062443366196,-0.4883410697738911,-0.2325526205785921,-0.4675551514891356,0.0487668178548852,0.0529560645235839,-0.0391168419451955,-0.1728904472727868,-0.1631259900993975,-0.1609228972335704,-0.1964346530529631,-0.1961888389129267,-0.0391121194249417,-0.1728794064465664,-0.1631146528780142,-0.1609160110175567,-0.1964085394766894,-0.1961326277610877,-0.0170316758803496,-0.0300262352777919,-0.0176401196299049,-0.0150709000018306,-0.1407632224600331,-0.140334623887323,-0.0918176532065505,-0.2640333196200848,-0.250573517311816,-0.2629630844594285,-0.1691189058033812,-0.1671653815026433,-0.0590130547854711,-0.2624238875355379,-0.2551681497514608,-0.259251046036533,-0.1871909645279049,-0.1852736257916989,-0.2936728855243152,-0.7618985851043136,-0.6942351992761703,-0.7208520161595969,0.0253079828897598,0.0252169034660526,-0.171075511645524,-0.2030878642036227,-0.1168167152870516,-0.1933468074774986,-0.0146587756915064,-0.0188487129543817,1.1892838674966095,1.197838696710477,-0.0834587840195169,1.1986038576719913,-0.0887977253698474,-0.0904370818830761,-0.0417724170962007,-0.121684241072171,-0.1345464749557279,-0.0756201635670588,-0.0031749902209437,-0.0040940903633603,1.5539093776639068,1.3011283510936915,-0.3499327749819623,1.4814926049495385,-0.004357614038573,-0.0041943702405639,-0.1164246038907396,-0.1766172824237854,-0.1373232770907919,-0.1524643713004826,-0.0260596888205881,-0.0276597140284855,-0.0955592697148178,-0.145125943418047,-0.0977185991261648,-0.1294956950866637,0.0031432964315106,0.0024263098865888,-0.0730746351691853,-0.1911168841935064,-0.1887158089232799,-0.1938392575187512,-0.047722125340837,-0.0481706839301534,1.1023703207991185,0.8209646897776766,-0.301754266335682,1.0176364324775369,0.1831327449045568,0.1827480852580912,1.3350771055467014,0.0079223806220699,-0.4246718150208637,0.4647654923300368,0.1430014050880673,0.1425252107913369,0.6601173970186788,-0.3757145314126718,-1.0598683976058427,0.1423388428816934,0.1855973669005454,0.1854920038455318,0.9194056593800308,-0.3232768943111545,-0.5770993762832375,-0.0080998297724479,0.241128277049832,0.2414064458179459,0.0182794000374458,-0.0874901561101501,-0.1311553038955873,-0.0975235937715251,-0.1206134067031157,-0.1197924596125166
71988438,42,1,0.99963486,0.995707,0.999242074,HIGH,CRITICAL,BOTH_HIGH,STRONG_CORROBORATION,0.003927860000000005,2,0,0.0275425944618,0.0275425944618,0.0,"73160850,71769536","Both XGBoost and GraphSAGE assign high fraud risk, providing strong corroborating model evidence.",-0.1721614766837806,0.1461845199828633,1.5735945770991024,-0.1219695997591005,-0.0637245732388369,-0.1130020092847624,-0.0615837940730322,-0.1627967605360865,-0.1686231772475121,-0.0497069643940398,-0.1651013528816721,-0.0287412858566647,-0.0353905526008135,-0.0631999532943942,-0.0132816148700588,-0.045530305824466,-0.170306095759544,-0.1729081406182527,-0.1743198182378017,-0.2432996524586214,-0.2434516511662217,-0.1397314989485721,-0.1489120765758163,-0.0801472696533522,-0.1556616760107545,-0.010763009512837,-0.0121074517774784,-0.1397332987204969,-0.1489073756391726,-0.0801467358465918,-0.1556616460149487,-0.0106685610738475,-0.0120051821184178,-0.0246688306562535,-0.0312723904866303,-0.0230451563960962,-0.0262146551774309,0.0014278137097094,0.0014826437872997,-0.2272154464478222,-0.2393683687143703,-0.0752555315462277,-0.2349515175665409,0.0374680287743863,0.0434442213339417,-0.2272033238276858,-0.2432360925423977,-0.0978946778840727,-0.2358964234692872,0.0365766503766988,0.0423451348069101,-0.4140150641309962,-0.4883484051631351,-0.2325526205785921,-0.4675636144449362,0.0487668178548852,0.0529560645235839,-0.0391168419451955,-0.1728904472727868,-0.1631259900993975,-0.1609228972335704,-0.1964346530529631,-0.1961888389129267,-0.0391121194249417,-0.1728794064465664,-0.1631146528780142,-0.1609160110175567,-0.1964085394766894,-0.1961326277610877,-0.0170316758803496,-0.0300262352777919,-0.0176401196299049,-0.0150709000018306,-0.1407632224600331,-0.140334623887323,-0.0918176532065505,-0.2640333196200848,-0.250573517311816,-0.2629630844594285,-0.1691189058033812,-0.1671653815026433,-0.0590130547854711,-0.2624238875355379,-0.2551681497514608,-0.259251046036533,-0.1871909645279049,-0.1852736257916989,-0.2936728855243152,-0.7618985851043136,-0.6942351992761703,-0.7208520161595969,0.0253079828897598,0.0252169034660526,-0.1698089680319526,-0.2020935472763098,-0.1168167152870516,-0.1921074637972206,-0.0146587756915064,-0.0188487129543817,1.1892838674966095,1.197838696710477,-0.0834587840195169,1.1986038576719913,-0.0887977253698474,-0.0904370818830761,0.0813690958601423,-0.0280757557769808,-0.1345464749557279,0.0420134413330599,-0.0031749902209437,-0.0040940903633603,1.5539093776639068,1.3011283510936915,-0.3499327749819623,1.4814926049495385,-0.004357614038573,-0.0041943702405639,-0.0119253896692196,-0.115534281150478,-0.1373232770907919,-0.0556552571284946,-0.0260596888205881,-0.0276597140284855,-0.0859010989125963,-0.1394490676928966,-0.0977185991261648,-0.1213619166720309,0.0031432964315106,0.0024263098865888,-0.0730746351691853,-0.1911168841935064,-0.1887158089232799,-0.1938392575187512,-0.047722125340837,-0.0481706839301534,1.1023703207991185,0.8209646897776766,-0.301754266335682,1.0176364324775369,0.1831327449045568,0.1827480852580912,1.3350771055467014,0.0079223806220699,-0.4246718150208637,0.4647654923300368,0.1430014050880673,0.1425252107913369,0.6601173970186788,-0.3757145314126718,-1.0598683976058427,0.1423388428816934,0.1855973669005454,0.1854920038455318,0.9194056593800308,-0.3232768943111545,-0.5770993762832375,-0.0080998297724479,0.241128277049832,0.2414064458179459,0.0182794000374458,-0.0874901561101501,-0.1311553038955873,-0.0975235937715251,-0.1206134067031157,-0.1197924596125166
71988444,42,1,0.9995459,0.9963117,0.99922248,HIGH,CRITICAL,BOTH_HIGH,STRONG_CORROBORATION,0.003234199999999965,2,0,0.0,0.0,0.0,"73160850,71802908","Both XGBoost and GraphSAGE assign high fraud risk, providing strong corroborating model evidence.",-0.1729609215359761,0.1438030974246349,1.5735945770991024,-0.1219695997591005,-0.0637245732388369,-0.1130020092847624,-0.0615837940730322,-0.1636147698731115,-0.1694297222131862,-0.0497069643940398,-0.1659184493422885,-0.0287412858566647,-0.0353905526008135,-0.0631999532943942,-0.0132816148700588,-0.0570868266881427,-0.171128004963411,-0.1729081406182527,-0.1762127333769211,-0.2432996524586214,-0.2434516511662217,-0.1397318460678487,-0.1489122980695426,-0.0801472696533522,-0.1556619701398507,-0.010763009512837,-0.0121074517774784,-0.1397336458924586,-0.1489075971476515,-0.0801467358465918,-0.1556619401754902,-0.0106685610738475,-0.0120051821184178,-0.0246688306562535,-0.0312723904866303,-0.0230451563960962,-0.0262146551774309,0.0014278137097094,0.0014826437872997,-0.2272154464478222,-0.2393683687143703,-0.0752555315462277,-0.2349515175665409,0.0374680287743863,0.0434442213339417,-0.2272033238276858,-0.2432360925423977,-0.0978946778840727,-0.2358964234692872,0.0365766503766988,0.0423451348069101,-0.4140150641309962,-0.4883484051631351,-0.2325526205785921,-0.4675636144449362,0.0487668178548852,0.0529560645235839,-0.0391168419451955,-0.1728904472727868,-0.1631259900993975,-0.1609228972335704,-0.1964346530529631,-0.1961888389129267,-0.0391121194249417,-0.1728794064465664,-0.1631146528780142,-0.1609160110175567,-0.1964085394766894,-0.1961326277610877,-0.0170316758803496,-0.0300262352777919,-0.0176401196299049,-0.0150709000018306,-0.1407632224600331,-0.140334623887323,-0.0918176532065505,-0.2640333196200848,-0.250573517311816,-0.2629630844594285,-0.1691189058033812,-0.1671653815026433,-0.0590130547854711,-0.2624238875355379,-0.2551681497514608,-0.259251046036533,-0.1871909645279049,-0.1852736257916989,-0.2936728855243152,-0.7618985851043136,-0.6942351992761703,-0.7208520161595969,0.0253079828897598,0.0252169034660526,-0.1607971519636329,-0.1950187010834543,-0.1168167152870516,-0.1832891829481256,-0.0146587756915064,-0.0188487129543817,1.1892838674966095,1.197838696710477,-0.0834587840195169,1.1986038576719913,-0.0887977253698474,-0.0904370818830761,-0.1713846500102303,-0.2202115736306975,-0.1345464749557279,-0.1994350642515786,-0.0031749902209437,-0.0040940903633603,-0.0362376652899277,-0.2399526079820951,-0.3499327749819623,-0.1456674386509633,-0.004357614038573,-0.0041943702405639,-0.1164246038907396,-0.1766172824237854,-0.1373232770907919,-0.1524643713004826,-0.0260596888205881,-0.0276597140284855,-0.0931447270142624,-0.1437067244867594,-0.0977185991261648,-0.1274622504830055,0.0031432964315106,0.0024263098865888,-0.0730746351691853,-0.1911168841935064,-0.1887158089232799,-0.1938392575187512,-0.047722125340837,-0.0481706839301534,1.1023703207991185,0.8209646897776766,-0.301754266335682,1.0176364324775369,0.1831327449045568,0.1827480852580912,1.3350771055467014,0.0079223806220699,-0.4246718150208637,0.4647654923300368,0.1430014050880673,0.1425252107913369,0.6601173970186788,-0.3757145314126718,-1.0598683976058427,0.1423388428816934,0.1855973669005454,0.1854920038455318,0.9194056593800308,-0.3232768943111545,-0.5770993762832375,-0.0080998297724479,0.241128277049832,0.2414064458179459,0.0182794000374458,-0.0874901561101501,-0.1311553038955873,-0.0975235937715251,-0.1206134067031157,-0.1197924596125166
71990611,42,1,0.99985623,0.993004,0.999171007,HIGH,CRITICAL,BOTH_HIGH,STRONG_CORROBORATION,0.006852230000000015,2,0,0.0,0.0,0.0,"71469451,73160850","Both XGBoost and GraphSAGE assign high fraud risk, providing strong corroborating model evidence.",-0.1724049071962119,0.0261608230481542,1.018601901343969,-0.1219695997591005,-0.0637245732388369,-0.1130020092847624,-0.0615837940730322,-0.1630488182388917,-0.1688717023707048,-0.0497069643940398,-0.1653531292948635,-0.0287412858566647,-0.0353905526008135,-0.0631999532943942,-0.0132816148700588,-0.0490492599937769,-0.170556366654553,-0.1729081406182527,-0.1748962098438509,-0.2432996524586214,-0.2434516511662217,-0.1397316059083383,-0.1489121448258928,-0.0801472696533522,-0.1556617666423659,-0.010763009512837,-0.0121074517774784,-0.1397334056964973,-0.1489074438937949,-0.0801467358465918,-0.1556617366562495,-0.0106685610738475,-0.0120051821184178,-0.0246688306562535,-0.0312723904866303,-0.0230451563960962,-0.0262146551774309,0.0014278137097094,0.0014826437872997,-0.2272154464478222,-0.2393683687143703,-0.0752555315462277,-0.2349515175665409,0.0374680287743863,0.0434442213339417,-0.2272033238276858,-0.2432360925423977,-0.0978946778840727,-0.2358964234692872,0.0365766503766988,0.0423451348069101,-0.4140062443366196,-0.4883410697738911,-0.2325526205785921,-0.4675551514891356,0.0487668178548852,0.0529560645235839,-0.0391168419451955,-0.1728904472727868,-0.1631259900993975,-0.1609228972335704,-0.1964346530529631,-0.1961888389129267,-0.0391121194249417,-0.1728794064465664,-0.1631146528780142,-0.1609160110175567,-0.1964085394766894,-0.1961326277610877,-0.0170316758803496,-0.0300262352777919,-0.0176401196299049,-0.0150709000018306,-0.1407632224600331,-0.140334623887323,-0.0918176532065505,-0.2640333196200848,-0.250573517311816,-0.2629630844594285,-0.1691189058033812,-0.1671653815026433,-0.0590130547854711,-0.2624238875355379,-0.2551681497514608,-0.259251046036533,-0.1871909645279049,-0.1852736257916989,-0.2936728855243152,-0.7618985851043136,-0.6942351992761703,-0.7208520161595969,0.0253079828897598,0.0252169034660526,-0.1566745251631887,-0.1917821780227785,-0.1168167152870516,-0.1792550925176603,-0.0146587756915064,-0.0188487129543817,1.1892518395600504,1.197806128467826,-0.0834587840195169,1.1985713779875906,-0.0887977253698474,-0.0904370818830761,-0.104976969235279,-0.1697304461857751,-0.1345464749557279,-0.1359976848084389,-0.0031749902209437,-0.0040940903633603,-0.0362376652899277,-0.2399526079820951,-0.3499327749819623,-0.1456674386509633,-0.004357614038573,-0.0041943702405639,-0.1164246038907396,-0.1766172824237854,-0.1373232770907919,-0.1524643713004826,-0.0260596888205881,-0.0276597140284855,-0.0931447270142624,-0.1437067244867594,-0.0977185991261648,-0.1274622504830055,0.0031432964315106,0.0024263098865888,-0.0730746351691853,-0.1911168841935064,-0.1887158089232799,-0.1938392575187512,-0.047722125340837,-0.0481706839301534,1.1023703207991185,0.8209646897776766,-0.301754266335682,1.0176364324775369,0.1831327449045568,0.1827480852580912,1.3350771055467014,0.0079223806220699,-0.4246718150208637,0.4647654923300368,0.1430014050880673,0.1425252107913369,0.6601173970186788,-0.3757145314126718,-1.0598683976058427,0.1423388428816934,0.1855973669005454,0.1854920038455318,0.9194056593800308,-0.3232768943111545,-0.5770993762832375,-0.0080998297724479,0.241128277049832,0.2414064458179459,0.0182794000374458,-0.0874901561101501,-0.1311553038955873,-0.0975235937715251,-0.1206134067031157,-0.1197924596125166
73004404,42,1,0.999764,0.9933541,0.99912301,HIGH,CRITICAL,BOTH_HIGH,STRONG_CORROBORATION,0.006409899999999968,2,0,0.0,0.0,0.0,"72690074,73282397","Both XGBoost and GraphSAGE assign high fraud risk, providing strong corroborating model evidence.",-0.1728737350627419,0.026398965303977,0.463609225588836,-0.1219695997591005,-0.0637245732388369,-0.1130020092847624,-0.0615837940730322,-0.1635284923390135,-0.1693446538556163,-0.0497069643940398,-0.165832268091597,-0.0287412858566647,-0.0353905526008135,-0.0631999532943942,-0.0132816148700588,-0.0558264867232357,-0.1710383685555875,-0.1729081406182527,-0.1760062943778355,-0.2432996524586214,-0.2434516511662217,-0.1397317998544927,-0.1489122685812107,-0.0801472696533522,-0.155661930981286,-0.010763009512837,-0.0121074517774784,-0.1397335996720884,-0.1489075676573555,-0.0801467358465918,-0.155661901012739,-0.0106685610738475,-0.0120051821184178,-0.0246688306562535,-0.0312723904866303,-0.0230451563960962,-0.0262146551774309,0.0014278137097094,0.0014826437872997,-0.2272059853608941,-0.2393594605263469,-0.0752555315462277,-0.2349422570418879,0.0374680287743863,0.0434442213339417,-0.2271934767765055,-0.2432264611117294,-0.0978946778840727,-0.23588663540528,0.0365766503766988,0.0423451348069101,-0.4140131079898309,-0.488346778248011,-0.2325526205785921,-0.4675617374469571,0.0487668178548852,0.0529560645235839,-0.0391404935619322,-0.1728939267371846,-0.1631259900993975,-0.1609298346410205,-0.1964346530529631,-0.1961888389129267,-0.0391357759163379,-0.1728828861844369,-0.1631146528780142,-0.1609229486850327,-0.1964085394766894,-0.1961326277610877,-0.0170316758803496,-0.0300262352777919,-0.0176401196299049,-0.0150709000018306,-0.1407632224600331,-0.140334623887323,-0.0936101712396957,-0.2642289589454311,-0.250573517311816,-0.2633578409437596,-0.1691189058033812,-0.1671653815026433,-0.0590130547854711,-0.2624238875355379,-0.2551681497514608,-0.259251046036533,-0.1871909645279049,-0.1852736257916989,-0.2936810473441524,-0.7619015806571866,-0.6942351992761703,-0.7208573595942684,0.0253079828897598,0.0252169034660526,-0.1709257119348229,-0.2029702619462187,-0.1168167152870516,-0.193200224823119,-0.0146587756915064,-0.0188487129543817,1.1894440071794063,1.1980015379237323,-0.0834587840195169,1.198766256093994,-0.0887977253698474,-0.0904370818830761,-0.084016593474027,-0.1537969971065485,-0.1345464749557279,-0.1159748306006034,-0.0031749902209437,-0.0040940903633603,1.023860363345962,0.7874346980684294,-0.3499327749819623,0.9391059237493712,-0.004357614038573,-0.0041943702405639,-0.1164246038907396,-0.1766172824237854,-0.1373232770907919,-0.1524643713004826,-0.0260596888205881,-0.0276597140284855,-0.0931447270142624,-0.1437067244867594,-0.0977185991261648,-0.1274622504830055,0.0031432964315106,0.0024263098865888,-0.1089553583439631,-0.1975603791362314,-0.1887158089232799,-0.2086506273470353,-0.047722125340837,-0.0481706839301534,1.1024302354529412,0.8210173695142786,-0.301754266335682,1.0176950402106444,0.1831327449045568,0.1827480852580912,1.1914386683165432,-0.0365960251579707,-0.4246718150208637,0.3783439491297943,0.1430014050880673,0.1425252107913369,2.289137668697931,1.1924206753212654,-1.0598683976058427,1.9636750367050433,0.1855973669005454,0.1854920038455318,0.3512956493807992,-0.4705921100717775,-0.5770993762832375,-0.31085679696232,0.241128277049832,0.2414064458179459,-0.098888736679456,-0.106714613806669,-0.1311553038955873,-0.1836705632417872,-0.1206134067031157,-0.1197924596125166
73003883,42,1,0.99991524,0.9913322,0.999056936,HIGH,CRITICAL,BOTH_HIGH,STRONG_CORROBORATION,0.008583039999999986,2,0,0.0,0.0,0.0,"73282397,72641335","Both XGBoost and GraphSAGE assign high fraud risk, providing strong corroborating model evidence.",-0.1728336213665287,0.0354483710252448,1.018601901343969,-0.1219695997591005,-0.0637245732388369,-0.1130020092847624,-0.0615837940730322,-0.1634872244958982,-0.1693039643798336,-0.0497069643940398,-0.165791046302284,-0.0287412858566647,-0.0353905526008135,-0.0631999532943942,-0.0132816148700588,-0.0552466158716884,-0.170997127666953,-0.1729081406182527,-0.1759113136888741,-0.2432996524586214,-0.2434516511662217,-0.1397317919444334,-0.1489122635338722,-0.0801472696533522,-0.1556619242787525,-0.010763009512837,-0.0121074517774784,-0.1397335917608286,-0.1489075626096808,-0.0801467358465918,-0.155661894309489,-0.0106685610738475,-0.0120051821184178,-0.0246688306562535,-0.0312723904866303,-0.0230451563960962,-0.0262146551774309,0.0014278137097094,0.0014826437872997,-0.2272154464478222,-0.2393683687143703,-0.0752555315462277,-0.2349515175665409,0.0374680287743863,0.0434442213339417,-0.2272033238276858,-0.2432360925423977,-0.0978946778840727,-0.2358964234692872,0.0365766503766988,0.0423451348069101,-0.4140131079898309,-0.488346778248011,-0.2325526205785921,-0.4675617374469571,0.0487668178548852,0.0529560645235839,-0.0391404935619322,-0.1728939267371846,-0.1631259900993975,-0.1609298346410205,-0.1964346530529631,-0.1961888389129267,-0.0391357759163379,-0.1728828861844369,-0.1631146528780142,-0.1609229486850327,-0.1964085394766894,-0.1961326277610877,-0.0170316758803496,-0.0300262352777919,-0.0176401196299049,-0.0150709000018306,-0.1407632224600331,-0.140334623887323,-0.0936101712396957,-0.2642289589454311,-0.250573517311816,-0.2633578409437596,-0.1691189058033812,-0.1671653815026433,-0.0590130547854711,-0.2624238875355379,-0.2551681497514608,-0.259251046036533,-0.1871909645279049,-0.1852736257916989,-0.2936810473441524,-0.7619015806571866,-0.6942351992761703,-0.7208573595942684,0.0253079828897598,0.0252169034660526,-0.1699443023590714,-0.2021997932917322,-0.1168167152870516,-0.1922398917225143,-0.0146587756915064,-0.0188487129543817,1.1894440071794063,1.1980015379237323,-0.0834587840195169,1.198766256093994,-0.0887977253698474,-0.0904370818830761,-0.0714252526288484,-0.1442254373940209,-0.1345464749557279,-0.1039466787727988,-0.0031749902209437,-0.0040940903633603,1.023860363345962,0.7874346980684294,-0.3499327749819623,0.9391059237493712,-0.004357614038573,-0.0041943702405639,-0.1164246038907396,-0.1766172824237854,-0.1373232770907919,-0.1524643713004826,-0.0260596888205881,-0.0276597140284855,-0.0931447270142624,-0.1437067244867594,-0.0977185991261648,-0.1274622504830055,0.0031432964315106,0.0024263098865888,-0.1089553583439631,-0.1975603791362314,-0.1887158089232799,-0.2086506273470353,-0.047722125340837,-0.0481706839301534,1.1024302354529412,0.8210173695142786,-0.301754266335682,1.0176950402106444,0.1831327449045568,0.1827480852580912,1.1914386683165432,-0.0365960251579707,-0.4246718150208637,0.3783439491297943,0.1430014050880673,0.1425252107913369,2.289137668697931,1.1924206753212654,-1.0598683976058427,1.9636750367050433,0.1855973669005454,0.1854920038455318,0.3512956493807992,-0.4705921100717775,-0.5770993762832375,-0.31085679696232,0.241128277049832,0.2414064458179459,-0.098888736679456,-0.106714613806669,-0.1311553038955873,-0.1836705632417872,-0.1206134067031157,-0.1197924596125166
73001046,42,1,0.99992406,0.99115855,0.999047509,HIGH,CRITICAL,BOTH_HIGH,STRONG_CORROBORATION,0.008765510000000032,2,1,0.970506156,0.970506156,1.0,"72630340,73282397","Both XGBoost and GraphSAGE assign high fraud risk, providing strong corroborating model evidence.",-0.1726684413904698,0.1233228634238711,1.5735945770991024,-0.1219695997591005,-0.0637245732388369,-0.1130020092847624,-0.0615837940730322,-0.1633160301641896,-0.1691351693305086,-0.0497069643940398,-0.1656200430188431,-0.0287412858566647,-0.0353905526008135,-0.0631999532943942,-0.0132816148700588,-0.0528588266022432,-0.170827306143624,-0.1729081406182527,-0.1755202026866549,-0.2432996524586214,-0.2434516511662217,-0.1397317192987436,-0.148912217179303,-0.0801472696533522,-0.1556618627229343,-0.010763009512837,-0.0121074517774784,-0.1397335191041127,-0.1489075162520241,-0.0801467358465918,-0.1556618327470899,-0.0106685610738475,-0.0120051821184178,-0.0246688306562535,-0.0312723904866303,-0.0230451563960962,-0.0262146551774309,0.0014278137097094,0.0014826437872997,-0.2272154464478222,-0.2393683687143703,-0.0752555315462277,-0.2349515175665409,0.0374680287743863,0.0434442213339417,-0.2272033238276858,-0.2432360925423977,-0.0978946778840727,-0.2358964234692872,0.0365766503766988,0.0423451348069101,-0.4140131079898309,-0.488346778248011,-0.2325526205785921,-0.4675617374469571,0.0487668178548852,0.0529560645235839,-0.0391404935619322,-0.1728939267371846,-0.1631259900993975,-0.1609298346410205,-0.1964346530529631,-0.1961888389129267,-0.0391357759163379,-0.1728828861844369,-0.1631146528780142,-0.1609229486850327,-0.1964085394766894,-0.1961326277610877,-0.0170316758803496,-0.0300262352777919,-0.0176401196299049,-0.0150709000018306,-0.1407632224600331,-0.140334623887323,-0.0936101712396957,-0.2642289589454311,-0.250573517311816,-0.2633578409437596,-0.1691189058033812,-0.1671653815026433,-0.0590130547854711,-0.2624238875355379,-0.2551681497514608,-0.259251046036533,-0.1871909645279049,-0.1852736257916989,-0.2936810473441524,-0.7619015806571866,-0.6942351992761703,-0.7208573595942684,0.0253079828897598,0.0252169034660526,-0.1702025258511274,-0.2024025150823045,-0.1168167152870516,-0.192492569679712,-0.0146587756915064,-0.0188487129543817,1.1894440071794063,1.1980015379237323,-0.0834587840195169,1.198766256093994,-0.0887977253698474,-0.0904370818830761,-0.0452489564345111,-0.12432700202025,-0.1345464749557279,-0.0789412032808352,-0.0031749902209437,-0.0040940903633603,1.023860363345962,0.7874346980684294,-0.3499327749819623,0.9391059237493712,-0.004357614038573,-0.0041943702405639,-0.1164246038907396,-0.1766172824237854,-0.1373232770907919,-0.1524643713004826,-0.0260596888205881,-0.0276597140284855,-0.0931447270142624,-0.1437067244867594,-0.0977185991261648,-0.1274622504830055,0.0031432964315106,0.0024263098865888,-0.1089553583439631,-0.1975603791362314,-0.1887158089232799,-0.2086506273470353,-0.047722125340837,-0.0481706839301534,1.1024302354529412,0.8210173695142786,-0.301754266335682,1.0176950402106444,0.1831327449045568,0.1827480852580912,1.1914386683165432,-0.0365960251579707,-0.4246718150208637,0.3783439491297943,0.1430014050880673,0.1425252107913369,2.289137668697931,1.1924206753212654,-1.0598683976058427,1.9636750367050433,0.1855973669005454,0.1854920038455318,0.3512956493807992,-0.4705921100717775,-0.5770993762832375,-0.31085679696232,0.241128277049832,0.2414064458179459,-0.098888736679456,-0.106714613806669,-0.1311553038955873,-0.1836705632417872,-0.1206134067031157,-0.1197924596125166
73219228,42,1,0.9998024,0.9919431,0.99901647,HIGH,CRITICAL,BOTH_HIGH,STRONG_CORROBORATION,0.007859300000000013,1,0,0.0,0.0,0.0,34180566,"Both XGBoost and GraphSAGE assign high fraud risk, providing strong corroborating model evidence.",-0.1728735737150572,0.1223702944005798,1.5735945770991024,-0.1219695997591005,-0.0637245732388369,-0.1130020092847624,-0.0615837940730322,-0.1635259345287244,-0.1693421318929462,-0.0497069643940398,-0.1658297131357553,-0.0287412858566647,-0.0353905526008135,-0.0631999532943942,-0.0132816148700588,-0.0558241543323529,-0.1710382026740426,-0.1729081406182527,-0.1760059123408829,-0.2432996524586214,-0.2434516511662217,-0.1397318083708946,-0.1489122740154511,-0.0801472696533522,-0.1556619381975997,-0.010763009512837,-0.0121074517774784,-0.1397336081897829,-0.1489075730919578,-0.0801467358465918,-0.1556619082298243,-0.0106685610738475,-0.0120051821184178,-0.0246688306562535,-0.0312723904866303,-0.0230451563960962,-0.0262146551774309,0.0014278137097094,0.0014826437872997,-0.2272154464478222,-0.2393683687143703,-0.0752555315462277,-0.2349515175665409,0.0374680287743863,0.0434442213339417,-0.2272033238276858,-0.2432360925423977,-0.0978946778840727,-0.2358964234692872,0.0365766503766988,0.0423451348069101,-0.4139720633436274,-0.4883126415727742,-0.2325526205785921,-0.4675223534191843,0.0487668178548852,0.0529560645235839,-0.0391418311778426,-0.1728941235181061,-0.1631259900993975,-0.1609302269857251,-0.1964346530529631,-0.1961888389129267,-0.0391371138079344,-0.1728830829808247,-0.1631146528780142,-0.1609233410444431,-0.1964085394766894,-0.1961326277610877,-0.0170316758803496,-0.0300262352777919,-0.0176401196299049,-0.0150709000018306,-0.1407632224600331,-0.140334623887323,-0.0938342359938388,-0.2642534138610993,-0.250573517311816,-0.2634071855043009,-0.1691189058033812,-0.1671653815026433,-0.0588908638744741,-0.2624145588671942,-0.2551681497514608,-0.2592320459236382,-0.1871909645279049,-0.1852736257916989,0.7143921972304351,-0.3919183215000166,-0.6942351992761703,-0.0608852413592135,0.0253079828897598,0.0252169034660526,-0.1621313975076894,-0.1960661683127165,-0.1168167152870516,-0.1845947746113316,-0.0146587756915064,-0.0188487129543817,1.1895080630525252,1.1980666744090347,-0.0834587840195169,1.1988312154627951,-0.0887977253698474,-0.0904370818830761,0.0982972194732517,-0.0152075038587613,-0.1345464749557279,0.0581843990953772,-0.0031749902209437,-0.0040940903633603,1.5539093776639068,1.3011283510936915,-0.3499327749819623,1.4814926049495385,-0.004357614038573,-0.0041943702405639,-0.1164246038907396,-0.1766172824237854,-0.1373232770907919,-0.1524643713004826,-0.0260596888205881,-0.0276597140284855,-0.059341129206487,-0.1238376594487332,-0.0977185991261648,-0.098994026031791,0.0031432964315106,0.0024263098865888,-0.0639655238492215,-0.1894810611796557,-0.1887158089232799,-0.1900790652865659,-0.047722125340837,-0.0481706839301534,1.9405463704494443,1.5579278649733288,-0.301754266335682,1.8375293147859704,0.1831327449045568,0.1827480852580912,1.8866149925317992,0.1788626103359698,-0.4246718150208637,0.7966039350602214,0.1430014050880673,0.1425252107913369,-0.968902874660573,-1.943849738146609,-1.0598683976058427,-1.6789973509416565,0.1855973669005454,0.1854920038455318,3.499571954793207,0.345779710601675,-0.5770993762832375,1.3669213962148878,0.241128277049832,0.2414064458179459,-0.098888736679456,-0.106714613806669,-0.1311553038955873,-0.1836705632417872,-0.1206134067031157,-0.1197924596125166
71989982,42,1,0.99995863,0.9900872,0.998971487,HIGH,CRITICAL,BOTH_HIGH,STRONG_CORROBORATION,0.009871430000000014,2,0,0.0,0.0,0.0,"73160850,71461473","Both XGBoost and GraphSAGE assign high fraud risk, providing strong corroborating model evidence.",-0.1727531380759173,0.0509276176537291,1.5735945770991024,-0.1219695997591005,-0.0637245732388369,-0.1130020092847624,-0.0615837940730322,-0.16340449229828,-0.1692223916709807,-0.0497069643940398,-0.1657084064315722,-0.0287412858566647,-0.0353905526008135,-0.0631999532943942,-0.0132816148700588,-0.0540831749857118,-0.1709143828007757,-0.1729081406182527,-0.1757207463985526,-0.2432996524586214,-0.2434516511662217,-0.1397317568373273,-0.1489122411323397,-0.0801472696533522,-0.1556618945309912,-0.010763009512837,-0.0121074517774784,-0.139733556648394,-0.1489075402066563,-0.0801467358465918,-0.1556618645585473,-0.0106685610738475,-0.0120051821184178,-0.0246688306562535,-0.0312723904866303,-0.0230451563960962,-0.0262146551774309,0.0014278137097094,0.0014826437872997,-0.2272154464478222,-0.2393683687143703,-0.0752555315462277,-0.2349515175665409,0.0374680287743863,0.0434442213339417,-0.2272033238276858,-0.2432360925423977,-0.0978946778840727,-0.2358964234692872,0.0365766503766988,0.0423451348069101,-0.4140062443366196,-0.4883410697738911,-0.2325526205785921,-0.4675551514891356,0.0487668178548852,0.0529560645235839,-0.0391168419451955,-0.1728904472727868,-0.1631259900993975,-0.1609228972335704,-0.1964346530529631,-0.1961888389129267,-0.0391121194249417,-0.1728794064465664,-0.1631146528780142,-0.1609160110175567,-0.1964085394766894,-0.1961326277610877,-0.0170316758803496,-0.0300262352777919,-0.0176401196299049,-0.0150709000018306,-0.1407632224600331,-0.140334623887323,-0.0918176532065505,-0.2640333196200848,-0.250573517311816,-0.2629630844594285,-0.1691189058033812,-0.1671653815026433,-0.0590130547854711,-0.2624238875355379,-0.2551681497514608,-0.259251046036533,-0.1871909645279049,-0.1852736257916989,-0.2936728855243152,-0.7618985851043136,-0.6942351992761703,-0.7208520161595969,0.0253079828897598,0.0252169034660526,-0.1598235957268318,-0.1942543977972747,-0.1168167152870516,-0.1823365345303799,-0.0146587756915064,-0.0188487129543817,1.1892518395600504,1.197806128467826,-0.0834587840195169,1.1985713779875906,-0.0887977253698474,-0.0904370818830761,0.0440540921055279,-0.0564415026026849,-0.1345464749557279,0.0063674735100646,-0.0031749902209437,-0.0040940903633603,1.023860363345962,0.7874346980684294,-0.3499327749819623,0.9391059237493712,-0.004357614038573,-0.0041943702405639,-0.1164246038907396,-0.1766172824237854,-0.1373232770907919,-0.1524643713004826,-0.0260596888205881,-0.0276597140284855,-0.0689993000087085,-0.1295145351738836,-0.0977185991261648,-0.1071278044464237,0.0031432964315106,0.0024263098865888,-0.0730746351691853,-0.1911168841935064,-0.1887158089232799,-0.1938392575187512,-0.047722125340837,-0.0481706839301534,1.1023703207991185,0.8209646897776766,-0.301754266335682,1.0176364324775369,0.1831327449045568,0.1827480852580912,1.3350771055467014,0.0079223806220699,-0.4246718150208637,0.4647654923300368,0.1430014050880673,0.1425252107913369,0.6601173970186788,-0.3757145314126718,-1.0598683976058427,0.1423388428816934,0.1855973669005454,0.1854920038455318,0.9194056593800308,-0.3232768943111545,-0.5770993762832375,-0.0080998297724479,0.241128277049832,0.2414064458179459,0.0182794000374458,-0.0874901561101501,-0.1311553038955873,-0.0975235937715251,-0.1206134067031157,-0.1197924596125166
73001042,42,1,0.99991596,0.9900383,0.998928194,HIGH,CRITICAL,BOTH_HIGH,STRONG_CORROBORATION,0.00987766000000001,2,1,0.911141906,0.911141906,1.0,"72637933,73282397","Both XGBoost and GraphSAGE assign high fraud risk, providing strong corroborating model evidence.",-0.1728961479465769,0.1235610056796939,1.5735945770991024,-0.1219695997591005,-0.0637245732388369,-0.1130020092847624,-0.0615837940730322,-0.1635490016097519,-0.1693648756896651,-0.0497069643940398,-0.1658527544745411,-0.0287412858566647,-0.0353905526008135,-0.0631999532943942,-0.0132816148700588,-0.0561504802531737,-0.1710614112400935,-0.1729081406182527,-0.1760593633131172,-0.2432996524586214,-0.2434516511662217,-0.1397318181593262,-0.1489122802613624,-0.0801472696533522,-0.1556619464917589,-0.010763009512837,-0.0121074517774784,-0.1397336179797002,-0.1489075793382851,-0.0801467358465918,-0.1556619165248702,-0.0106685610738475,-0.0120051821184178,-0.0246688306562535,-0.0312723904866303,-0.0230451563960962,-0.0262146551774309,0.0014278137097094,0.0014826437872997,-0.2272154464478222,-0.2393683687143703,-0.0752555315462277,-0.2349515175665409,0.0374680287743863,0.0434442213339417,-0.2272033238276858,-0.2432360925423977,-0.0978946778840727,-0.2358964234692872,0.0365766503766988,0.0423451348069101,-0.4140131079898309,-0.488346778248011,-0.2325526205785921,-0.4675617374469571,0.0487668178548852,0.0529560645235839,-0.0391404935619322,-0.1728939267371846,-0.1631259900993975,-0.1609298346410205,-0.1964346530529631,-0.1961888389129267,-0.0391357759163379,-0.1728828861844369,-0.1631146528780142,-0.1609229486850327,-0.1964085394766894,-0.1961326277610877,-0.0170316758803496,-0.0300262352777919,-0.0176401196299049,-0.0150709000018306,-0.1407632224600331,-0.140334623887323,-0.0936101712396957,-0.2642289589454311,-0.250573517311816,-0.2633578409437596,-0.1691189058033812,-0.1671653815026433,-0.0590130547854711,-0.2624238875355379,-0.2551681497514608,-0.259251046036533,-0.1871909645279049,-0.1852736257916989,-0.2936810473441524,-0.7619015806571866,-0.6942351992761703,-0.7208573595942684,0.0253079828897598,0.0252169034660526,-0.1706624218003153,-0.2027635625205295,-0.1168167152870516,-0.1929425890332534,-0.0146587756915064,-0.0188487129543817,1.1894440071794063,1.1980015379237323,-0.0834587840195169,1.198766256093994,-0.0887977253698474,-0.0904370818830761,-0.0638586670101728,-0.1384735459187903,-0.1345464749557279,-0.0967185335134031,-0.0031749902209437,-0.0040940903633603,1.5539093776639068,1.3011283510936915,-0.3499327749819623,1.4814926049495385,-0.004357614038573,-0.0041943702405639,-0.1164246038907396,-0.1766172824237854,-0.1373232770907919,-0.1524643713004826,-0.0260596888205881,-0.0276597140284855,-0.0931447270142624,-0.1437067244867594,-0.0977185991261648,-0.1274622504830055,0.0031432964315106,0.0024263098865888,-0.1089553583439631,-0.1975603791362314,-0.1887158089232799,-0.2086506273470353,-0.047722125340837,-0.0481706839301534,1.1024302354529412,0.8210173695142786,-0.301754266335682,1.0176950402106444,0.1831327449045568,0.1827480852580912,1.1914386683165432,-0.0365960251579707,-0.4246718150208637,0.3783439491297943,0.1430014050880673,0.1425252107913369,2.289137668697931,1.1924206753212654,-1.0598683976058427,1.9636750367050433,0.1855973669005454,0.1854920038455318,0.3512956493807992,-0.4705921100717775,-0.5770993762832375,-0.31085679696232,0.241128277049832,0.2414064458179459,-0.098888736679456,-0.106714613806669,-0.1311553038955873,-0.1836705632417872,-0.1206134067031157,-0.1197924596125166
73001401,42,1,0.99996877,0.98941797,0.99891369,HIGH,CRITICAL,BOTH_HIGH,STRONG_CORROBORATION,0.010550799999999971,2,0,0.0,0.0,0.0,"73282397,40764117","Both XGBoost and GraphSAGE assign high fraud risk, providing strong corroborating model evidence.",-0.1723462822908052,0.113320888679312,1.018601901343969,-0.1219695997591005,-0.0637245732388369,-0.1130020092847624,-0.0615837940730322,-0.1629866632681665,-0.1688104184996523,-0.0497069643940398,-0.1652910436874132,-0.0287412858566647,-0.0353905526008135,-0.0631999532943942,-0.0132816148700588,-0.0482017969816588,-0.1704960943928738,-0.1729081406182527,-0.1747573985541552,-0.2432996524586214,-0.2434516511662217,-0.1397315795331034,-0.1489121279960897,-0.0801472696533522,-0.1556617442934946,-0.010763009512837,-0.0121074517774784,-0.1397333793172591,-0.1489074270628709,-0.0801467358465918,-0.1556617143049889,-0.0106685610738475,-0.0120051821184178,-0.0246688306562535,-0.0312723904866303,-0.0230451563960962,-0.0262146551774309,0.0014278137097094,0.0014826437872997,-0.2272154464478222,-0.2393683687143703,-0.0752555315462277,-0.2349515175665409,0.0374680287743863,0.0434442213339417,-0.2272033238276858,-0.2432360925423977,-0.0978946778840727,-0.2358964234692872,0.0365766503766988,0.0423451348069101,-0.4140131079898309,-0.488346778248011,-0.2325526205785921,-0.4675617374469571,0.0487668178548852,0.0529560645235839,-0.0391404935619322,-0.1728939267371846,-0.1631259900993975,-0.1609298346410205,-0.1964346530529631,-0.1961888389129267,-0.0391357759163379,-0.1728828861844369,-0.1631146528780142,-0.1609229486850327,-0.1964085394766894,-0.1961326277610877,-0.0170316758803496,-0.0300262352777919,-0.0176401196299049,-0.0150709000018306,-0.1407632224600331,-0.140334623887323,-0.0936101712396957,-0.2642289589454311,-0.250573517311816,-0.2633578409437596,-0.1691189058033812,-0.1671653815026433,-0.0590130547854711,-0.2624238875355379,-0.2551681497514608,-0.259251046036533,-0.1871909645279049,-0.1852736257916989,-0.2936810473441524,-0.7619015806571866,-0.6942351992761703,-0.7208573595942684,0.0253079828897598,0.0252169034660526,-0.1602147939977662,-0.1945615132085071,-0.1168167152870516,-0.1827193315376233,-0.0146587756915064,-0.0188487129543817,1.1894440071794063,1.1980015379237323,-0.0834587840195169,1.198766256093994,-0.0887977253698474,-0.0904370818830761,0.0558418722276891,-0.0474807856540515,-0.1345464749557279,0.0176280065037707,-0.0031749902209437,-0.0040940903633603,1.5539093776639068,1.3011283510936915,-0.3499327749819623,1.4814926049495385,-0.004357614038573,-0.0041943702405639,-0.1164246038907396,-0.1766172824237854,-0.1373232770907919,-0.1524643713004826,-0.0260596888205881,-0.0276597140284855,-0.0665847573081531,-0.128095316242596,-0.0977185991261648,-0.1050943598427655,0.0031432964315106,0.0024263098865888,-0.1089553583439631,-0.1975603791362314,-0.1887158089232799,-0.2086506273470353,-0.047722125340837,-0.0481706839301534,1.1024302354529412,0.8210173695142786,-0.301754266335682,1.0176950402106444,0.1831327449045568,0.1827480852580912,1.1914386683165432,-0.0365960251579707,-0.4246718150208637,0.3783439491297943,0.1430014050880673,0.1425252107913369,2.289137668697931,1.1924206753212654,-1.0598683976058427,1.9636750367050433,0.1855973669005454,0.1854920038455318,0.3512956493807992,-0.4705921100717775,-0.5770993762832375,-0.31085679696232,0.241128277049832,0.2414064458179459,-0.098888736679456,-0.106714613806669,-0.1311553038955873,-0.1836705632417872,-0.1206134067031157,-0.1197924596125166
73002816,42,1,0.99986064,0.9902372,0.998898296,HIGH,CRITICAL,BOTH_HIGH,STRONG_CORROBORATION,0.009623439999999928,2,0,0.442982032,0.442982032,0.0,"72642610,73282397","Both XGBoost and GraphSAGE assign high fraud risk, providing strong corroborating model evidence.",-0.1729583614818404,0.0537853247236031,1.018601901343969,-0.1219695997591005,-0.0637245732388369,-0.1130020092847624,-0.0615837940730322,-0.1636143948558135,-0.1694293524517421,-0.0497069643940398,-0.1659180747434997,-0.0287412858566647,-0.0353905526008135,-0.0631999532943942,-0.0132816148700588,-0.0570498193586811,-0.17112537297191,-0.1729081406182527,-0.1762066717139844,-0.2432996524586214,-0.2434516511662217,-0.1397318459087115,-0.1489122979679986,-0.0801472696533522,-0.1556619700050069,-0.010763009512837,-0.0121074517774784,-0.1397336457332973,-0.1489075970461007,-0.0801467358465918,-0.1556619400406319,-0.0106685610738475,-0.0120051821184178,-0.0246688306562535,-0.0312723904866303,-0.0230451563960962,-0.0262146551774309,0.0014278137097094,0.0014826437872997,-0.2272154464478222,-0.2393683687143703,-0.0752555315462277,-0.2349515175665409,0.0374680287743863,0.0434442213339417,-0.2272033238276858,-0.2432360925423977,-0.0978946778840727,-0.2358964234692872,0.0365766503766988,0.0423451348069101,-0.4140131079898309,-0.488346778248011,-0.2325526205785921,-0.4675617374469571,0.0487668178548852,0.0529560645235839,-0.0391404935619322,-0.1728939267371846,-0.1631259900993975,-0.1609298346410205,-0.1964346530529631,-0.1961888389129267,-0.0391357759163379,-0.1728828861844369,-0.1631146528780142,-0.1609229486850327,-0.1964085394766894,-0.1961326277610877,-0.0170316758803496,-0.0300262352777919,-0.0176401196299049,-0.0150709000018306,-0.1407632224600331,-0.140334623887323,-0.0936101712396957,-0.2642289589454311,-0.250573517311816,-0.2633578409437596,-0.1691189058033812,-0.1671653815026433,-0.0590130547854711,-0.2624238875355379,-0.2551681497514608,-0.259251046036533,-0.1871909645279049,-0.1852736257916989,-0.2936810473441524,-0.7619015806571866,-0.6942351992761703,-0.7208573595942684,0.0253079828897598,0.0252169034660526,-0.1702760092008258,-0.2024602041643842,-0.1168167152870516,-0.1925644749217254,-0.0146587756915064,-0.0188487129543817,1.1894440071794063,1.1980015379237323,-0.0834587840195169,1.198766256093994,-0.0887977253698474,-0.0904370818830761,-0.0776625732064053,-0.1489668614479272,-0.1345464749557279,-0.1099050147298682,-0.0031749902209437,-0.0040940903633603,1.023860363345962,0.7874346980684294,-0.3499327749819623,0.9391059237493712,-0.004357614038573,-0.0041943702405639,-0.1164246038907396,-0.1766172824237854,-0.1373232770907919,-0.1524643713004826,-0.0260596888205881,-0.0276597140284855,-0.0931447270142624,-0.1437067244867594,-0.0977185991261648,-0.1274622504830055,0.0031432964315106,0.0024263098865888,-0.1089553583439631,-0.1975603791362314,-0.1887158089232799,-0.2086506273470353,-0.047722125340837,-0.0481706839301534,1.1024302354529412,0.8210173695142786,-0.301754266335682,1.0176950402106444,0.1831327449045568,0.1827480852580912,1.1914386683165432,-0.0365960251579707,-0.4246718150208637,0.3783439491297943,0.1430014050880673,0.1425252107913369,2.289137668697931,1.1924206753212654,-1.0598683976058427,1.9636750367050433,0.1855973669005454,0.1854920038455318,0.3512956493807992,-0.4705921100717775,-0.5770993762832375,-0.31085679696232,0.241128277049832,0.2414064458179459,-0.098888736679456,-0.106714613806669,-0.1311553038955873,-0.1836705632417872,-0.1206134067031157,-0.1197924596125166
73003335,42,1,0.9999651,0.9887876,0.99884735,HIGH,CRITICAL,BOTH_HIGH,STRONG_CORROBORATION,0.011177500000000062,2,0,0.0,0.0,0.0,"3762812,73282397","Both XGBoost and GraphSAGE assign high fraud risk, providing strong corroborating model evidence.",-0.1726897630643964,0.0473554838163866,1.018601901343969,-0.1219695997591005,-0.0637245732388369,-0.1130020092847624,-0.0615837940730322,-0.1633397393760234,-0.1691585462585937,-0.0497069643940398,-0.1656437257718344,-0.0287412858566647,-0.0353905526008135,-0.0631999532943942,-0.0132816148700588,-0.0531670459483369,-0.1708492269552898,-0.1729081406182527,-0.1755706878692867,-0.2432996524586214,-0.2434516511662217,-0.1397317293596611,-0.148912223599085,-0.0801472696533522,-0.1556618712479825,-0.010763009512837,-0.0121074517774784,-0.1397335291665573,-0.1489075226722338,-0.0801467358465918,-0.1556618412730495,-0.0106685610738475,-0.0120051821184178,-0.0246688306562535,-0.0312723904866303,-0.0230451563960962,-0.0262146551774309,0.0014278137097094,0.0014826437872997,-0.2272154464478222,-0.2393683687143703,-0.0752555315462277,-0.2349515175665409,0.0374680287743863,0.0434442213339417,-0.2272033238276858,-0.2432360925423977,-0.0978946778840727,-0.2358964234692872,0.0365766503766988,0.0423451348069101,-0.4140131079898309,-0.488346778248011,-0.2325526205785921,-0.4675617374469571,0.0487668178548852,0.0529560645235839,-0.0391404935619322,-0.1728939267371846,-0.1631259900993975,-0.1609298346410205,-0.1964346530529631,-0.1961888389129267,-0.0391357759163379,-0.1728828861844369,-0.1631146528780142,-0.1609229486850327,-0.1964085394766894,-0.1961326277610877,-0.0170316758803496,-0.0300262352777919,-0.0176401196299049,-0.0150709000018306,-0.1407632224600331,-0.140334623887323,-0.0936101712396957,-0.2642289589454311,-0.250573517311816,-0.2633578409437596,-0.1691189058033812,-0.1671653815026433,-0.0590130547854711,-0.2624238875355379,-0.2551681497514608,-0.259251046036533,-0.1871909645279049,-0.1852736257916989,-0.2936810473441524,-0.7619015806571866,-0.6942351992761703,-0.7208573595942684,0.0253079828897598,0.0252169034660526,-0.1526879931238998,-0.1886524979663902,-0.1168167152870516,-0.1753541741156584,-0.0146587756915064,-0.0188487129543817,1.1894440071794063,1.1980015379237323,-0.0834587840195169,1.198766256093994,-0.0887977253698474,-0.0904370818830761,0.069999211770975,-0.0367188006934922,-0.1345464749557279,0.0311521126016236,-0.0031749902209437,-0.0040940903633603,1.5539093776639068,1.3011283510936915,-0.3499327749819623,1.4814926049495385,-0.004357614038573,-0.0041943702405639,-0.1164246038907396,-0.1766172824237854,-0.1373232770907919,-0.1524643713004826,-0.0260596888205881,-0.0276597140284855,-0.0641702146075978,-0.1266760973113084,-0.0977185991261648,-0.1030609152391074,0.0031432964315106,0.0024263098865888,-0.1089553583439631,-0.1975603791362314,-0.1887158089232799,-0.2086506273470353,-0.047722125340837,-0.0481706839301534,1.1024302354529412,0.8210173695142786,-0.301754266335682,1.0176950402106444,0.1831327449045568,0.1827480852580912,1.1914386683165432,-0.0365960251579707,-0.4246718150208637,0.3783439491297943,0.1430014050880673,0.1425252107913369,2.289137668697931,1.1924206753212654,-1.0598683976058427,1.9636750367050433,0.1855973669005454,0.1854920038455318,0.3512956493807992,-0.4705921100717775,-0.5770993762832375,-0.31085679696232,0.241128277049832,0.2414064458179459,-0.098888736679456,-0.106714613806669,-0.1311553038955873,-0.1836705632417872,-0.1206134067031157,-0.1197924596125166
73003348,42,1,0.99991477,0.988991,0.998822393,HIGH,CRITICAL,BOTH_HIGH,STRONG_CORROBORATION,0.01092377,2,0,0.0,0.0,0.0,"73282397,72713172","Both XGBoost and GraphSAGE assign high fraud risk, providing strong corroborating model evidence.",-0.1728529629675396,0.0414019274208157,1.018601901343969,-0.1219695997591005,-0.0637245732388369,-0.1130020092847624,-0.0615837940730322,-0.1635068653734577,-0.1693233299912026,-0.0497069643940398,-0.1658106652611527,-0.0287412858566647,-0.0353905526008135,-0.0631999532943942,-0.0132816148700588,-0.0555262119126238,-0.1710170127657747,-0.1729081406182527,-0.1759571104805701,-0.2432996524586214,-0.2434516511662217,-0.1397318002789681,-0.1489122688520648,-0.0801472696533522,-0.1556619313409623,-0.010763009512837,-0.0121074517774784,-0.1397336000966283,-0.1489075679282276,-0.0801467358465918,-0.1556619013724538,-0.0106685610738475,-0.0120051821184178,-0.0246688306562535,-0.0312723904866303,-0.0230451563960962,-0.0262146551774309,0.0014278137097094,0.0014826437872997,-0.2272154464478222,-0.2393683687143703,-0.0752555315462277,-0.2349515175665409,0.0374680287743863,0.0434442213339417,-0.2272033238276858,-0.2432360925423977,-0.0978946778840727,-0.2358964234692872,0.0365766503766988,0.0423451348069101,-0.4140131079898309,-0.488346778248011,-0.2325526205785921,-0.4675617374469571,0.0487668178548852,0.0529560645235839,-0.0391404935619322,-0.1728939267371846,-0.1631259900993975,-0.1609298346410205,-0.1964346530529631,-0.1961888389129267,-0.0391357759163379,-0.1728828861844369,-0.1631146528780142,-0.1609229486850327,-0.1964085394766894,-0.1961326277610877,-0.0170316758803496,-0.0300262352777919,-0.0176401196299049,-0.0150709000018306,-0.1407632224600331,-0.140334623887323,-0.0936101712396957,-0.2642289589454311,-0.250573517311816,-0.2633578409437596,-0.1691189058033812,-0.1671653815026433,-0.0590130547854711,-0.2624238875355379,-0.2551681497514608,-0.259251046036533,-0.1871909645279049,-0.1852736257916989,-0.2936810473441524,-0.7619015806571866,-0.6942351992761703,-0.7208573595942684,0.0253079828897598,0.0252169034660526,-0.1682601833093335,-0.200877653208421,-0.1168167152870516,-0.1905919403383192,-0.0146587756915064,-0.0188487129543817,1.1894440071794063,1.1980015379237323,-0.0834587840195169,1.198766256093994,-0.0887977253698474,-0.0904370818830761,-0.0894170105599766,-0.157902232223785,-0.1345464749557279,-0.1211336963196698,-0.0031749902209437,-0.0040940903633603,-0.0362376652899277,-0.2399526079820951,-0.3499327749819623,-0.1456674386509633,-0.004357614038573,-0.0041943702405639,-0.1164246038907396,-0.1766172824237854,-0.1373232770907919,-0.1524643713004826,-0.0260596888205881,-0.0276597140284855,-0.0931447270142624,-0.1437067244867594,-0.0977185991261648,-0.1274622504830055,0.0031432964315106,0.0024263098865888,-0.1089553583439631,-0.1975603791362314,-0.1887158089232799,-0.2086506273470353,-0.047722125340837,-0.0481706839301534,1.1024302354529412,0.8210173695142786,-0.301754266335682,1.0176950402106444,0.1831327449045568,0.1827480852580912,1.1914386683165432,-0.0365960251579707,-0.4246718150208637,0.3783439491297943,0.1430014050880673,0.1425252107913369,2.289137668697931,1.1924206753212654,-1.0598683976058427,1.9636750367050433,0.1855973669005454,0.1854920038455318,0.3512956493807992,-0.4705921100717775,-0.5770993762832375,-0.31085679696232,0.241128277049832,0.2414064458179459,-0.098888736679456,-0.106714613806669,-0.1311553038955873,-0.1836705632417872,-0.1206134067031157,-0.1197924596125166
73000085,42,1,0.9999659,0.98822623,0.998791933,HIGH,CRITICAL,BOTH_HIGH,STRONG_CORROBORATION,0.01173966999999998,2,0,0.0,0.0,0.0,"40764117,73282397","Both XGBoost and GraphSAGE assign high fraud risk, providing strong corroborating model evidence.",-0.1725376316250393,0.1673791807510957,1.5735945770991024,-0.1219695997591005,-0.0637245732388369,-0.1130020092847624,-0.0615837940730322,-0.163181094087271,-0.1690021243778406,-0.0497069643940398,-0.1654852575269554,-0.0287412858566647,-0.0353905526008135,-0.0631999532943942,-0.0132816148700588,-0.0509678821809751,-0.1706928206317494,-0.1729081406182527,-0.1752104730228162,-0.2432996524586214,-0.2434516511662217,-0.1397316620391118,-0.1489121806424407,-0.0801472696533522,-0.155661814204385,-0.010763009512837,-0.0121074517774784,-0.1397334618357902,-0.1489074797127283,-0.0801467358465918,-0.1556617842233534,-0.0106685610738475,-0.0120051821184178,-0.0246688306562535,-0.0312723904866303,-0.0230451563960962,-0.0262146551774309,0.0014278137097094,0.0014826437872997,-0.2272154464478222,-0.2393683687143703,-0.0752555315462277,-0.2349515175665409,0.0374680287743863,0.0434442213339417,-0.2272033238276858,-0.2432360925423977,-0.0978946778840727,-0.2358964234692872,0.0365766503766988,0.0423451348069101,-0.4140131079898309,-0.488346778248011,-0.2325526205785921,-0.4675617374469571,0.0487668178548852,0.0529560645235839,-0.0391404935619322,-0.1728939267371846,-0.1631259900993975,-0.1609298346410205,-0.1964346530529631,-0.1961888389129267,-0.0391357759163379,-0.1728828861844369,-0.1631146528780142,-0.1609229486850327,-0.1964085394766894,-0.1961326277610877,-0.0170316758803496,-0.0300262352777919,-0.0176401196299049,-0.0150709000018306,-0.1407632224600331,-0.140334623887323,-0.0936101712396957,-0.2642289589454311,-0.250573517311816,-0.2633578409437596,-0.1691189058033812,-0.1671653815026433,-0.0590130547854711,-0.2624238875355379,-0.2551681497514608,-0.259251046036533,-0.1871909645279049,-0.1852736257916989,-0.2936810473441524,-0.7619015806571866,-0.6942351992761703,-0.7208573595942684,0.0253079828897598,0.0252169034660526,-0.1602147939977662,-0.1945615132085071,-0.1168167152870516,-0.1827193315376233,-0.0146587756915064,-0.0188487129543817,1.1894440071794063,1.1980015379237323,-0.0834587840195169,1.198766256093994,-0.0887977253698474,-0.0904370818830761,0.0558418722276891,-0.0474807856540515,-0.1345464749557279,0.0176280065037707,-0.0031749902209437,-0.0040940903633603,1.5539093776639068,1.3011283510936915,-0.3499327749819623,1.4814926049495385,-0.004357614038573,-0.0041943702405639,-0.1164246038907396,-0.1766172824237854,-0.1373232770907919,-0.1524643713004826,-0.0260596888205881,-0.0276597140284855,-0.0665847573081531,-0.128095316242596,-0.0977185991261648,-0.1050943598427655,0.0031432964315106,0.0024263098865888,-0.1089553583439631,-0.1975603791362314,-0.1887158089232799,-0.2086506273470353,-0.047722125340837,-0.0481706839301534,1.1024302354529412,0.8210173695142786,-0.301754266335682,1.0176950402106444,0.1831327449045568,0.1827480852580912,1.1914386683165432,-0.0365960251579707,-0.4246718150208637,0.3783439491297943,0.1430014050880673,0.1425252107913369,2.289137668697931,1.1924206753212654,-1.0598683976058427,1.9636750367050433,0.1855973669005454,0.1854920038455318,0.3512956493807992,-0.4705921100717775,-0.5770993762832375,-0.31085679696232,0.241128277049832,0.2414064458179459,-0.098888736679456,-0.106714613806669,-0.1311553038955873,-0.1836705632417872,-0.1206134067031157,-0.1197924596125166
73001461,42,1,0.999966,0.98821217,0.998790617,HIGH,CRITICAL,BOTH_HIGH,STRONG_CORROBORATION,0.011753830000000076,2,0,0.0,0.0,0.0,"40764117,73282397","Both XGBoost and GraphSAGE assign high fraud risk, providing strong corroborating model evidence.",-0.1728368583492618,0.1021282026556387,1.5735945770991024,-0.1219695997591005,-0.0637245732388369,-0.1130020092847624,-0.0615837940730322,-0.1634888739653733,-0.1693055907320536,-0.0497069643940398,-0.1657926939309957,-0.0287412858566647,-0.0353905526008135,-0.0631999532943942,-0.0132816148700588,-0.0552934086659487,-0.1710004556087039,-0.1729081406182527,-0.175918978174553,-0.2432996524586214,-0.2434516511662217,-0.1397317926443798,-0.1489122639805018,-0.0801472696533522,-0.1556619248718471,-0.010763009512837,-0.0121074517774784,-0.1397335924608812,-0.1489075630563401,-0.0801467358465918,-0.1556618949026471,-0.0106685610738475,-0.0120051821184178,-0.0246688306562535,-0.0312723904866303,-0.0230451563960962,-0.0262146551774309,0.0014278137097094,0.0014826437872997,-0.2272154464478222,-0.2393683687143703,-0.0752555315462277,-0.2349515175665409,0.0374680287743863,0.0434442213339417,-0.2272033238276858,-0.2432360925423977,-0.0978946778840727,-0.2358964234692872,0.0365766503766988,0.0423451348069101,-0.4140131079898309,-0.488346778248011,-0.2325526205785921,-0.4675617374469571,0.0487668178548852,0.0529560645235839,-0.0391404935619322,-0.1728939267371846,-0.1631259900993975,-0.1609298346410205,-0.1964346530529631,-0.1961888389129267,-0.0391357759163379,-0.1728828861844369,-0.1631146528780142,-0.1609229486850327,-0.1964085394766894,-0.1961326277610877,-0.0170316758803496,-0.0300262352777919,-0.0176401196299049,-0.0150709000018306,-0.1407632224600331,-0.140334623887323,-0.0936101712396957,-0.2642289589454311,-0.250573517311816,-0.2633578409437596,-0.1691189058033812,-0.1671653815026433,-0.0590130547854711,-0.2624238875355379,-0.2551681497514608,-0.259251046036533,-0.1871909645279049,-0.1852736257916989,-0.2936810473441524,-0.7619015806571866,-0.6942351992761703,-0.7208573595942684,0.0253079828897598,0.0252169034660526,-0.1602147939977662,-0.1945615132085071,-0.1168167152870516,-0.1827193315376233,-0.0146587756915064,-0.0188487129543817,1.1894440071794063,1.1980015379237323,-0.0834587840195169,1.198766256093994,-0.0887977253698474,-0.0904370818830761,0.0558418722276891,-0.0474807856540515,-0.1345464749557279,0.0176280065037707,-0.0031749902209437,-0.0040940903633603,1.5539093776639068,1.3011283510936915,-0.3499327749819623,1.4814926049495385,-0.004357614038573,-0.0041943702405639,-0.1164246038907396,-0.1766172824237854,-0.1373232770907919,-0.1524643713004826,-0.0260596888205881,-0.0276597140284855,-0.0665847573081531,-0.128095316242596,-0.0977185991261648,-0.1050943598427655,0.0031432964315106,0.0024263098865888,-0.1089553583439631,-0.1975603791362314,-0.1887158089232799,-0.2086506273470353,-0.047722125340837,-0.0481706839301534,1.1024302354529412,0.8210173695142786,-0.301754266335682,1.0176950402106444,0.1831327449045568,0.1827480852580912,1.1914386683165432,-0.0365960251579707,-0.4246718150208637,0.3783439491297943,0.1430014050880673,0.1425252107913369,2.289137668697931,1.1924206753212654,-1.0598683976058427,1.9636750367050433,0.1855973669005454,0.1854920038455318,0.3512956493807992,-0.4705921100717775,-0.5770993762832375,-0.31085679696232,0.241128277049832,0.2414064458179459,-0.098888736679456,-0.106714613806669,-0.1311553038955873,-0.1836705632417872,-0.1206134067031157,-0.1197924596125166
73003343,42,1,0.99991775,0.9885965,0.998785625,HIGH,CRITICAL,BOTH_HIGH,STRONG_CORROBORATION,0.01132125000000006,2,1,0.98162325,0.98162325,1.0,"40441445,73282397","Both XGBoost and GraphSAGE assign high fraud risk, providing strong corroborating model evidence.",-0.1728258813452658,0.0483080528396779,1.5735945770991024,-0.1219695997591005,-0.0637245732388369,-0.1130020092847624,-0.0615837940730322,-0.1634789846992062,-0.169295840063595,-0.0497069643940398,-0.1657828157009834,-0.0287412858566647,-0.0353905526008135,-0.0631999532943942,-0.0132816148700588,-0.0551347285826984,-0.1709891701515639,-0.1729081406182527,-0.175892986967043,-0.2432996524586214,-0.2434516511662217,-0.1397317884479058,-0.148912261302769,-0.0801472696533522,-0.1556619213159942,-0.010763009512837,-0.0121074517774784,-0.1397335882637702,-0.148907560378429,-0.0801467358465918,-0.1556618913464139,-0.0106685610738475,-0.0120051821184178,-0.0246688306562535,-0.0312723904866303,-0.0230451563960962,-0.0262146551774309,0.0014278137097094,0.0014826437872997,-0.2272154464478222,-0.2393683687143703,-0.0752555315462277,-0.2349515175665409,0.0374680287743863,0.0434442213339417,-0.2272033238276858,-0.2432360925423977,-0.0978946778840727,-0.2358964234692872,0.0365766503766988,0.0423451348069101,-0.4140131079898309,-0.488346778248011,-0.2325526205785921,-0.4675617374469571,0.0487668178548852,0.0529560645235839,-0.0391404935619322,-0.1728939267371846,-0.1631259900993975,-0.1609298346410205,-0.1964346530529631,-0.1961888389129267,-0.0391357759163379,-0.1728828861844369,-0.1631146528780142,-0.1609229486850327,-0.1964085394766894,-0.1961326277610877,-0.0170316758803496,-0.0300262352777919,-0.0176401196299049,-0.0150709000018306,-0.1407632224600331,-0.140334623887323,-0.0936101712396957,-0.2642289589454311,-0.250573517311816,-0.2633578409437596,-0.1691189058033812,-0.1671653815026433,-0.0590130547854711,-0.2624238875355379,-0.2551681497514608,-0.259251046036533,-0.1871909645279049,-0.1852736257916989,-0.2936810473441524,-0.7619015806571866,-0.6942351992761703,-0.7208573595942684,0.0253079828897598,0.0252169034660526,-0.1708804938081246,-0.2029347628537944,-0.1168167152870516,-0.1931559777881514,-0.0146587756915064,-0.0188487129543817,1.1894440071794063,1.1980015379237323,-0.0834587840195169,1.198766256093994,-0.0887977253698474,-0.0904370818830761,-0.0786850847764966,-0.1497441440797152,-0.1345464749557279,-0.1108817911162731,-0.0031749902209437,-0.0040940903633603,1.023860363345962,0.7874346980684294,-0.3499327749819623,0.9391059237493712,-0.004357614038573,-0.0041943702405639,-0.1164246038907396,-0.1766172824237854,-0.1373232770907919,-0.1524643713004826,-0.0260596888205881,-0.0276597140284855,-0.0931447270142624,-0.1437067244867594,-0.0977185991261648,-0.1274622504830055,0.0031432964315106,0.0024263098865888,-0.1089553583439631,-0.1975603791362314,-0.1887158089232799,-0.2086506273470353,-0.047722125340837,-0.0481706839301534,1.1024302354529412,0.8210173695142786,-0.301754266335682,1.0176950402106444,0.1831327449045568,0.1827480852580912,1.1914386683165432,-0.0365960251579707,-0.4246718150208637,0.3783439491297943,0.1430014050880673,0.1425252107913369,2.289137668697931,1.1924206753212654,-1.0598683976058427,1.9636750367050433,0.1855973669005454,0.1854920038455318,0.3512956493807992,-0.4705921100717775,-0.5770993762832375,-0.31085679696232,0.241128277049832,0.2414064458179459,-0.098888736679456,-0.106714613806669,-0.1311553038955873,-0.1836705632417872,-0.1206134067031157,-0.1197924596125166
73000655,42,1,0.9999671,0.98745036,0.998715426,HIGH,CRITICAL,BOTH_HIGH,STRONG_CORROBORATION,0.012516740000000026,2,0,0.0,0.0,0.0,"3762812,73282397","Both XGBoost and GraphSAGE assign high fraud risk, providing strong corroborating model evidence.",-0.1725204701731191,0.1557102102157767,1.5735945770991024,-0.1219695997591005,-0.0637245732388369,-0.1130020092847624,-0.0615837940730322,-0.1631638263186571,-0.1689850986163809,-0.0497069643940398,-0.1654680090287066,-0.0287412858566647,-0.0353905526008135,-0.0631999532943942,-0.0132816148700588,-0.050719801682837,-0.1706751769440752,-0.1729081406182527,-0.175169838359825,-0.2432996524586214,-0.2434516511662217,-0.1397316547115973,-0.1489121759668187,-0.0801472696533522,-0.1556618079954666,-0.010763009512837,-0.0121074517774784,-0.1397334545071634,-0.148907475036795,-0.0801467358465918,-0.1556617780137713,-0.0106685610738475,-0.0120051821184178,-0.0246688306562535,-0.0312723904866303,-0.0230451563960962,-0.0262146551774309,0.0014278137097094,0.0014826437872997,-0.2272154464478222,-0.2393683687143703,-0.0752555315462277,-0.2349515175665409,0.0374680287743863,0.0434442213339417,-0.2272033238276858,-0.2432360925423977,-0.0978946778840727,-0.2358964234692872,0.0365766503766988,0.0423451348069101,-0.4140131079898309,-0.488346778248011,-0.2325526205785921,-0.4675617374469571,0.0487668178548852,0.0529560645235839,-0.0391404935619322,-0.1728939267371846,-0.1631259900993975,-0.1609298346410205,-0.1964346530529631,-0.1961888389129267,-0.0391357759163379,-0.1728828861844369,-0.1631146528780142,-0.1609229486850327,-0.1964085394766894,-0.1961326277610877,-0.0170316758803496,-0.0300262352777919,-0.0176401196299049,-0.0150709000018306,-0.1407632224600331,-0.140334623887323,-0.0936101712396957,-0.2642289589454311,-0.250573517311816,-0.2633578409437596,-0.1691189058033812,-0.1671653815026433,-0.0590130547854711,-0.2624238875355379,-0.2551681497514608,-0.259251046036533,-0.1871909645279049,-0.1852736257916989,-0.2936810473441524,-0.7619015806571866,-0.6942351992761703,-0.7208573595942684,0.0253079828897598,0.0252169034660526,-0.1526879931238998,-0.1886524979663902,-0.1168167152870516,-0.1753541741156584,-0.0146587756915064,-0.0188487129543817,1.1894440071794063,1.1980015379237323,-0.0834587840195169,1.198766256093994,-0.0887977253698474,-0.0904370818830761,0.069999211770975,-0.0367188006934922,-0.1345464749557279,0.0311521126016236,-0.0031749902209437,-0.0040940903633603,1.5539093776639068,1.3011283510936915,-0.3499327749819623,1.4814926049495385,-0.004357614038573,-0.0041943702405639,-0.1164246038907396,-0.1766172824237854,-0.1373232770907919,-0.1524643713004826,-0.0260596888205881,-0.0276597140284855,-0.0641702146075978,-0.1266760973113084,-0.0977185991261648,-0.1030609152391074,0.0031432964315106,0.0024263098865888,-0.1089553583439631,-0.1975603791362314,-0.1887158089232799,-0.2086506273470353,-0.047722125340837,-0.0481706839301534,1.1024302354529412,0.8210173695142786,-0.301754266335682,1.0176950402106444,0.1831327449045568,0.1827480852580912,1.1914386683165432,-0.0365960251579707,-0.4246718150208637,0.3783439491297943,0.1430014050880673,0.1425252107913369,2.289137668697931,1.1924206753212654,-1.0598683976058427,1.9636750367050433,0.1855973669005454,0.1854920038455318,0.3512956493807992,-0.4705921100717775,-0.5770993762832375,-0.31085679696232,0.241128277049832,0.2414064458179459,-0.098888736679456,-0.106714613806669,-0.1311553038955873,-0.1836705632417872,-0.1206134067031157,-0.1197924596125166
73222345,42,1,0.99937785,0.99268967,0.998709032,HIGH,CRITICAL,BOTH_HIGH,STRONG_CORROBORATION,0.0066881800000000435,1,0,0.0,0.0,0.0,34180566,"Both XGBoost and GraphSAGE assign high fraud risk, providing strong corroborating model evidence.",-0.1729409258397773,0.0425926386999298,1.018601901343969,-0.1219695997591005,-0.0637245732388369,-0.1130020092847624,-0.0615837940730322,-0.1635968346756736,-0.1694120383768934,-0.0497069643940398,-0.1659005341600484,-0.0287412858566647,-0.0353905526008135,-0.0631999532943942,-0.0132816148700588,-0.0567977752549261,-0.1711074473893666,-0.1729081406182527,-0.1761653878271337,-0.2432996524586214,-0.2434516511662217,-0.1397318384571132,-0.1489122932131999,-0.0801472696533522,-0.155661963690947,-0.010763009512837,-0.0121074517774784,-0.1397336382805679,-0.1489075922909853,-0.0801467358465918,-0.155661933725897,-0.0106685610738475,-0.0120051821184178,-0.0246688306562535,-0.0312723904866303,-0.0230451563960962,-0.0262146551774309,0.0014278137097094,0.0014826437872997,-0.2272154464478222,-0.2393683687143703,-0.0752555315462277,-0.2349515175665409,0.0374680287743863,0.0434442213339417,-0.2272033238276858,-0.2432360925423977,-0.0978946778840727,-0.2358964234692872,0.0365766503766988,0.0423451348069101,-0.4139720633436274,-0.4883126415727742,-0.2325526205785921,-0.4675223534191843,0.0487668178548852,0.0529560645235839,-0.0391418311778426,-0.1728941235181061,-0.1631259900993975,-0.1609302269857251,-0.1964346530529631,-0.1961888389129267,-0.0391371138079344,-0.1728830829808247,-0.1631146528780142,-0.1609233410444431,-0.1964085394766894,-0.1961326277610877,-0.0170316758803496,-0.0300262352777919,-0.0176401196299049,-0.0150709000018306,-0.1407632224600331,-0.140334623887323,-0.0938342359938388,-0.2642534138610993,-0.250573517311816,-0.2634071855043009,-0.1691189058033812,-0.1671653815026433,-0.0588908638744741,-0.2624145588671942,-0.2551681497514608,-0.2592320459236382,-0.1871909645279049,-0.1852736257916989,0.7143921972304351,-0.3919183215000166,-0.6942351992761703,-0.0608852413592135,0.0253079828897598,0.0252169034660526,-0.1621313975076894,-0.1960661683127165,-0.1168167152870516,-0.1845947746113316,-0.0146587756915064,-0.0188487129543817,1.1895080630525252,1.1980666744090347,-0.0834587840195169,1.1988312154627951,-0.0887977253698474,-0.0904370818830761,0.0982972194732517,-0.0152075038587613,-0.1345464749557279,0.0581843990953772,-0.0031749902209437,-0.0040940903633603,1.5539093776639068,1.3011283510936915,-0.3499327749819623,1.4814926049495385,-0.004357614038573,-0.0041943702405639,-0.1164246038907396,-0.1766172824237854,-0.1373232770907919,-0.1524643713004826,-0.0260596888205881,-0.0276597140284855,-0.059341129206487,-0.1238376594487332,-0.0977185991261648,-0.098994026031791,0.0031432964315106,0.0024263098865888,-0.0639655238492215,-0.1894810611796557,-0.1887158089232799,-0.1900790652865659,-0.047722125340837,-0.0481706839301534,1.9405463704494443,1.5579278649733288,-0.301754266335682,1.8375293147859704,0.1831327449045568,0.1827480852580912,1.8866149925317992,0.1788626103359698,-0.4246718150208637,0.7966039350602214,0.1430014050880673,0.1425252107913369,-0.968902874660573,-1.943849738146609,-1.0598683976058427,-1.6789973509416565,0.1855973669005454,0.1854920038455318,3.499571954793207,0.345779710601675,-0.5770993762832375,1.3669213962148878,0.241128277049832,0.2414064458179459,-0.098888736679456,-0.106714613806669,-0.1311553038955873,-0.1836705632417872,-0.1206134067031157,-0.1197924596125166
73001655,42,1,0.9999721,0.9873099,0.99870588,HIGH,CRITICAL,BOTH_HIGH,STRONG_CORROBORATION,0.012662200000000068,2,0,0.0,0.0,0.0,"1813385,73282397","Both XGBoost and GraphSAGE assign high fraud risk, providing strong corroborating model evidence.",-0.1724794691277157,0.0890303785853828,1.5735945770991024,-0.1219695997591005,-0.0637245732388369,-0.1130020092847624,-0.0615837940730322,-0.1631235386446559,-0.1689453755726775,-0.0497069643940398,-0.1654277663146655,-0.0287412858566647,-0.0353905526008135,-0.0631999532943942,-0.0132816148700588,-0.0501271035932364,-0.1706330237717923,-0.1729081406182527,-0.1750727566169747,-0.2432996524586214,-0.2434516511662217,-0.1397316376156698,-0.1489121650580593,-0.0801472696533522,-0.1556617935093519,-0.010763009512837,-0.0121074517774784,-0.1397334374086412,-0.148907464127309,-0.0801467358465918,-0.1556617635261078,-0.0106685610738475,-0.0120051821184178,-0.0246688306562535,-0.0312723904866303,-0.0230451563960962,-0.0262146551774309,0.0014278137097094,0.0014826437872997,-0.2272154464478222,-0.2393683687143703,-0.0752555315462277,-0.2349515175665409,0.0374680287743863,0.0434442213339417,-0.2272033238276858,-0.2432360925423977,-0.0978946778840727,-0.2358964234692872,0.0365766503766988,0.0423451348069101,-0.4140131079898309,-0.488346778248011,-0.2325526205785921,-0.4675617374469571,0.0487668178548852,0.0529560645235839,-0.0391404935619322,-0.1728939267371846,-0.1631259900993975,-0.1609298346410205,-0.1964346530529631,-0.1961888389129267,-0.0391357759163379,-0.1728828861844369,-0.1631146528780142,-0.1609229486850327,-0.1964085394766894,-0.1961326277610877,-0.0170316758803496,-0.0300262352777919,-0.0176401196299049,-0.0150709000018306,-0.1407632224600331,-0.140334623887323,-0.0936101712396957,-0.2642289589454311,-0.250573517311816,-0.2633578409437596,-0.1691189058033812,-0.1671653815026433,-0.0590130547854711,-0.2624238875355379,-0.2551681497514608,-0.259251046036533,-0.1871909645279049,-0.1852736257916989,-0.2936810473441524,-0.7619015806571866,-0.6942351992761703,-0.7208573595942684,0.0253079828897598,0.0252169034660526,-0.1074578399458675,-0.1531439639941103,-0.1168167152870516,-0.1310953709457177,-0.0146587756915064,-0.0188487129543817,1.1894440071794063,1.1980015379237323,-0.0834587840195169,1.198766256093994,-0.0887977253698474,-0.0904370818830761,0.1910701387978832,0.0553156872723275,-0.1345464749557279,0.1468077453192726,-0.0031749902209437,-0.0040940903633603,1.5539093776639068,1.3011283510936915,-0.3499327749819623,1.4814926049495385,-0.004357614038573,-0.0041943702405639,-0.1164246038907396,-0.1766172824237854,-0.1373232770907919,-0.1524643713004826,-0.0260596888205881,-0.0276597140284855,-0.0424393303025993,-0.1139031269297202,-0.0977185991261648,-0.0847599138061838,0.0031432964315106,0.0024263098865888,-0.1089553583439631,-0.1975603791362314,-0.1887158089232799,-0.2086506273470353,-0.047722125340837,-0.0481706839301534,1.1024302354529412,0.8210173695142786,-0.301754266335682,1.0176950402106444,0.1831327449045568,0.1827480852580912,1.1914386683165432,-0.0365960251579707,-0.4246718150208637,0.3783439491297943,0.1430014050880673,0.1425252107913369,2.289137668697931,1.1924206753212654,-1.0598683976058427,1.9636750367050433,0.1855973669005454,0.1854920038455318,0.3512956493807992,-0.4705921100717775,-0.5770993762832375,-0.31085679696232,0.241128277049832,0.2414064458179459,-0.098888736679456,-0.106714613806669,-0.1311553038955873,-0.1836705632417872,-0.1206134067031157,-0.1197924596125166
73003888,42,1,0.99985933,0.98799396,0.998672793,HIGH,CRITICAL,BOTH_HIGH,STRONG_CORROBORATION,0.011865370000000097,2,0,0.0,0.0,0.0,"20140504,73282397","Both XGBoost and GraphSAGE assign high fraud risk, providing strong corroborating model evidence.",-0.1729255825454067,0.0352102287694219,1.018601901343969,-0.1219695997591005,-0.0637245732388369,-0.1130020092847624,-0.0615837940730322,-0.1635813202791076,-0.1693967414140356,-0.0497069643940398,-0.1658850370771314,-0.0287412858566647,-0.0353905526008135,-0.0631999532943942,-0.0132816148700588,-0.0565759774648405,-0.1710916729493583,-0.1729081406182527,-0.176129058173977,-0.2432996524586214,-0.2434516511662217,-0.1397318318736356,-0.1489122890123413,-0.0801472696533522,-0.1556619581124833,-0.010763009512837,-0.0121074517774784,-0.1397336316960911,-0.1489075880898469,-0.0801467358465918,-0.1556619281468369,-0.0106685610738475,-0.0120051821184178,-0.0246688306562535,-0.0312723904866303,-0.0230451563960962,-0.0262146551774309,0.0014278137097094,0.0014826437872997,-0.2272154464478222,-0.2393683687143703,-0.0752555315462277,-0.2349515175665409,0.0374680287743863,0.0434442213339417,-0.2272033238276858,-0.2432360925423977,-0.0978946778840727,-0.2358964234692872,0.0365766503766988,0.0423451348069101,-0.4140131079898309,-0.488346778248011,-0.2325526205785921,-0.4675617374469571,0.0487668178548852,0.0529560645235839,-0.0391404935619322,-0.1728939267371846,-0.1631259900993975,-0.1609298346410205,-0.1964346530529631,-0.1961888389129267,-0.0391357759163379,-0.1728828861844369,-0.1631146528780142,-0.1609229486850327,-0.1964085394766894,-0.1961326277610877,-0.0170316758803496,-0.0300262352777919,-0.0176401196299049,-0.0150709000018306,-0.1407632224600331,-0.140334623887323,-0.0936101712396957,-0.2642289589454311,-0.250573517311816,-0.2633578409437596,-0.1691189058033812,-0.1671653815026433,-0.0590130547854711,-0.2624238875355379,-0.2551681497514608,-0.259251046036533,-0.1871909645279049,-0.1852736257916989,-0.2936810473441524,-0.7619015806571866,-0.6942351992761703,-0.7208573595942684,0.0253079828897598,0.0252169034660526,-0.1708754366587697,-0.2029307926713596,-0.1168167152870516,-0.1931510292447092,-0.0146587756915064,-0.0188487129543817,1.1894440071794063,1.1980015379237323,-0.0834587840195169,1.198766256093994,-0.0887977253698474,-0.0904370818830761,-0.0729556857071263,-0.1453888267244252,-0.1345464749557279,-0.1054086582120156,-0.0031749902209437,-0.0040940903633603,1.023860363345962,0.7874346980684294,-0.3499327749819623,0.9391059237493712,-0.004357614038573,-0.0041943702405639,-0.1164246038907396,-0.1766172824237854,-0.1373232770907919,-0.1524643713004826,-0.0260596888205881,-0.0276597140284855,-0.0883156416131517,-0.1408682866241842,-0.0977185991261648,-0.1233953612756891,0.0031432964315106,0.0024263098865888,-0.1089553583439631,-0.1975603791362314,-0.1887158089232799,-0.2086506273470353,-0.047722125340837,-0.0481706839301534,1.1024302354529412,0.8210173695142786,-0.301754266335682,1.0176950402106444,0.1831327449045568,0.1827480852580912,1.1914386683165432,-0.0365960251579707,-0.4246718150208637,0.3783439491297943,0.1430014050880673,0.1425252107913369,2.289137668697931,1.1924206753212654,-1.0598683976058427,1.9636750367050433,0.1855973669005454,0.1854920038455318,0.3512956493807992,-0.4705921100717775,-0.5770993762832375,-0.31085679696232,0.241128277049832,0.2414064458179459,-0.098888736679456,-0.106714613806669,-0.1311553038955873,-0.1836705632417872,-0.1206134067031157,-0.1197924596125166
71988422,42,1,0.9997714,0.9877922,0.99857348,HIGH,CRITICAL,BOTH_HIGH,STRONG_CORROBORATION,0.011979199999999968,2,0,0.0,0.0,0.0,"73160850,71762280","Both XGBoost and GraphSAGE assign high fraud risk, providing strong corroborating model evidence.",-0.1726043906487902,0.1502329383318515,1.018601901343969,-0.1219695997591005,-0.0637245732388369,-0.1130020092847624,-0.0615837940730322,-0.1632498258972393,-0.1690698929139714,-0.0497069643940398,-0.1655539126340732,-0.0287412858566647,-0.0353905526008135,-0.0631999532943942,-0.0132816148700588,-0.0519329294243178,-0.170761455580003,-0.1729081406182527,-0.1753685441722943,-0.2432996524586214,-0.2434516511662217,-0.1397316912052045,-0.1489121992530653,-0.0801472696533522,-0.1556618389180701,-0.010763009512837,-0.0121074517774784,-0.1397334910063097,-0.1489074983245925,-0.0801467358465918,-0.1556618089396806,-0.0106685610738475,-0.0120051821184178,-0.0246688306562535,-0.0312723904866303,-0.0230451563960962,-0.0262146551774309,0.0014278137097094,0.0014826437872997,-0.2272154464478222,-0.2393683687143703,-0.0752555315462277,-0.2349515175665409,0.0374680287743863,0.0434442213339417,-0.2272033238276858,-0.2432360925423977,-0.0978946778840727,-0.2358964234692872,0.0365766503766988,0.0423451348069101,-0.4140150641309962,-0.4883484051631351,-0.2325526205785921,-0.4675636144449362,0.0487668178548852,0.0529560645235839,-0.0391168419451955,-0.1728904472727868,-0.1631259900993975,-0.1609228972335704,-0.1964346530529631,-0.1961888389129267,-0.0391121194249417,-0.1728794064465664,-0.1631146528780142,-0.1609160110175567,-0.1964085394766894,-0.1961326277610877,-0.0170316758803496,-0.0300262352777919,-0.0176401196299049,-0.0150709000018306,-0.1407632224600331,-0.140334623887323,-0.0918176532065505,-0.2640333196200848,-0.250573517311816,-0.2629630844594285,-0.1691189058033812,-0.1671653815026433,-0.0590130547854711,-0.2624238875355379,-0.2551681497514608,-0.259251046036533,-0.1871909645279049,-0.1852736257916989,-0.2936728855243152,-0.7618985851043136,-0.6942351992761703,-0.7208520161595969,0.0253079828897598,0.0252169034660526,-0.1707740242485453,-0.2028511775084506,-0.1168167152870516,-0.1930517947387935,-0.0146587756915064,-0.0188487129543817,1.1892838674966095,1.197838696710477,-0.0834587840195169,1.1986038576719913,-0.0887977253698474,-0.0904370818830761,-0.0799798956234057,-0.1507284204558379,-0.1345464749557279,-0.1121186873012313,-0.0031749902209437,-0.0040940903633603,1.023860363345962,0.7874346980684294,-0.3499327749819623,0.9391059237493712,-0.004357614038573,-0.0041943702405639,-0.1164246038907396,-0.1766172824237854,-0.1373232770907919,-0.1524643713004826,-0.0260596888205881,-0.0276597140284855,-0.0931447270142624,-0.1437067244867594,-0.0977185991261648,-0.1274622504830055,0.0031432964315106,0.0024263098865888,-0.0730746351691853,-0.1911168841935064,-0.1887158089232799,-0.1938392575187512,-0.047722125340837,-0.0481706839301534,1.1023703207991185,0.8209646897776766,-0.301754266335682,1.0176364324775369,0.1831327449045568,0.1827480852580912,1.3350771055467014,0.0079223806220699,-0.4246718150208637,0.4647654923300368,0.1430014050880673,0.1425252107913369,0.6601173970186788,-0.3757145314126718,-1.0598683976058427,0.1423388428816934,0.1855973669005454,0.1854920038455318,0.9194056593800308,-0.3232768943111545,-0.5770993762832375,-0.0080998297724479,0.241128277049832,0.2414064458179459,0.0182794000374458,-0.0874901561101501,-0.1311553038955873,-0.0975235937715251,-0.1206134067031157,-0.1197924596125166
73000840,42,1,0.99959606,0.9889509,0.998531544,HIGH,CRITICAL,BOTH_HIGH,STRONG_CORROBORATION,0.010645160000000042,2,0,0.0,0.0,0.0,"73282397,72690702","Both XGBoost and GraphSAGE assign high fraud risk, providing strong corroborating model evidence.",-0.1729660741282419,0.1438030974246349,1.5735945770991024,-0.1219695997591005,-0.0637245732388369,-0.1130020092847624,-0.0615837940730322,-0.1636200417347633,-0.1694349201898871,-0.0497069643940398,-0.1659237153206846,-0.0287412858566647,-0.0353905526008135,-0.0631999532943942,-0.0132816148700588,-0.0571613109253712,-0.1711333023432058,-0.1729081406182527,-0.1762249336179745,-0.2432996524586214,-0.2434516511662217,-0.1397317986736841,-0.1489122678277473,-0.0801472696533522,-0.1556619299807361,-0.010763009512837,-0.0121074517774784,-0.1397335984911006,-0.1489075669038418,-0.0801467358465918,-0.1556619000120822,-0.0106685610738475,-0.0120051821184178,-0.0246688306562535,-0.0312723904866303,-0.0230451563960962,-0.0262146551774309,0.0014278137097094,0.0014826437872997,-0.2272059853608941,-0.2393594605263469,-0.0752555315462277,-0.2349422570418879,0.0374680287743863,0.0434442213339417,-0.2271934767765055,-0.2432264611117294,-0.0978946778840727,-0.23588663540528,0.0365766503766988,0.0423451348069101,-0.4138702067299719,-0.4882279278168355,-0.2325526205785921,-0.4674246178051127,0.0487668178548852,0.0529560645235839,-0.0391404935619322,-0.1728939267371846,-0.1631259900993975,-0.1609298346410205,-0.1964346530529631,-0.1961888389129267,-0.0391357759163379,-0.1728828861844369,-0.1631146528780142,-0.1609229486850327,-0.1964085394766894,-0.1961326277610877,-0.0170316758803496,-0.0300262352777919,-0.0176401196299049,-0.0150709000018306,-0.1407632224600331,-0.140334623887323,-0.0936101712396957,-0.2642289589454311,-0.250573517311816,-0.2633578409437596,-0.1691189058033812,-0.1671653815026433,-0.0590130547854711,-0.2624238875355379,-0.2551681497514608,-0.259251046036533,-0.1871909645279049,-0.1852736257916989,-0.2936810473441524,-0.7619015806571866,-0.6942351992761703,-0.7208573595942684,0.0253079828897598,0.0252169034660526,-0.1710823532915913,-0.2030932353289614,-0.1168167152870516,-0.1933535021943053,-0.0146587756915064,-0.0188487129543817,1.1894440071794063,1.1980015379237323,-0.0834587840195169,1.198766256093994,-0.0887977253698474,-0.0904370818830761,-0.0376845936670748,-0.1185768002898711,-0.1345464749557279,-0.0717151814483664,-0.0031749902209437,-0.0040940903633603,1.5539093776639068,1.3011283510936915,-0.3499327749819623,1.4814926049495385,-0.004357614038573,-0.0041943702405639,-0.0119253896692196,-0.115534281150478,-0.1373232770907919,-0.0556552571284946,-0.0260596888205881,-0.0276597140284855,-0.0955592697148178,-0.145125943418047,-0.0977185991261648,-0.1294956950866637,0.0031432964315106,0.0024263098865888,-0.1089553583439631,-0.1975603791362314,-0.1887158089232799,-0.2086506273470353,-0.047722125340837,-0.0481706839301534,1.1024302354529412,0.8210173695142786,-0.301754266335682,1.0176950402106444,0.1831327449045568,0.1827480852580912,1.1914386683165432,-0.0365960251579707,-0.4246718150208637,0.3783439491297943,0.1430014050880673,0.1425252107913369,2.289137668697931,1.1924206753212654,-1.0598683976058427,1.9636750367050433,0.1855973669005454,0.1854920038455318,0.3512956493807992,-0.4705921100717775,-0.5770993762832375,-0.31085679696232,0.241128277049832,0.2414064458179459,-0.098888736679456,-0.106714613806669,-0.1311553038955873,-0.1836705632417872,-0.1206134067031157,-0.1197924596125166
73219643,42,1,0.9998186,0.98617935,0.998454675,HIGH,CRITICAL,BOTH_HIGH,STRONG_CORROBORATION,0.013639249999999992,1,0,0.0,0.0,0.0,34180566,"Both XGBoost and GraphSAGE assign high fraud risk, providing strong corroborating model evidence.",-0.1726726774294884,0.1140353154467805,1.5735945770991024,-0.1219695997591005,-0.0637245732388369,-0.1130020092847624,-0.0615837940730322,-0.163320595811026,-0.1691396709899693,-0.0497069643940398,-0.1656246035705404,-0.0287412858566647,-0.0353905526008135,-0.0631999532943942,-0.0132816148700588,-0.052920061436845,-0.1708316612150811,-0.1729081406182527,-0.1755302327248322,-0.2432996524586214,-0.2434516511662217,-0.1397317212361592,-0.1489122184155506,-0.0801472696533522,-0.1556618643645898,-0.010763009512837,-0.0121074517774784,-0.1397335210418223,-0.1489075174883541,-0.0801467358465918,-0.1556618343889209,-0.0106685610738475,-0.0120051821184178,-0.0246688306562535,-0.0312723904866303,-0.0230451563960962,-0.0262146551774309,0.0014278137097094,0.0014826437872997,-0.2272154464478222,-0.2393683687143703,-0.0752555315462277,-0.2349515175665409,0.0374680287743863,0.0434442213339417,-0.2272033238276858,-0.2432360925423977,-0.0978946778840727,-0.2358964234692872,0.0365766503766988,0.0423451348069101,-0.4139720633436274,-0.4883126415727742,-0.2325526205785921,-0.4675223534191843,0.0487668178548852,0.0529560645235839,-0.0391418311778426,-0.1728941235181061,-0.1631259900993975,-0.1609302269857251,-0.1964346530529631,-0.1961888389129267,-0.0391371138079344,-0.1728830829808247,-0.1631146528780142,-0.1609233410444431,-0.1964085394766894,-0.1961326277610877,-0.0170316758803496,-0.0300262352777919,-0.0176401196299049,-0.0150709000018306,-0.1407632224600331,-0.140334623887323,-0.0938342359938388,-0.2642534138610993,-0.250573517311816,-0.2634071855043009,-0.1691189058033812,-0.1671653815026433,-0.0588908638744741,-0.2624145588671942,-0.2551681497514608,-0.2592320459236382,-0.1871909645279049,-0.1852736257916989,0.7143921972304351,-0.3919183215000166,-0.6942351992761703,-0.0608852413592135,0.0253079828897598,0.0252169034660526,-0.1621313975076894,-0.1960661683127165,-0.1168167152870516,-0.1845947746113316,-0.0146587756915064,-0.0188487129543817,1.1895080630525252,1.1980666744090347,-0.0834587840195169,1.1988312154627951,-0.0887977253698474,-0.0904370818830761,0.0982972194732517,-0.0152075038587613,-0.1345464749557279,0.0581843990953772,-0.0031749902209437,-0.0040940903633603,1.5539093776639068,1.3011283510936915,-0.3499327749819623,1.4814926049495385,-0.004357614038573,-0.0041943702405639,-0.1164246038907396,-0.1766172824237854,-0.1373232770907919,-0.1524643713004826,-0.0260596888205881,-0.0276597140284855,-0.059341129206487,-0.1238376594487332,-0.0977185991261648,-0.098994026031791,0.0031432964315106,0.0024263098865888,-0.0417642015788331,-0.1854941262710635,-0.1887158089232799,-0.1809144786860707,-0.047722125340837,-0.0481706839301534,1.9159514050552944,1.53630283309815,-0.301754266335682,1.8134708403453104,0.1831327449045568,0.1827480852580912,0.6781892850925403,-0.195669353643923,-0.4246718150208637,0.0695421785165586,0.1430014050880673,0.1425252107913369,-0.4258961174341557,-1.4211380025686302,-1.0598683976058427,-1.071885286333873,0.1855973669005454,0.1854920038455318,0.8720631585467615,-0.3355531622912064,-0.5770993762832375,-0.0333295770382706,0.241128277049832,0.2414064458179459,0.0182794000374458,-0.0874901561101501,-0.1311553038955873,-0.0975235937715251,-0.1206134067031157,-0.1197924596125166
73003525,42,1,0.9998222,0.9861168,0.99845166,HIGH,CRITICAL,BOTH_HIGH,STRONG_CORROBORATION,0.013705399999999979,2,0,0.0,0.0,0.0,"73282397,72735773","Both XGBoost and GraphSAGE assign high fraud risk, providing strong corroborating model evidence.",-0.1729572480692796,0.0404493583975243,1.018601901343969,-0.1219695997591005,-0.0637245732388369,-0.1130020092847624,-0.0615837940730322,-0.1636135881588207,-0.1694285570605785,-0.0497069643940398,-0.165917268946759,-0.0287412858566647,-0.0353905526008135,-0.0631999532943942,-0.0132816148700588,-0.0570337242203447,-0.1711242282725241,-0.1729081406182527,-0.1762040353901822,-0.2432996524586214,-0.2434516511662217,-0.1397318455663926,-0.1489122977495679,-0.0801472696533522,-0.1556619697149453,-0.010763009512837,-0.0121074517774784,-0.1397336453909264,-0.1489075968276554,-0.0801467358465918,-0.1556619397505394,-0.0106685610738475,-0.0120051821184178,-0.0246688306562535,-0.0312723904866303,-0.0230451563960962,-0.0262146551774309,0.0014278137097094,0.0014826437872997,-0.2272154464478222,-0.2393683687143703,-0.0752555315462277,-0.2349515175665409,0.0374680287743863,0.0434442213339417,-0.2272033238276858,-0.2432360925423977,-0.0978946778840727,-0.2358964234692872,0.0365766503766988,0.0423451348069101,-0.4140131079898309,-0.488346778248011,-0.2325526205785921,-0.4675617374469571,0.0487668178548852,0.0529560645235839,-0.0391404935619322,-0.1728939267371846,-0.1631259900993975,-0.1609298346410205,-0.1964346530529631,-0.1961888389129267,-0.0391357759163379,-0.1728828861844369,-0.1631146528780142,-0.1609229486850327,-0.1964085394766894,-0.1961326277610877,-0.0170316758803496,-0.0300262352777919,-0.0176401196299049,-0.0150709000018306,-0.1407632224600331,-0.140334623887323,-0.0936101712396957,-0.2642289589454311,-0.250573517311816,-0.2633578409437596,-0.1691189058033812,-0.1671653815026433,-0.0590130547854711,-0.2624238875355379,-0.2551681497514608,-0.259251046036533,-0.1871909645279049,-0.1852736257916989,-0.2936810473441524,-0.7619015806571866,-0.6942351992761703,-0.7208573595942684,0.0253079828897598,0.0252169034660526,-0.1710425932434771,-0.2030620211738015,-0.1168167152870516,-0.1933145960217662,-0.0146587756915064,-0.0188487129543817,1.1894440071794063,1.1980015379237323,-0.0834587840195169,1.198766256093994,-0.0887977253698474,-0.0904370818830761,-0.0970858473356614,-0.1637318519621944,-0.1345464749557279,-0.128459519217706,-0.0031749902209437,-0.0040940903633603,-0.0362376652899277,-0.2399526079820951,-0.3499327749819623,-0.1456674386509633,-0.004357614038573,-0.0041943702405639,-0.1164246038907396,-0.1766172824237854,-0.1373232770907919,-0.1524643713004826,-0.0260596888205881,-0.0276597140284855,-0.0931447270142624,-0.1437067244867594,-0.0977185991261648,-0.1274622504830055,0.0031432964315106,0.0024263098865888,-0.1089553583439631,-0.1975603791362314,-0.1887158089232799,-0.2086506273470353,-0.047722125340837,-0.0481706839301534,1.1024302354529412,0.8210173695142786,-0.301754266335682,1.0176950402106444,0.1831327449045568,0.1827480852580912,1.1914386683165432,-0.0365960251579707,-0.4246718150208637,0.3783439491297943,0.1430014050880673,0.1425252107913369,2.289137668697931,1.1924206753212654,-1.0598683976058427,1.9636750367050433,0.1855973669005454,0.1854920038455318,0.3512956493807992,-0.4705921100717775,-0.5770993762832375,-0.31085679696232,0.241128277049832,0.2414064458179459,-0.098888736679456,-0.106714613806669,-0.1311553038955873,-0.1836705632417872,-0.1206134067031157,-0.1197924596125166
73218878,42,1,0.9997917,0.98638994,0.998451524,HIGH,CRITICAL,BOTH_HIGH,STRONG_CORROBORATION,0.01340175999999993,1,0,0.0,0.0,0.0,73218880,"Both XGBoost and GraphSAGE assign high fraud risk, providing strong corroborating model evidence.",-0.1728969469897629,0.1633307624021075,1.018601901343969,-0.1219695997591005,-0.0637245732388369,-0.1130020092847624,-0.0615837940730322,-0.1635488276213444,-0.1693647041396989,-0.0497069643940398,-0.1658525806803,-0.0287412858566647,-0.0353905526008135,-0.0631999532943942,-0.0132816148700588,-0.0561620309676789,-0.1710622327363444,-0.1729081406182527,-0.1760612552771964,-0.2432996524586214,-0.2434516511662217,-0.1397318180854949,-0.1489122802142513,-0.0801472696533522,-0.1556619464291984,-0.010763009512837,-0.0121074517774784,-0.1397336179058577,-0.1489075792911708,-0.0801467358465918,-0.155661916462303,-0.0106685610738475,-0.0120051821184178,-0.0246688306562535,-0.0312723904866303,-0.0230451563960962,-0.0262146551774309,0.0014278137097094,0.0014826437872997,-0.2272154464478222,-0.2393683687143703,-0.0752555315462277,-0.2349515175665409,0.0374680287743863,0.0434442213339417,-0.2272033238276858,-0.2432360925423977,-0.0978946778840727,-0.2358964234692872,0.0365766503766988,0.0423451348069101,-0.4139720633436274,-0.4883126415727742,-0.2325526205785921,-0.4675223534191843,0.0487668178548852,0.0529560645235839,-0.0391418311778426,-0.1728941235181061,-0.1631259900993975,-0.1609302269857251,-0.1964346530529631,-0.1961888389129267,-0.0391371138079344,-0.1728830829808247,-0.1631146528780142,-0.1609233410444431,-0.1964085394766894,-0.1961326277610877,-0.0170316758803496,-0.0300262352777919,-0.0176401196299049,-0.0150709000018306,-0.1407632224600331,-0.140334623887323,-0.0938342359938388,-0.2642534138610993,-0.250573517311816,-0.2634071855043009,-0.1691189058033812,-0.1671653815026433,-0.0588908638744741,-0.2624145588671942,-0.2551681497514608,-0.2592320459236382,-0.1871909645279049,-0.1852736257916989,0.7143921972304351,-0.3919183215000166,-0.6942351992761703,-0.0608852413592135,0.0253079828897598,0.0252169034660526,-0.1611632900618541,-0.1953061426724328,-0.1168167152870516,-0.1836474579678542,-0.0146587756915064,-0.0188487129543817,1.1895080630525252,1.1980666744090347,-0.0834587840195169,1.1988312154627951,-0.0887977253698474,-0.0904370818830761,0.0849312149711669,-0.0253679396521109,-0.1345464749557279,0.0454162329835245,-0.0031749902209437,-0.0040940903633603,1.5539093776639068,1.3011283510936915,-0.3499327749819623,1.4814926049495385,-0.004357614038573,-0.0041943702405639,-0.1164246038907396,-0.1766172824237854,-0.1373232770907919,-0.1524643713004826,-0.0260596888205881,-0.0276597140284855,-0.0617556719070424,-0.1252568783800208,-0.0977185991261648,-0.1010274706354492,0.0031432964315106,0.0024263098865888,-0.0639655238492215,-0.1894810611796557,-0.1887158089232799,-0.1900790652865659,-0.047722125340837,-0.0481706839301534,1.9405463704494443,1.5579278649733288,-0.301754266335682,1.8375293147859704,0.1831327449045568,0.1827480852580912,1.8866149925317992,0.1788626103359698,-0.4246718150208637,0.7966039350602214,0.1430014050880673,0.1425252107913369,-0.968902874660573,-1.943849738146609,-1.0598683976058427,-1.6789973509416565,0.1855973669005454,0.1854920038455318,3.499571954793207,0.345779710601675,-0.5770993762832375,1.3669213962148878,0.241128277049832,0.2414064458179459,-0.098888736679456,-0.106714613806669,-0.1311553038955873,-0.1836705632417872,-0.1206134067031157,-0.1197924596125166
73219836,42,1,0.99929976,0.9906686,0.998436644,HIGH,CRITICAL,BOTH_HIGH,STRONG_CORROBORATION,0.008631159999999971,1,0,0.0,0.0,0.0,73219840,"Both XGBoost and GraphSAGE assign high fraud risk, providing strong corroborating model evidence.",-0.1729315252241066,0.1042714829580443,1.5735945770991024,-0.1219695997591005,-0.0637245732388369,-0.1130020092847624,-0.0615837940730322,-0.1635856787016205,-0.1694010387534142,-0.0497069643940398,-0.165889390635762,-0.0287412858566647,-0.0353905526008135,-0.0631999532943942,-0.0132816148700588,-0.0566618829406143,-0.1710977826169679,-0.1729081406182527,-0.1761431291714288,-0.2432996524586214,-0.2434516511662217,-0.1397318337231163,-0.1489122901924786,-0.0801472696533522,-0.1556619596796278,-0.010763009512837,-0.0121074517774784,-0.1397336335458525,-0.1489075892700627,-0.0801467358465918,-0.155661929714149,-0.0106685610738475,-0.0120051821184178,-0.0246688306562535,-0.0312723904866303,-0.0230451563960962,-0.0262146551774309,0.0014278137097094,0.0014826437872997,-0.2272154464478222,-0.2393683687143703,-0.0752555315462277,-0.2349515175665409,0.0374680287743863,0.0434442213339417,-0.2272033238276858,-0.2432360925423977,-0.0978946778840727,-0.2358964234692872,0.0365766503766988,0.0423451348069101,-0.4139720633436274,-0.4883126415727742,-0.2325526205785921,-0.4675223534191843,0.0487668178548852,0.0529560645235839,-0.0391418311778426,-0.1728941235181061,-0.1631259900993975,-0.1609302269857251,-0.1964346530529631,-0.1961888389129267,-0.0391371138079344,-0.1728830829808247,-0.1631146528780142,-0.1609233410444431,-0.1964085394766894,-0.1961326277610877,-0.0170316758803496,-0.0300262352777919,-0.0176401196299049,-0.0150709000018306,-0.1407632224600331,-0.140334623887323,-0.0938342359938388,-0.2642534138610993,-0.250573517311816,-0.2634071855043009,-0.1691189058033812,-0.1671653815026433,-0.0588908638744741,-0.2624145588671942,-0.2551681497514608,-0.2592320459236382,-0.1871909645279049,-0.1852736257916989,0.7143921972304351,-0.3919183215000166,-0.6942351992761703,-0.0608852413592135,0.0253079828897598,0.0252169034660526,-0.1707299016087746,-0.2028165384426249,-0.1168167152870516,-0.1930086196643855,-0.0146587756915064,-0.0188487129543817,1.1895080630525252,1.1980666744090347,-0.0834587840195169,1.1988312154627951,-0.0887977253698474,-0.0904370818830761,-0.0241852180906303,-0.1083149798054187,-0.1345464749557279,-0.0588196097208957,-0.0031749902209437,-0.0040940903633603,1.5539093776639068,1.3011283510936915,-0.3499327749819623,1.4814926049495385,-0.004357614038573,-0.0041943702405639,-0.1164246038907396,-0.1766172824237854,-0.1373232770907919,-0.1524643713004826,-0.0260596888205881,-0.0276597140284855,-0.0931447270142624,-0.1437067244867594,-0.0977185991261648,-0.1274622504830055,0.0031432964315106,0.0024263098865888,-0.0639655238492215,-0.1894810611796557,-0.1887158089232799,-0.1900790652865659,-0.047722125340837,-0.0481706839301534,1.9405463704494443,1.5579278649733288,-0.301754266335682,1.8375293147859704,0.1831327449045568,0.1827480852580912,1.8866149925317992,0.1788626103359698,-0.4246718150208637,0.7966039350602214,0.1430014050880673,0.1425252107913369,-0.968902874660573,-1.943849738146609,-1.0598683976058427,-1.6789973509416565,0.1855973669005454,0.1854920038455318,3.499571954793207,0.345779710601675,-0.5770993762832375,1.3669213962148878,0.241128277049832,0.2414064458179459,-0.098888736679456,-0.106714613806669,-0.1311553038955873,-0.1836705632417872,-0.1206134067031157,-0.1197924596125166
71987847,42,1,0.99939835,0.9895567,0.998414185,HIGH,CRITICAL,BOTH_HIGH,STRONG_CORROBORATION,0.009841650000000035,1,0,0.0,0.0,0.0,71811939,"Both XGBoost and GraphSAGE assign high fraud risk, providing strong corroborating model evidence.",-0.1729698905245137,0.1597586285647649,1.018601901343969,-0.1219695997591005,-0.0637245732388369,-0.1130020092847624,-0.0615837940730322,-0.1636235486724663,-0.1694383779779846,-0.0497069643940398,-0.1659272183447394,-0.0287412858566647,-0.0353905526008135,-0.0631999532943942,-0.0132816148700588,-0.057216479537712,-0.1711372259799805,-0.1729081406182527,-0.1762339700315055,-0.2432996524586214,-0.2434516511662217,-0.1397318497931002,-0.1489123004465925,-0.0801472696533522,-0.1556619732964165,-0.010763009512837,-0.0121074517774784,-0.1397336496182755,-0.1489075995248596,-0.0801467358465918,-0.1556619433323935,-0.0106685610738475,-0.0120051821184178,-0.0246688306562535,-0.0312723904866303,-0.0230451563960962,-0.0262146551774309,0.0014278137097094,0.0014826437872997,-0.2272154464478222,-0.2393683687143703,-0.0752555315462277,-0.2349515175665409,0.0374680287743863,0.0434442213339417,-0.2272033238276858,-0.2432360925423977,-0.0978946778840727,-0.2358964234692872,0.0365766503766988,0.0423451348069101,-0.4140150641309962,-0.4883484051631351,-0.2325526205785921,-0.4675636144449362,0.0487668178548852,0.0529560645235839,-0.0391371018286373,-0.1728934277685357,-0.1631259900993975,-0.1609288397899669,-0.1964346530529631,-0.1961888389129267,-0.039132383483998,-0.172882387176571,-0.1631146528780142,-0.1609219537966905,-0.1964085394766894,-0.1961326277610877,-0.0170316758803496,-0.0300262352777919,-0.0176401196299049,-0.0150709000018306,-0.1407632224600331,-0.140334623887323,-0.0937595477424578,-0.2642452622225432,-0.250573517311816,-0.2633907373174538,-0.1691189058033812,-0.1671653815026433,-0.0590130547854711,-0.2624238875355379,-0.2551681497514608,-0.259251046036533,-0.1871909645279049,-0.1852736257916989,-0.2909147688160555,-0.7608863005165123,-0.6942351992761703,-0.7190463139092035,0.0253079828897598,0.0252169034660526,-0.168762471031412,-0.2012719808723819,-0.1168167152870516,-0.1910834410709974,-0.0146587756915064,-0.0188487129543817,1.1892838674966095,1.197838696710477,-0.0834587840195169,1.1986038576719913,-0.0887977253698474,-0.0904370818830761,-0.1610194946812396,-0.2123322933871604,-0.1345464749557279,-0.1895335244911313,-0.0031749902209437,-0.0040940903633603,1.023860363345962,0.7874346980684294,-0.3499327749819623,0.9391059237493712,-0.004357614038573,-0.0041943702405639,-0.1164246038907396,-0.1766172824237854,-0.1373232770907919,-0.1524643713004826,-0.0260596888205881,-0.0276597140284855,-0.0762429281103747,-0.1337721919677463,-0.0977185991261648,-0.1132281382573982,0.0031432964315106,0.0024263098865888,-0.1036859029534564,-0.196614085244822,-0.1887158089232799,-0.2064754244615678,-0.047722125340837,-0.0481706839301534,1.1050365228942212,0.8233089380564718,-0.301754266335682,1.0202444766008238,0.1831327449045568,0.1827480852580912,0.4406355135446517,-0.269295295280996,-0.4246718150208637,-0.0733844915732211,0.1430014050880673,0.1425252107913369,-0.968902874660573,-1.943849738146609,-1.0598683976058427,-1.6789973509416565,0.1855973669005454,0.1854920038455318,0.3039531485475299,-0.4828683780518294,-0.5770993762832375,-0.3360865442281427,0.241128277049832,0.2414064458179459,-0.098888736679456,-0.106714613806669,-0.1311553038955873,-0.1836705632417872,-0.1206134067031157,-0.1197924596125166
73001623,42,1,0.99991715,0.98400277,0.998325712,HIGH,CRITICAL,BOTH_HIGH,STRONG_CORROBORATION,0.015914380000000006,2,0,0.0,0.0,0.0,"73282397,72630336","Both XGBoost and GraphSAGE assign high fraud risk, providing strong corroborating model evidence.",-0.1726212974640399,0.0911736588877883,1.5735945770991024,-0.1219695997591005,-0.0637245732388369,-0.1130020092847624,-0.0615837940730322,-0.1632685965100829,-0.1690884004573532,-0.0497069643940398,-0.165572662299418,-0.0287412858566647,-0.0353905526008135,-0.0631999532943942,-0.0132816148700588,-0.0521773289756249,-0.1707788374757318,-0.1729081406182527,-0.1754085759098839,-0.2432996524586214,-0.2434516511662217,-0.1397316991704456,-0.1489122043356149,-0.0801472696533522,-0.1556618456673615,-0.010763009512837,-0.0121074517774784,-0.1397334989727597,-0.1489075034074806,-0.0801467358465918,-0.1556618156896936,-0.0106685610738475,-0.0120051821184178,-0.0246688306562535,-0.0312723904866303,-0.0230451563960962,-0.0262146551774309,0.0014278137097094,0.0014826437872997,-0.2272154464478222,-0.2393683687143703,-0.0752555315462277,-0.2349515175665409,0.0374680287743863,0.0434442213339417,-0.2272033238276858,-0.2432360925423977,-0.0978946778840727,-0.2358964234692872,0.0365766503766988,0.0423451348069101,-0.4140131079898309,-0.488346778248011,-0.2325526205785921,-0.4675617374469571,0.0487668178548852,0.0529560645235839,-0.0391404935619322,-0.1728939267371846,-0.1631259900993975,-0.1609298346410205,-0.1964346530529631,-0.1961888389129267,-0.0391357759163379,-0.1728828861844369,-0.1631146528780142,-0.1609229486850327,-0.1964085394766894,-0.1961326277610877,-0.0170316758803496,-0.0300262352777919,-0.0176401196299049,-0.0150709000018306,-0.1407632224600331,-0.140334623887323,-0.0936101712396957,-0.2642289589454311,-0.250573517311816,-0.2633578409437596,-0.1691189058033812,-0.1671653815026433,-0.0590130547854711,-0.2624238875355379,-0.2551681497514608,-0.259251046036533,-0.1871909645279049,-0.1852736257916989,-0.2936810473441524,-0.7619015806571866,-0.6942351992761703,-0.7208573595942684,0.0253079828897598,0.0252169034660526,-0.1708552639514437,-0.2029149558188824,-0.1168167152870516,-0.193131289760754,-0.0146587756915064,-0.0188487129543817,1.1894440071794063,1.1980015379237323,-0.0834587840195169,1.198766256093994,-0.0887977253698474,-0.0904370818830761,-0.0444353928809167,-0.1237085554045231,-0.1345464749557279,-0.0781640290255653,-0.0031749902209437,-0.0040940903633603,1.5539093776639068,1.3011283510936915,-0.3499327749819623,1.4814926049495385,-0.004357614038573,-0.0041943702405639,-0.1164246038907396,-0.1766172824237854,-0.1373232770907919,-0.1524643713004826,-0.0260596888205881,-0.0276597140284855,-0.0931447270142624,-0.1437067244867594,-0.0977185991261648,-0.1274622504830055,0.0031432964315106,0.0024263098865888,-0.1089553583439631,-0.1975603791362314,-0.1887158089232799,-0.2086506273470353,-0.047722125340837,-0.0481706839301534,1.1024302354529412,0.8210173695142786,-0.301754266335682,1.0176950402106444,0.1831327449045568,0.1827480852580912,1.1914386683165432,-0.0365960251579707,-0.4246718150208637,0.3783439491297943,0.1430014050880673,0.1425252107913369,2.289137668697931,1.1924206753212654,-1.0598683976058427,1.9636750367050433,0.1855973669005454,0.1854920038455318,0.3512956493807992,-0.4705921100717775,-0.5770993762832375,-0.31085679696232,0.241128277049832,0.2414064458179459,-0.098888736679456,-0.106714613806669,-0.1311553038955873,-0.1836705632417872,-0.1206134067031157,-0.1197924596125166
73000659,42,1,0.99991775,0.9838076,0.998306735,HIGH,CRITICAL,BOTH_HIGH,STRONG_CORROBORATION,0.016110150000000045,2,1,0.9721904,0.9721904,1.0,"73282397,72632811","Both XGBoost and GraphSAGE assign high fraud risk, providing strong corroborating model evidence.",-0.1728818821746838,0.1545194989366625,1.5735945770991024,-0.1219695997591005,-0.0637245732388369,-0.1130020092847624,-0.0615837940730322,-0.1635336337738955,-0.1693497232334739,-0.0497069643940398,-0.1658374037887759,-0.0287412858566647,-0.0353905526008135,-0.0631999532943942,-0.0132816148700588,-0.0559442587857824,-0.1710467446008789,-0.1729081406182527,-0.1760255850036899,-0.2432996524586214,-0.2434516511662217,-0.1397318116380412,-0.1489122761001883,-0.0801472696533522,-0.1556619409659936,-0.010763009512837,-0.0121074517774784,-0.1397336114574254,-0.1489075751768339,-0.0801467358465918,-0.1556619109985141,-0.0106685610738475,-0.0120051821184178,-0.0246688306562535,-0.0312723904866303,-0.0230451563960962,-0.0262146551774309,0.0014278137097094,0.0014826437872997,-0.2272154464478222,-0.2393683687143703,-0.0752555315462277,-0.2349515175665409,0.0374680287743863,0.0434442213339417,-0.2272033238276858,-0.2432360925423977,-0.0978946778840727,-0.2358964234692872,0.0365766503766988,0.0423451348069101,-0.4140131079898309,-0.488346778248011,-0.2325526205785921,-0.4675617374469571,0.0487668178548852,0.0529560645235839,-0.0391404935619322,-0.1728939267371846,-0.1631259900993975,-0.1609298346410205,-0.1964346530529631,-0.1961888389129267,-0.0391357759163379,-0.1728828861844369,-0.1631146528780142,-0.1609229486850327,-0.1964085394766894,-0.1961326277610877,-0.0170316758803496,-0.0300262352777919,-0.0176401196299049,-0.0150709000018306,-0.1407632224600331,-0.140334623887323,-0.0936101712396957,-0.2642289589454311,-0.250573517311816,-0.2633578409437596,-0.1691189058033812,-0.1671653815026433,-0.0590130547854711,-0.2624238875355379,-0.2551681497514608,-0.259251046036533,-0.1871909645279049,-0.1852736257916989,-0.2936810473441524,-0.7619015806571866,-0.6942351992761703,-0.7208573595942684,0.0253079828897598,0.0252169034660526,-0.1710097765531812,-0.2030362579941447,-0.1168167152870516,-0.1932824840934519,-0.0146587756915064,-0.0188487129543817,1.1894440071794063,1.1980015379237323,-0.0834587840195169,1.198766256093994,-0.0887977253698474,-0.0904370818830761,-0.062427150812045,-0.1373853502342872,-0.1345464749557279,-0.0953510465724363,-0.0031749902209437,-0.0040940903633603,1.5539093776639068,1.3011283510936915,-0.3499327749819623,1.4814926049495385,-0.004357614038573,-0.0041943702405639,-0.1164246038907396,-0.1766172824237854,-0.1373232770907919,-0.1524643713004826,-0.0260596888205881,-0.0276597140284855,-0.0931447270142624,-0.1437067244867594,-0.0977185991261648,-0.1274622504830055,0.0031432964315106,0.0024263098865888,-0.1089553583439631,-0.1975603791362314,-0.1887158089232799,-0.2086506273470353,-0.047722125340837,-0.0481706839301534,1.1024302354529412,0.8210173695142786,-0.301754266335682,1.0176950402106444,0.1831327449045568,0.1827480852580912,1.1914386683165432,-0.0365960251579707,-0.4246718150208637,0.3783439491297943,0.1430014050880673,0.1425252107913369,2.289137668697931,1.1924206753212654,-1.0598683976058427,1.9636750367050433,0.1855973669005454,0.1854920038455318,0.3512956493807992,-0.4705921100717775,-0.5770993762832375,-0.31085679696232,0.241128277049832,0.2414064458179459,-0.098888736679456,-0.106714613806669,-0.1311553038955873,-0.1836705632417872,-0.1206134067031157,-0.1197924596125166
73218919,42,1,0.99967873,0.9859492,0.998305777,HIGH,CRITICAL,BOTH_HIGH,STRONG_CORROBORATION,0.01372952999999999,1,0,0.010741217771,0.010741217771,0.0,73218920,"Both XGBoost and GraphSAGE assign high fraud risk, providing strong corroborating model evidence.",-0.1728039361678743,0.1566627792390681,1.5735945770991024,-0.1219695997591005,-0.0637245732388369,-0.1130020092847624,-0.0615837940730322,-0.1634538300799685,-0.1692710379854386,-0.0497069643940398,-0.165757689153624,-0.0287412858566647,-0.0353905526008135,-0.0631999532943942,-0.0132816148700588,-0.0548174960685526,-0.1709666083160238,-0.1729081406182527,-0.175841025461004,-0.2432996524586214,-0.2434516511662217,-0.1397317777736349,-0.1489122544916116,-0.0801472696533522,-0.1556619122712253,-0.010763009512837,-0.0121074517774784,-0.1397335775878792,-0.1489075535668179,-0.0801467358465918,-0.1556618823006781,-0.0106685610738475,-0.0120051821184178,-0.0246688306562535,-0.0312723904866303,-0.0230451563960962,-0.0262146551774309,0.0014278137097094,0.0014826437872997,-0.2272154464478222,-0.2393683687143703,-0.0752555315462277,-0.2349515175665409,0.0374680287743863,0.0434442213339417,-0.2272033238276858,-0.2432360925423977,-0.0978946778840727,-0.2358964234692872,0.0365766503766988,0.0423451348069101,-0.4139720633436274,-0.4883126415727742,-0.2325526205785921,-0.4675223534191843,0.0487668178548852,0.0529560645235839,-0.0391418311778426,-0.1728941235181061,-0.1631259900993975,-0.1609302269857251,-0.1964346530529631,-0.1961888389129267,-0.0391371138079344,-0.1728830829808247,-0.1631146528780142,-0.1609233410444431,-0.1964085394766894,-0.1961326277610877,-0.0170316758803496,-0.0300262352777919,-0.0176401196299049,-0.0150709000018306,-0.1407632224600331,-0.140334623887323,-0.0938342359938388,-0.2642534138610993,-0.250573517311816,-0.2634071855043009,-0.1691189058033812,-0.1671653815026433,-0.0588908638744741,-0.2624145588671942,-0.2551681497514608,-0.2592320459236382,-0.1871909645279049,-0.1852736257916989,0.7143921972304351,-0.3919183215000166,-0.6942351992761703,-0.0608852413592135,0.0253079828897598,0.0252169034660526,-0.1709718531521681,-0.2030064857232458,-0.1168167152870516,-0.193245375124699,-0.0146587756915064,-0.0188487129543817,1.1895080630525252,1.1980666744090347,-0.0834587840195169,1.1988312154627951,-0.0887977253698474,-0.0904370818830761,-0.079982118474645,-0.1507301102006897,-0.1345464749557279,-0.1121208107281583,-0.0031749902209437,-0.0040940903633603,1.023860363345962,0.7874346980684294,-0.3499327749819623,0.9391059237493712,-0.004357614038573,-0.0041943702405639,-0.1164246038907396,-0.1766172824237854,-0.1373232770907919,-0.1524643713004826,-0.0260596888205881,-0.0276597140284855,-0.0931447270142624,-0.1437067244867594,-0.0977185991261648,-0.1274622504830055,0.0031432964315106,0.0024263098865888,-0.0639655238492215,-0.1894810611796557,-0.1887158089232799,-0.1900790652865659,-0.047722125340837,-0.0481706839301534,1.9405463704494443,1.5579278649733288,-0.301754266335682,1.8375293147859704,0.1831327449045568,0.1827480852580912,1.8866149925317992,0.1788626103359698,-0.4246718150208637,0.7966039350602214,0.1430014050880673,0.1425252107913369,-0.968902874660573,-1.943849738146609,-1.0598683976058427,-1.6789973509416565,0.1855973669005454,0.1854920038455318,3.499571954793207,0.345779710601675,-0.5770993762832375,1.3669213962148878,0.241128277049832,0.2414064458179459,-0.098888736679456,-0.106714613806669,-0.1311553038955873,-0.1836705632417872,-0.1206134067031157,-0.1197924596125166
73219647,42,1,0.99980694,0.98449206,0.998275452,HIGH,CRITICAL,BOTH_HIGH,STRONG_CORROBORATION,0.01531488000000003,1,0,0.0,0.0,0.0,73219650,"Both XGBoost and GraphSAGE assign high fraud risk, providing strong corroborating model evidence.",-0.1728170395804499,0.1107013238652608,1.5735945770991024,-0.1219695997591005,-0.0637245732388369,-0.1130020092847624,-0.0615837940730322,-0.1634683827001118,-0.1692853866511356,-0.0497069643940398,-0.1657722255334348,-0.0287412858566647,-0.0353905526008135,-0.0631999532943942,-0.0132816148700588,-0.0550069148388409,-0.170980079933695,-0.1729081406182527,-0.1758720515511346,-0.2432996524586214,-0.2434516511662217,-0.1397317839489862,-0.1489122584320484,-0.0801472696533522,-0.1556619175038661,-0.010763009512837,-0.0121074517774784,-0.1397335837641678,-0.1489075575075171,-0.0801467358465918,-0.1556618875338782,-0.0106685610738475,-0.0120051821184178,-0.0246688306562535,-0.0312723904866303,-0.0230451563960962,-0.0262146551774309,0.0014278137097094,0.0014826437872997,-0.2272154464478222,-0.2393683687143703,-0.0752555315462277,-0.2349515175665409,0.0374680287743863,0.0434442213339417,-0.2272033238276858,-0.2432360925423977,-0.0978946778840727,-0.2358964234692872,0.0365766503766988,0.0423451348069101,-0.4139720633436274,-0.4883126415727742,-0.2325526205785921,-0.4675223534191843,0.0487668178548852,0.0529560645235839,-0.0391418311778426,-0.1728941235181061,-0.1631259900993975,-0.1609302269857251,-0.1964346530529631,-0.1961888389129267,-0.0391371138079344,-0.1728830829808247,-0.1631146528780142,-0.1609233410444431,-0.1964085394766894,-0.1961326277610877,-0.0170316758803496,-0.0300262352777919,-0.0176401196299049,-0.0150709000018306,-0.1407632224600331,-0.140334623887323,-0.0938342359938388,-0.2642534138610993,-0.250573517311816,-0.2634071855043009,-0.1691189058033812,-0.1671653815026433,-0.0588908638744741,-0.2624145588671942,-0.2551681497514608,-0.2592320459236382,-0.1871909645279049,-0.1852736257916989,0.7143921972304351,-0.3919183215000166,-0.6942351992761703,-0.0608852413592135,0.0253079828897598,0.0252169034660526,-0.124884054161093,-0.1668246454862547,-0.1168167152870516,-0.1481473447012141,-0.0146587756915064,-0.0188487129543817,1.1895080630525252,1.1980666744090347,-0.0834587840195169,1.1988312154627951,-0.0887977253698474,-0.0904370818830761,-0.0086285936921869,-0.0964893004607061,-0.1345464749557279,-0.0439588063725171,-0.0031749902209437,-0.0040940903633603,1.5539093776639068,1.3011283510936915,-0.3499327749819623,1.4814926049495385,-0.004357614038573,-0.0041943702405639,-0.1164246038907396,-0.1766172824237854,-0.1373232770907919,-0.1524643713004826,-0.0260596888205881,-0.0276597140284855,-0.0786574708109301,-0.1351914108990339,-0.0977185991261648,-0.1152615828610564,0.0031432964315106,0.0024263098865888,-0.0639655238492215,-0.1894810611796557,-0.1887158089232799,-0.1900790652865659,-0.047722125340837,-0.0481706839301534,1.9405463704494443,1.5579278649733288,-0.301754266335682,1.8375293147859704,0.1831327449045568,0.1827480852580912,1.8866149925317992,0.1788626103359698,-0.4246718150208637,0.7966039350602214,0.1430014050880673,0.1425252107913369,-0.968902874660573,-1.943849738146609,-1.0598683976058427,-1.6789973509416565,0.1855973669005454,0.1854920038455318,3.499571954793207,0.345779710601675,-0.5770993762832375,1.3669213962148878,0.241128277049832,0.2414064458179459,-0.098888736679456,-0.106714613806669,-0.1311553038955873,-0.1836705632417872,-0.1206134067031157,-0.1197924596125166
73000845,42,1,0.9999403,0.9832008,0.99826635,HIGH,CRITICAL,BOTH_HIGH,STRONG_CORROBORATION,0.016739500000000018,2,0,0.0,0.0,0.0,"72630297,73282397","Both XGBoost and GraphSAGE assign high fraud risk, providing strong corroborating model evidence.",-0.1723161306472218,0.1395165368198239,1.018601901343969,-0.1219695997591005,-0.0637245732388369,-0.1130020092847624,-0.0615837940730322,-0.162955160588953,-0.1687793573293515,-0.0497069643940398,-0.1652595761643419,-0.0287412858566647,-0.0353905526008135,-0.0631999532943942,-0.0132816148700588,-0.0477659343987815,-0.1704650954899415,-0.1729081406182527,-0.1746860058840396,-0.2432996524586214,-0.2434516511662217,-0.1397315661650564,-0.1489121194660577,-0.0801472696533522,-0.1556617329661733,-0.010763009512837,-0.0121074517774784,-0.1397333659471832,-0.1489074185322708,-0.0801467358465918,-0.1556617029764566,-0.0106685610738475,-0.0120051821184178,-0.0246688306562535,-0.0312723904866303,-0.0230451563960962,-0.0262146551774309,0.0014278137097094,0.0014826437872997,-0.2272154464478222,-0.2393683687143703,-0.0752555315462277,-0.2349515175665409,0.0374680287743863,0.0434442213339417,-0.2272033238276858,-0.2432360925423977,-0.0978946778840727,-0.2358964234692872,0.0365766503766988,0.0423451348069101,-0.4140131079898309,-0.488346778248011,-0.2325526205785921,-0.4675617374469571,0.0487668178548852,0.0529560645235839,-0.0391404935619322,-0.1728939267371846,-0.1631259900993975,-0.1609298346410205,-0.1964346530529631,-0.1961888389129267,-0.0391357759163379,-0.1728828861844369,-0.1631146528780142,-0.1609229486850327,-0.1964085394766894,-0.1961326277610877,-0.0170316758803496,-0.0300262352777919,-0.0176401196299049,-0.0150709000018306,-0.1407632224600331,-0.140334623887323,-0.0936101712396957,-0.2642289589454311,-0.250573517311816,-0.2633578409437596,-0.1691189058033812,-0.1671653815026433,-0.0590130547854711,-0.2624238875355379,-0.2551681497514608,-0.259251046036533,-0.1871909645279049,-0.1852736257916989,-0.2936810473441524,-0.7619015806571866,-0.6942351992761703,-0.7208573595942684,0.0253079828897598,0.0252169034660526,-0.1706589643405035,-0.2027608481956697,-0.1168167152870516,-0.192939205824873,-0.0146587756915064,-0.0188487129543817,1.1894440071794063,1.1980015379237323,-0.0834587840195169,1.198766256093994,-0.0887977253698474,-0.0904370818830761,0.0227502858277996,-0.0726360172615012,-0.1345464749557279,-0.0139834501579872,-0.0031749902209437,-0.0040940903633603,1.5539093776639068,1.3011283510936915,-0.3499327749819623,1.4814926049495385,-0.004357614038573,-0.0041943702405639,-0.0119253896692196,-0.115534281150478,-0.1373232770907919,-0.0556552571284946,-0.0260596888205881,-0.0276597140284855,-0.0955592697148178,-0.145125943418047,-0.0977185991261648,-0.1294956950866637,0.0031432964315106,0.0024263098865888,-0.1089553583439631,-0.1975603791362314,-0.1887158089232799,-0.2086506273470353,-0.047722125340837,-0.0481706839301534,1.1024302354529412,0.8210173695142786,-0.301754266335682,1.0176950402106444,0.1831327449045568,0.1827480852580912,1.1914386683165432,-0.0365960251579707,-0.4246718150208637,0.3783439491297943,0.1430014050880673,0.1425252107913369,2.289137668697931,1.1924206753212654,-1.0598683976058427,1.9636750367050433,0.1855973669005454,0.1854920038455318,0.3512956493807992,-0.4705921100717775,-0.5770993762832375,-0.31085679696232,0.241128277049832,0.2414064458179459,-0.098888736679456,-0.106714613806669,-0.1311553038955873,-0.1836705632417872,-0.1206134067031157,-0.1197924596125166
73000832,42,1,0.999944,0.9829759,0.99824719,HIGH,CRITICAL,BOTH_HIGH,STRONG_CORROBORATION,0.01696810000000004,2,0,0.0,0.0,0.0,"73282397,72745216","Both XGBoost and GraphSAGE assign high fraud risk, providing strong corroborating model evidence.",-0.1729007941039089,0.152376218634257,1.5735945770991024,-0.1219695997591005,-0.0637245732388369,-0.1130020092847624,-0.0615837940730322,-0.1635530369017173,-0.1693688544271591,-0.0497069643940398,-0.1658567852632292,-0.0287412858566647,-0.0353905526008135,-0.0631999532943942,-0.0132816148700588,-0.0562176436278539,-0.1710661879541637,-0.1729081406182527,-0.1760703644241112,-0.2432996524586214,-0.2434516511662217,-0.1397318198716876,-0.148912281354005,-0.0801472696533522,-0.1556619479427164,-0.010763009512837,-0.0121074517774784,-0.1397336196923215,-0.1489075804310005,-0.0801467358465918,-0.1556619179759828,-0.0106685610738475,-0.0120051821184178,-0.0246688306562535,-0.0312723904866303,-0.0230451563960962,-0.0262146551774309,0.0014278137097094,0.0014826437872997,-0.2272154464478222,-0.2393683687143703,-0.0752555315462277,-0.2349515175665409,0.0374680287743863,0.0434442213339417,-0.2272033238276858,-0.2432360925423977,-0.0978946778840727,-0.2358964234692872,0.0365766503766988,0.0423451348069101,-0.4140131079898309,-0.488346778248011,-0.2325526205785921,-0.4675617374469571,0.0487668178548852,0.0529560645235839,-0.0391404935619322,-0.1728939267371846,-0.1631259900993975,-0.1609298346410205,-0.1964346530529631,-0.1961888389129267,-0.0391357759163379,-0.1728828861844369,-0.1631146528780142,-0.1609229486850327,-0.1964085394766894,-0.1961326277610877,-0.0170316758803496,-0.0300262352777919,-0.0176401196299049,-0.0150709000018306,-0.1407632224600331,-0.140334623887323,-0.0936101712396957,-0.2642289589454311,-0.250573517311816,-0.2633578409437596,-0.1691189058033812,-0.1671653815026433,-0.0590130547854711,-0.2624238875355379,-0.2551681497514608,-0.259251046036533,-0.1871909645279049,-0.1852736257916989,-0.2936810473441524,-0.7619015806571866,-0.6942351992761703,-0.7208573595942684,0.0253079828897598,0.0252169034660526,-0.1710396853558859,-0.2030597382979308,-0.1168167152870516,-0.1933117505831484,-0.0146587756915064,-0.0188487129543817,1.1894440071794063,1.1980015379237323,-0.0834587840195169,1.198766256093994,-0.0887977253698474,-0.0904370818830761,-0.1092870777883378,-0.1730068614532464,-0.1345464749557279,-0.140115009619828,-0.0031749902209437,-0.0040940903633603,1.023860363345962,0.7874346980684294,-0.3499327749819623,0.9391059237493712,-0.004357614038573,-0.0041943702405639,-0.1164246038907396,-0.1766172824237854,-0.1373232770907919,-0.1524643713004826,-0.0260596888205881,-0.0276597140284855,-0.0955592697148178,-0.145125943418047,-0.0977185991261648,-0.1294956950866637,0.0031432964315106,0.0024263098865888,-0.1089553583439631,-0.1975603791362314,-0.1887158089232799,-0.2086506273470353,-0.047722125340837,-0.0481706839301534,1.1024302354529412,0.8210173695142786,-0.301754266335682,1.0176950402106444,0.1831327449045568,0.1827480852580912,1.1914386683165432,-0.0365960251579707,-0.4246718150208637,0.3783439491297943,0.1430014050880673,0.1425252107913369,2.289137668697931,1.1924206753212654,-1.0598683976058427,1.9636750367050433,0.1855973669005454,0.1854920038455318,0.3512956493807992,-0.4705921100717775,-0.5770993762832375,-0.31085679696232,0.241128277049832,0.2414064458179459,-0.098888736679456,-0.106714613806669,-0.1311553038955873,-0.1836705632417872,-0.1206134067031157,-0.1197924596125166
73001620,42,1,0.99996316,0.98163694,0.998130538,HIGH,CRITICAL,BOTH_HIGH,STRONG_CORROBORATION,0.01832621999999995,2,0,0.0,0.0,0.0,"73282397,61349111","Both XGBoost and GraphSAGE assign high fraud risk, providing strong corroborating model evidence.",-0.1728589927538051,0.0980797843066505,1.5735945770991024,-0.1219695997591005,-0.0637245732388369,-0.1130020092847624,-0.0615837940730322,-0.1635116216589274,-0.169328019617503,-0.0497069643940398,-0.1658154162387358,-0.0287412858566647,-0.0353905526008135,-0.0631999532943942,-0.0132816148700588,-0.0556133765876975,-0.1710232119886671,-0.1729081406182527,-0.1759713877301844,-0.2432996524586214,-0.2434516511662217,-0.1397318022972805,-0.148912270139932,-0.0801472696533522,-0.1556619330511652,-0.010763009512837,-0.0121074517774784,-0.139733602115247,-0.1489075692161806,-0.0801467358465918,-0.1556619030828396,-0.0106685610738475,-0.0120051821184178,-0.0246688306562535,-0.0312723904866303,-0.0230451563960962,-0.0262146551774309,0.0014278137097094,0.0014826437872997,-0.2272154464478222,-0.2393683687143703,-0.0752555315462277,-0.2349515175665409,0.0374680287743863,0.0434442213339417,-0.2272033238276858,-0.2432360925423977,-0.0978946778840727,-0.2358964234692872,0.0365766503766988,0.0423451348069101,-0.4140131079898309,-0.488346778248011,-0.2325526205785921,-0.4675617374469571,0.0487668178548852,0.0529560645235839,-0.0391404935619322,-0.1728939267371846,-0.1631259900993975,-0.1609298346410205,-0.1964346530529631,-0.1961888389129267,-0.0391357759163379,-0.1728828861844369,-0.1631146528780142,-0.1609229486850327,-0.1964085394766894,-0.1961326277610877,-0.0170316758803496,-0.0300262352777919,-0.0176401196299049,-0.0150709000018306,-0.1407632224600331,-0.140334623887323,-0.0936101712396957,-0.2642289589454311,-0.250573517311816,-0.2633578409437596,-0.1691189058033812,-0.1671653815026433,-0.0590130547854711,-0.2624238875355379,-0.2551681497514608,-0.259251046036533,-0.1871909645279049,-0.1852736257916989,-0.2936810473441524,-0.7619015806571866,-0.6942351992761703,-0.7208573595942684,0.0253079828897598,0.0252169034660526,0.4761643677666118,0.3050364208470528,-0.1168167152870516,0.4399931309012841,-0.0146587756915064,-0.0188487129543817,1.1894440071794063,1.1980015379237323,-0.0834587840195169,1.198766256093994,-0.0887977253698474,-0.0904370818830761,0.0448343128905323,-0.0558484021597337,-0.1345464749557279,0.00711279636143,-0.0031749902209437,-0.0040940903633603,1.5539093776639068,1.3011283510936915,-0.3499327749819623,1.4814926049495385,-0.004357614038573,-0.0041943702405639,-0.1164246038907396,-0.1766172824237854,-0.1373232770907919,-0.1524643713004826,-0.0260596888205881,-0.0276597140284855,-0.0689993000087085,-0.1295145351738836,-0.0977185991261648,-0.1071278044464237,0.0031432964315106,0.0024263098865888,-0.1089553583439631,-0.1975603791362314,-0.1887158089232799,-0.2086506273470353,-0.047722125340837,-0.0481706839301534,1.1024302354529412,0.8210173695142786,-0.301754266335682,1.0176950402106444,0.1831327449045568,0.1827480852580912,1.1914386683165432,-0.0365960251579707,-0.4246718150208637,0.3783439491297943,0.1430014050880673,0.1425252107913369,2.289137668697931,1.1924206753212654,-1.0598683976058427,1.9636750367050433,0.1855973669005454,0.1854920038455318,0.3512956493807992,-0.4705921100717775,-0.5770993762832375,-0.31085679696232,0.241128277049832,0.2414064458179459,-0.098888736679456,-0.106714613806669,-0.1311553038955873,-0.1836705632417872,-0.1206134067031157,-0.1197924596125166
73218974,42,1,0.99872833,0.9919469,0.998050187,HIGH,CRITICAL,BOTH_HIGH,STRONG_CORROBORATION,0.006781430000000088,1,0,0.0,0.0,0.0,34180566,"Both XGBoost and GraphSAGE assign high fraud risk, providing strong corroborating model evidence.",-0.1729531630335281,0.1316578423776703,1.5735945770991024,-0.1219695997591005,-0.0637245732388369,-0.1130020092847624,-0.0615837940730322,-0.1636071345828781,-0.1694221939312699,-0.0497069643940398,-0.1659108225728335,-0.0287412858566647,-0.0353905526008135,-0.0631999532943942,-0.0132816148700588,-0.0569746722410101,-0.1711200284475167,-0.1729081406182527,-0.1761943628955798,-0.2432996524586214,-0.2434516511662217,-0.1397318154423272,-0.1489122785276695,-0.0801472696533522,-0.1556619441895288,-0.010763009512837,-0.0121074517774784,-0.1397336152622888,-0.1489075776044767,-0.0801467358465918,-0.1556619142223939,-0.0106685610738475,-0.0120051821184178,-0.0246688306562535,-0.0312723904866303,-0.0230451563960962,-0.0262146551774309,0.0014278137097094,0.0014826437872997,-0.2272059853608941,-0.2393594605263469,-0.0752555315462277,-0.2349422570418879,0.0374680287743863,0.0434442213339417,-0.2271934767765055,-0.2432264611117294,-0.0978946778840727,-0.23588663540528,0.0365766503766988,0.0423451348069101,-0.4138491009963472,-0.4882103742589169,-0.2325526205785921,-0.4674043659848115,0.0487668178548852,0.0529560645235839,-0.0391418311778426,-0.1728941235181061,-0.1631259900993975,-0.1609302269857251,-0.1964346530529631,-0.1961888389129267,-0.0391371138079344,-0.1728830829808247,-0.1631146528780142,-0.1609233410444431,-0.1964085394766894,-0.1961326277610877,-0.0170316758803496,-0.0300262352777919,-0.0176401196299049,-0.0150709000018306,-0.1407632224600331,-0.140334623887323,-0.0938342359938388,-0.2642534138610993,-0.250573517311816,-0.2634071855043009,-0.1691189058033812,-0.1671653815026433,-0.0588908638744741,-0.2624145588671942,-0.2551681497514608,-0.2592320459236382,-0.1871909645279049,-0.1852736257916989,0.7143921972304351,-0.3919183215000166,-0.6942351992761703,-0.0608852413592135,0.0253079828897598,0.0252169034660526,-0.1621313975076894,-0.1960661683127165,-0.1168167152870516,-0.1845947746113316,-0.0146587756915064,-0.0188487129543817,1.1895080630525252,1.1980666744090347,-0.0834587840195169,1.1988312154627951,-0.0887977253698474,-0.0904370818830761,0.0982972194732517,-0.0152075038587613,-0.1345464749557279,0.0581843990953772,-0.0031749902209437,-0.0040940903633603,1.5539093776639068,1.3011283510936915,-0.3499327749819623,1.4814926049495385,-0.004357614038573,-0.0041943702405639,-0.1164246038907396,-0.1766172824237854,-0.1373232770907919,-0.1524643713004826,-0.0260596888205881,-0.0276597140284855,-0.059341129206487,-0.1238376594487332,-0.0977185991261648,-0.098994026031791,0.0031432964315106,0.0024263098865888,-0.0639655238492215,-0.1894810611796557,-0.1887158089232799,-0.1900790652865659,-0.047722125340837,-0.0481706839301534,1.9405463704494443,1.5579278649733288,-0.301754266335682,1.8375293147859704,0.1831327449045568,0.1827480852580912,1.8866149925317992,0.1788626103359698,-0.4246718150208637,0.7966039350602214,0.1430014050880673,0.1425252107913369,-0.968902874660573,-1.943849738146609,-1.0598683976058427,-1.6789973509416565,0.1855973669005454,0.1854920038455318,3.499571954793207,0.345779710601675,-0.5770993762832375,1.3669213962148878,0.241128277049832,0.2414064458179459,-0.098888736679456,-0.106714613806669,-0.1311553038955873,-0.1836705632417872,-0.1206134067031157,-0.1197924596125166
73002476,42,1,0.9999039,0.9808199,0.9979955,HIGH,CRITICAL,BOTH_HIGH,STRONG_CORROBORATION,0.01908399999999999,2,0,0.0,0.0,0.0,"73282397,72629715","Both XGBoost and GraphSAGE assign high fraud risk, providing strong corroborating model evidence.",-0.1721148367954071,0.0642635839798079,1.5735945770991024,-0.1219695997591005,-0.0637245732388369,-0.1130020092847624,-0.0615837940730322,-0.1627510834808156,-0.1685781403545231,-0.0497069643940398,-0.1650557268007658,-0.0287412858566647,-0.0353905526008135,-0.0631999532943942,-0.0132816148700588,-0.0448560944118997,-0.1702581452931469,-0.1729081406182527,-0.1742093849157951,-0.2432996524586214,-0.2434516511662217,-0.1397314795656804,-0.1489120642077653,-0.0801472696533522,-0.1556616595867965,-0.010763009512837,-0.0121074517774784,-0.1397332793346633,-0.1489073632702979,-0.0801467358465918,-0.1556616295892349,-0.0106685610738475,-0.0120051821184178,-0.0246688306562535,-0.0312723904866303,-0.0230451563960962,-0.0262146551774309,0.0014278137097094,0.0014826437872997,-0.2272154464478222,-0.2393683687143703,-0.0752555315462277,-0.2349515175665409,0.0374680287743863,0.0434442213339417,-0.2272033238276858,-0.2432360925423977,-0.0978946778840727,-0.2358964234692872,0.0365766503766988,0.0423451348069101,-0.4140131079898309,-0.488346778248011,-0.2325526205785921,-0.4675617374469571,0.0487668178548852,0.0529560645235839,-0.0391404935619322,-0.1728939267371846,-0.1631259900993975,-0.1609298346410205,-0.1964346530529631,-0.1961888389129267,-0.0391357759163379,-0.1728828861844369,-0.1631146528780142,-0.1609229486850327,-0.1964085394766894,-0.1961326277610877,-0.0170316758803496,-0.0300262352777919,-0.0176401196299049,-0.0150709000018306,-0.1407632224600331,-0.140334623887323,-0.0936101712396957,-0.2642289589454311,-0.250573517311816,-0.2633578409437596,-0.1691189058033812,-0.1671653815026433,-0.0590130547854711,-0.2624238875355379,-0.2551681497514608,-0.259251046036533,-0.1871909645279049,-0.1852736257916989,-0.2936810473441524,-0.7619015806571866,-0.6942351992761703,-0.7208573595942684,0.0253079828897598,0.0252169034660526,-0.1704951302163747,-0.2026322280351422,-0.1168167152870516,-0.1927788901561687,-0.0146587756915064,-0.0188487129543817,1.1894440071794063,1.1980015379237323,-0.0834587840195169,1.198766256093994,-0.0887977253698474,-0.0904370818830761,-0.038091375443872,-0.1188860235977345,-0.1345464749557279,-0.0721037685760014,-0.0031749902209437,-0.0040940903633603,1.023860363345962,0.7874346980684294,-0.3499327749819623,0.9391059237493712,-0.004357614038573,-0.0041943702405639,-0.1164246038907396,-0.1766172824237854,-0.1373232770907919,-0.1524643713004826,-0.0260596888205881,-0.0276597140284855,-0.0931447270142624,-0.1437067244867594,-0.0977185991261648,-0.1274622504830055,0.0031432964315106,0.0024263098865888,-0.1089553583439631,-0.1975603791362314,-0.1887158089232799,-0.2086506273470353,-0.047722125340837,-0.0481706839301534,1.1024302354529412,0.8210173695142786,-0.301754266335682,1.0176950402106444,0.1831327449045568,0.1827480852580912,1.1914386683165432,-0.0365960251579707,-0.4246718150208637,0.3783439491297943,0.1430014050880673,0.1425252107913369,2.289137668697931,1.1924206753212654,-1.0598683976058427,1.9636750367050433,0.1855973669005454,0.1854920038455318,0.3512956493807992,-0.4705921100717775,-0.5770993762832375,-0.31085679696232,0.241128277049832,0.2414064458179459,-0.098888736679456,-0.106714613806669,-0.1311553038955873,-0.1836705632417872,-0.1206134067031157,-0.1197924596125166
71989154,42,1,0.9991346,0.98707306,0.997928446,HIGH,CRITICAL,BOTH_HIGH,STRONG_CORROBORATION,0.012061540000000037,2,0,0.001539812266,0.001539812266,0.0,"73160850,62852493","Both XGBoost and GraphSAGE assign high fraud risk, providing strong corroborating model evidence.",-0.1729160379278735,0.1042714829580443,1.5735945770991024,-0.1219695997591005,-0.0637245732388369,-0.1130020092847624,-0.0615837940730322,-0.1635698329139298,-0.1693854150438664,-0.0497069643940398,-0.165873562531544,-0.0287412858566647,-0.0353905526008135,-0.0631999532943942,-0.0132816148700588,-0.0564380035053428,-0.1710818601286536,-0.1729081406182527,-0.1761064585525322,-0.2432996524586214,-0.2434516511662217,-0.13973178948086,-0.1489122619618879,-0.0801472696533522,-0.1556619221912607,-0.010763009512837,-0.0121074517774784,-0.1397335892968812,-0.1489075610375918,-0.0801467358465918,-0.155661892221774,-0.0106685610738475,-0.0120051821184178,-0.0246688306562535,-0.0312723904866303,-0.0230451563960962,-0.0262146551774309,0.0014278137097094,0.0014826437872997,-0.2272059853608941,-0.2393594605263469,-0.0752555315462277,-0.2349422570418879,0.0374680287743863,0.0434442213339417,-0.2271934767765055,-0.2432264611117294,-0.0978946778840727,-0.23588663540528,0.0365766503766988,0.0423451348069101,-0.411803286201924,-0.4865088779203804,-0.2325526205785921,-0.4654413224667347,0.0487668178548852,0.0529560645235839,-0.0391168419451955,-0.1728904472727868,-0.1631259900993975,-0.1609228972335704,-0.1964346530529631,-0.1961888389129267,-0.0391121194249417,-0.1728794064465664,-0.1631146528780142,-0.1609160110175567,-0.1964085394766894,-0.1961326277610877,-0.0170316758803496,-0.0300262352777919,-0.0176401196299049,-0.0150709000018306,-0.1407632224600331,-0.140334623887323,-0.0918176532065505,-0.2640333196200848,-0.250573517311816,-0.2629630844594285,-0.1691189058033812,-0.1671653815026433,-0.0590130547854711,-0.2624238875355379,-0.2551681497514608,-0.259251046036533,-0.1871909645279049,-0.1852736257916989,-0.2936728855243152,-0.7618985851043136,-0.6942351992761703,-0.7208520161595969,0.0253079828897598,0.0252169034660526,-0.0055346707461149,-0.0731278229510677,-0.1168167152870516,-0.0313610749703649,-0.0146587756915064,-0.0188487129543817,1.1892518395600504,1.197806128467826,-0.0834587840195169,1.1985713779875906,-0.0887977253698474,-0.0904370818830761,0.6256197732767712,0.3856472878233824,-0.1345464749557279,0.5619207221259086,-0.0031749902209437,-0.0040940903633603,1.5539093776639068,1.3011283510936915,-0.3499327749819623,1.4814926049495385,-0.004357614038573,-0.0041943702405639,-0.0119253896692196,-0.115534281150478,-0.1373232770907919,-0.0556552571284946,-0.0260596888205881,-0.0276597140284855,0.0130951518101746,-0.0812610915101058,-0.0977185991261648,-0.0379906879220458,0.0031432964315106,0.0024263098865888,-0.0730746351691853,-0.1911168841935064,-0.1887158089232799,-0.1938392575187512,-0.047722125340837,-0.0481706839301534,1.1023703207991185,0.8209646897776766,-0.301754266335682,1.0176364324775369,0.1831327449045568,0.1827480852580912,1.3350771055467014,0.0079223806220699,-0.4246718150208637,0.4647654923300368,0.1430014050880673,0.1425252107913369,0.6601173970186788,-0.3757145314126718,-1.0598683976058427,0.1423388428816934,0.1855973669005454,0.1854920038455318,0.9194056593800308,-0.3232768943111545,-0.5770993762832375,-0.0080998297724479,0.241128277049832,0.2414064458179459,0.0182794000374458,-0.0874901561101501,-0.1311553038955873,-0.0975235937715251,-0.1206134067031157,-0.1197924596125166
73000853,42,1,0.999915,0.9800132,0.99792482,HIGH,CRITICAL,BOTH_HIGH,STRONG_CORROBORATION,0.01990179999999997,2,0,0.0,0.0,0.0,"72648143,73282397","Both XGBoost and GraphSAGE assign high fraud risk, providing strong corroborating model evidence.",-0.1729278747169712,0.129276419819442,1.5735945770991024,-0.1219695997591005,-0.0637245732388369,-0.1130020092847624,-0.0615837940730322,-0.1635813202791076,-0.1693967414140356,-0.0497069643940398,-0.1658850370771314,-0.0287412858566647,-0.0353905526008135,-0.0631999532943942,-0.0132816148700588,-0.0566091123689388,-0.1710940295308043,-0.1729081406182527,-0.1761344855480406,-0.2432996524586214,-0.2434516511662217,-0.1397318318736356,-0.1489122890123413,-0.0801472696533522,-0.1556619581124833,-0.010763009512837,-0.0121074517774784,-0.1397336316960911,-0.1489075880898469,-0.0801467358465918,-0.1556619281468369,-0.0106685610738475,-0.0120051821184178,-0.0246688306562535,-0.0312723904866303,-0.0230451563960962,-0.0262146551774309,0.0014278137097094,0.0014826437872997,-0.2272154464478222,-0.2393683687143703,-0.0752555315462277,-0.2349515175665409,0.0374680287743863,0.0434442213339417,-0.2272033238276858,-0.2432360925423977,-0.0978946778840727,-0.2358964234692872,0.0365766503766988,0.0423451348069101,-0.4140131079898309,-0.488346778248011,-0.2325526205785921,-0.4675617374469571,0.0487668178548852,0.0529560645235839,-0.0391404935619322,-0.1728939267371846,-0.1631259900993975,-0.1609298346410205,-0.1964346530529631,-0.1961888389129267,-0.0391357759163379,-0.1728828861844369,-0.1631146528780142,-0.1609229486850327,-0.1964085394766894,-0.1961326277610877,-0.0170316758803496,-0.0300262352777919,-0.0176401196299049,-0.0150709000018306,-0.1407632224600331,-0.140334623887323,-0.0936101712396957,-0.2642289589454311,-0.250573517311816,-0.2633578409437596,-0.1691189058033812,-0.1671653815026433,-0.0590130547854711,-0.2624238875355379,-0.2551681497514608,-0.259251046036533,-0.1871909645279049,-0.1852736257916989,-0.2936810473441524,-0.7619015806571866,-0.6942351992761703,-0.7208573595942684,0.0253079828897598,0.0252169034660526,-0.1710206888884535,-0.2030448248682433,-0.1168167152870516,-0.1932931620784909,-0.0146587756915064,-0.0188487129543817,1.1894440071794063,1.1980015379237323,-0.0834587840195169,1.198766256093994,-0.0887977253698474,-0.0904370818830761,-0.0799810070490254,-0.1507292653282638,-0.1345464749557279,-0.1121197490146948,-0.0031749902209437,-0.0040940903633603,0.4938113490280171,0.2737410450431671,-0.3499327749819623,0.3967192425492039,-0.004357614038573,-0.0041943702405639,-0.1164246038907396,-0.1766172824237854,-0.1373232770907919,-0.1524643713004826,-0.0260596888205881,-0.0276597140284855,-0.0931447270142624,-0.1437067244867594,-0.0977185991261648,-0.1274622504830055,0.0031432964315106,0.0024263098865888,-0.1089553583439631,-0.1975603791362314,-0.1887158089232799,-0.2086506273470353,-0.047722125340837,-0.0481706839301534,1.1024302354529412,0.8210173695142786,-0.301754266335682,1.0176950402106444,0.1831327449045568,0.1827480852580912,1.1914386683165432,-0.0365960251579707,-0.4246718150208637,0.3783439491297943,0.1430014050880673,0.1425252107913369,2.289137668697931,1.1924206753212654,-1.0598683976058427,1.9636750367050433,0.1855973669005454,0.1854920038455318,0.3512956493807992,-0.4705921100717775,-0.5770993762832375,-0.31085679696232,0.241128277049832,0.2414064458179459,-0.098888736679456,-0.106714613806669,-0.1311553038955873,-0.1836705632417872,-0.1206134067031157,-0.1197924596125166
72630995,42,1,0.9999404,0.9787759,0.99782395,HIGH,CRITICAL,BOTH_HIGH,STRONG_CORROBORATION,0.02116449999999992,1,0,0.0,0.0,0.0,14381000,"Both XGBoost and GraphSAGE assign high fraud risk, providing strong corroborating model evidence.",-0.17292586689074,0.0468791993047409,1.018601901343969,-0.1219695997591005,-0.0637245732388369,-0.1130020092847624,-0.0615837940730322,-0.1635813202791076,-0.1693967414140356,-0.0497069643940398,-0.1658850370771314,-0.0287412858566647,-0.0353905526008135,-0.0631999532943942,-0.0132816148700588,-0.0565800878706654,-0.1710919652847781,-0.1729081406182527,-0.1761297314431646,-0.2432996524586214,-0.2434516511662217,-0.1397318318736356,-0.1489122890123413,-0.0801472696533522,-0.1556619581124833,-0.010763009512837,-0.0121074517774784,-0.1397336316960911,-0.1489075880898469,-0.0801467358465918,-0.1556619281468369,-0.0106685610738475,-0.0120051821184178,-0.0246688306562535,-0.0312723904866303,-0.0230451563960962,-0.0262146551774309,0.0014278137097094,0.0014826437872997,-0.2272154464478222,-0.2393683687143703,-0.0752555315462277,-0.2349515175665409,0.0374680287743863,0.0434442213339417,-0.2272033238276858,-0.2432360925423977,-0.0978946778840727,-0.2358964234692872,0.0365766503766988,0.0423451348069101,-0.4139826676878388,-0.4883214611652894,-0.2325526205785921,-0.4675325287240186,0.0487668178548852,0.0529560645235839,-0.0391283284860405,-0.1728921370942637,-0.1631259900993975,-0.1609262664245615,-0.1964346530529631,-0.1961888389129267,-0.0391236083331926,-0.1728810964008568,-0.1631146528780142,-0.1609193803348308,-0.1964085394766894,-0.1961326277610877,-0.0170316758803496,-0.0300262352777919,-0.0176401196299049,-0.0150709000018306,-0.1407632224600331,-0.140334623887323,-0.0938342359938388,-0.2642534138610993,-0.250573517311816,-0.2634071855043009,-0.1691189058033812,-0.1671653815026433,-0.0590130547854711,-0.2624238875355379,-0.2551681497514608,-0.259251046036533,-0.1871909645279049,-0.1852736257916989,-0.2885953981237635,-0.7600350445859078,-0.6942351992761703,-0.7175278528281238,0.0253079828897598,0.0252169034660526,-0.0803766430692785,-0.1318835098117573,-0.1168167152870516,-0.1045957622123672,-0.0146587756915064,-0.0188487129543817,1.189411979242847,1.1979689696810816,-0.0834587840195169,1.1987337764095936,-0.0887977253698474,-0.0904370818830761,0.0703926564403362,-0.036419715854739,-0.1345464749557279,0.0315279591676968,-0.0031749902209437,-0.0040940903633603,1.5539093776639068,1.3011283510936915,-0.3499327749819623,1.4814926049495385,-0.004357614038573,-0.0041943702405639,-0.1164246038907396,-0.1766172824237854,-0.1373232770907919,-0.1524643713004826,-0.0260596888205881,-0.0276597140284855,-0.0641702146075978,-0.1266760973113084,-0.0977185991261648,-0.1030609152391074,0.0031432964315106,0.0024263098865888,-0.0668827593619859,-0.1900049411522436,-0.1887158089232799,-0.1912832844391533,-0.047722125340837,-0.0481706839301534,1.107493023700945,0.8254688072571595,-0.301754266335682,1.0226473936582343,0.1831327449045568,0.1827480852580912,0.7449109096229471,-0.1749900674275973,-0.4246718150208637,0.1096859302026446,0.1430014050880673,0.1425252107913369,0.6601173970186788,-0.3757145314126718,-1.0598683976058427,0.1423388428816934,0.1855973669005454,0.1854920038455318,0.706364405630319,-0.3785201002213881,-0.5770993762832375,-0.12163369246865,0.241128277049832,0.2414064458179459,-0.098888736679456,-0.106714613806669,-0.1311553038955873,-0.1836705632417872,-0.1206134067031157,-0.1197924596125166
72601861,42,1,0.9998872,0.9765132,0.9975498,HIGH,CRITICAL,BOTH_HIGH,STRONG_CORROBORATION,0.023374000000000006,1,0,0.0,0.0,0.0,72298055,"Both XGBoost and GraphSAGE assign high fraud risk, providing strong corroborating model evidence.",-0.1689857411658878,0.1204651563539971,1.018601901343969,-0.1219695997591005,-0.0637245732388369,-0.1130020092847624,-0.0615837940730322,-0.159548156057698,-0.1654201018437037,-0.0497069643940398,-0.161856373758466,-0.0287412858566647,-0.0353905526008135,-0.0631999532943942,-0.0132816148700588,0.0003771181451286,-0.1670411222669566,-0.1729081406182527,-0.1668003529199004,-0.2432996524586214,-0.2434516511662217,-0.1397301204151184,-0.1489111969458675,-0.0801472696533522,-0.1556605079200546,-0.010763009512837,-0.0121074517774784,-0.139731919977812,-0.1489064959506363,-0.0801467358465918,-0.1556604777993687,-0.0106685610738475,-0.0120051821184178,-0.0246688306562535,-0.0312723904866303,-0.0230451563960962,-0.0262146551774309,0.0014278137097094,0.0014826437872997,-0.2272154464478222,-0.2393683687143703,-0.0752555315462277,-0.2349515175665409,0.0374680287743863,0.0434442213339417,-0.2272033238276858,-0.2432360925423977,-0.0978946778840727,-0.2358964234692872,0.0365766503766988,0.0423451348069101,-0.4139826676878388,-0.4883214611652894,-0.2325526205785921,-0.4675325287240186,0.0487668178548852,0.0529560645235839,-0.0391312267543373,-0.1728925634677106,-0.1631259900993975,-0.1609271165342304,-0.1964346530529631,-0.1961888389129267,-0.0391265071988299,-0.1728815228078151,-0.1631146528780142,-0.1609202304763634,-0.1964085394766894,-0.1961326277610877,-0.0170316758803496,-0.0300262352777919,-0.0176401196299049,-0.0150709000018306,-0.1407632224600331,-0.140334623887323,-0.0937595477424578,-0.2642452622225432,-0.250573517311816,-0.2633907373174538,-0.1691189058033812,-0.1671653815026433,-0.0590130547854711,-0.2624238875355379,-0.2551681497514608,-0.259251046036533,-0.1871909645279049,-0.1852736257916989,-0.2929651850515106,-0.7616388447244905,-0.6942351992761703,-0.7203886940918538,0.0253079828897598,0.0252169034660526,-0.1683431874953594,-0.2009428167498254,-0.1168167152870516,-0.1906731619498654,-0.0146587756915064,-0.0188487129543817,1.189411979242847,1.1979689696810816,-0.0834587840195169,1.1987337764095936,-0.0887977253698474,-0.0904370818830761,-0.0616091415559719,-0.1367635241288568,-0.1345464749557279,-0.0945696254633124,-0.0031749902209437,-0.0040940903633603,1.023860363345962,0.7874346980684294,-0.3499327749819623,0.9391059237493712,-0.004357614038573,-0.0041943702405639,-0.1164246038907396,-0.1766172824237854,-0.1373232770907919,-0.1524643713004826,-0.0260596888205881,-0.0276597140284855,-0.0931447270142624,-0.1437067244867594,-0.0977185991261648,-0.1274622504830055,0.0031432964315106,0.0024263098865888,0.5246644772511616,-0.0837743167321888,-0.1887158089232799,0.0529042379164654,-0.047722125340837,-0.0481706839301534,1.1032690406064565,0.8217548858267086,-0.301754266335682,1.0185155484741504,0.1831327449045568,0.1827480852580912,1.6763396238550032,0.1136911675883609,-0.4246718150208637,0.6700895966388815,0.1430014050880673,0.1425252107913369,2.289137668697931,1.1924206753212654,-1.0598683976058427,1.9636750367050433,0.1855973669005454,0.1854920038455318,0.5643369031305111,-0.4153489041615438,-0.5770993762832375,-0.197322934266118,0.241128277049832,0.2414064458179459,-0.098888736679456,-0.106714613806669,-0.1311553038955873,-0.1836705632417872,-0.1206134067031157,-0.1197924596125166
73223974,42,1,0.9997917,0.97641265,0.997453795,HIGH,CRITICAL,BOTH_HIGH,STRONG_CORROBORATION,0.023379049999999957,1,0,0.0,0.0,0.0,73218880,"Both XGBoost and GraphSAGE assign high fraud risk, providing strong corroborating model evidence.",-0.1723853090662589,0.0283041033505597,1.018601901343969,-0.1219695997591005,-0.0637245732388369,-0.1130020092847624,-0.0615837940730322,-0.1630287130265431,-0.168851878932182,-0.0497069643940398,-0.1653330465193909,-0.0287412858566647,-0.0353905526008135,-0.0631999532943942,-0.0132816148700588,-0.0487659556519343,-0.1705362178183416,-0.1729081406182527,-0.1748498056462573,-0.2432996524586214,-0.2434516511662217,-0.1397315973767649,-0.1489121393819716,-0.0801472696533522,-0.1556617594131966,-0.010763009512837,-0.0121074517774784,-0.1397333971636289,-0.1489074384495111,-0.0801467358465918,-0.1556617294263074,-0.0106685610738475,-0.0120051821184178,-0.0246688306562535,-0.0312723904866303,-0.0230451563960962,-0.0262146551774309,0.0014278137097094,0.0014826437872997,-0.2272154464478222,-0.2393683687143703,-0.0752555315462277,-0.2349515175665409,0.0374680287743863,0.0434442213339417,-0.2272033238276858,-0.2432360925423977,-0.0978946778840727,-0.2358964234692872,0.0365766503766988,0.0423451348069101,-0.4139720633436274,-0.4883126415727742,-0.2325526205785921,-0.4675223534191843,0.0487668178548852,0.0529560645235839,-0.0391418311778426,-0.1728941235181061,-0.1631259900993975,-0.1609302269857251,-0.1964346530529631,-0.1961888389129267,-0.0391371138079344,-0.1728830829808247,-0.1631146528780142,-0.1609233410444431,-0.1964085394766894,-0.1961326277610877,-0.0170316758803496,-0.0300262352777919,-0.0176401196299049,-0.0150709000018306,-0.1407632224600331,-0.140334623887323,-0.0938342359938388,-0.2642534138610993,-0.250573517311816,-0.2634071855043009,-0.1691189058033812,-0.1671653815026433,-0.0588908638744741,-0.2624145588671942,-0.2551681497514608,-0.2592320459236382,-0.1871909645279049,-0.1852736257916989,0.7143921972304351,-0.3919183215000166,-0.6942351992761703,-0.0608852413592135,0.0253079828897598,0.0252169034660526,-0.1611632900618541,-0.1953061426724328,-0.1168167152870516,-0.1836474579678542,-0.0146587756915064,-0.0188487129543817,1.1895080630525252,1.1980666744090347,-0.0834587840195169,1.1988312154627951,-0.0887977253698474,-0.0904370818830761,0.0849312149711669,-0.0253679396521109,-0.1345464749557279,0.0454162329835245,-0.0031749902209437,-0.0040940903633603,1.5539093776639068,1.3011283510936915,-0.3499327749819623,1.4814926049495385,-0.004357614038573,-0.0041943702405639,-0.1164246038907396,-0.1766172824237854,-0.1373232770907919,-0.1524643713004826,-0.0260596888205881,-0.0276597140284855,-0.0617556719070424,-0.1252568783800208,-0.0977185991261648,-0.1010274706354492,0.0031432964315106,0.0024263098865888,-0.0417642015788331,-0.1854941262710635,-0.1887158089232799,-0.1809144786860707,-0.047722125340837,-0.0481706839301534,1.9159514050552944,1.53630283309815,-0.301754266335682,1.8134708403453104,0.1831327449045568,0.1827480852580912,0.6781892850925403,-0.195669353643923,-0.4246718150208637,0.0695421785165586,0.1430014050880673,0.1425252107913369,-0.4258961174341557,-1.4211380025686302,-1.0598683976058427,-1.071885286333873,0.1855973669005454,0.1854920038455318,0.8720631585467615,-0.3355531622912064,-0.5770993762832375,-0.0333295770382706,0.241128277049832,0.2414064458179459,0.0182794000374458,-0.0874901561101501,-0.1311553038955873,-0.0975235937715251,-0.1206134067031157,-0.1197924596125166
72601480,42,1,0.99995244,0.97481334,0.99743853,HIGH,CRITICAL,BOTH_HIGH,STRONG_CORROBORATION,0.02513910000000008,1,0,0.0,0.0,0.0,55774950,"Both XGBoost and GraphSAGE assign high fraud risk, providing strong corroborating model evidence.",-0.1729282286978964,0.1438030974246349,1.5735945770991024,-0.1219695997591005,-0.0637245732388369,-0.1130020092847624,-0.0615837940730322,-0.1635813202791076,-0.1693967414140356,-0.0497069643940398,-0.1658850370771314,-0.0287412858566647,-0.0353905526008135,-0.0631999532943942,-0.0132816148700588,-0.0566142294047615,-0.1710943934585719,-0.1729081406182527,-0.1761353236994782,-0.2432996524586214,-0.2434516511662217,-0.1397318154423272,-0.1489122785276695,-0.0801472696533522,-0.1556619441895288,-0.010763009512837,-0.0121074517774784,-0.1397336152622888,-0.1489075776044767,-0.0801467358465918,-0.1556619142223939,-0.0106685610738475,-0.0120051821184178,-0.0246688306562535,-0.0312723904866303,-0.0230451563960962,-0.0262146551774309,0.0014278137097094,0.0014826437872997,-0.2272059853608941,-0.2393594605263469,-0.0752555315462277,-0.2349422570418879,0.0374680287743863,0.0434442213339417,-0.2271934767765055,-0.2432264611117294,-0.0978946778840727,-0.23588663540528,0.0365766503766988,0.0423451348069101,-0.4138491009963472,-0.4882103742589169,-0.2325526205785921,-0.4674043659848115,0.0487668178548852,0.0529560645235839,-0.0391312267543373,-0.1728925634677106,-0.1631259900993975,-0.1609271165342304,-0.1964346530529631,-0.1961888389129267,-0.0391265071988299,-0.1728815228078151,-0.1631146528780142,-0.1609202304763634,-0.1964085394766894,-0.1961326277610877,-0.0170316758803496,-0.0300262352777919,-0.0176401196299049,-0.0150709000018306,-0.1407632224600331,-0.140334623887323,-0.0937595477424578,-0.2642452622225432,-0.250573517311816,-0.2633907373174538,-0.1691189058033812,-0.1671653815026433,-0.0590130547854711,-0.2624238875355379,-0.2551681497514608,-0.259251046036533,-0.1871909645279049,-0.1852736257916989,-0.2929651850515106,-0.7616388447244905,-0.6942351992761703,-0.7203886940918538,0.0253079828897598,0.0252169034660526,-0.1020377288582965,-0.1488888336183852,-0.1168167152870516,-0.1257916606345944,-0.0146587756915064,-0.0188487129543817,1.189411979242847,1.1979689696810816,-0.0834587840195169,1.1987337764095936,-0.0887977253698474,-0.0904370818830761,0.0983038880269697,-0.0152024346242062,-0.1345464749557279,0.0581907693761581,-0.0031749902209437,-0.0040940903633603,1.5539093776639068,1.3011283510936915,-0.3499327749819623,1.4814926049495385,-0.004357614038573,-0.0041943702405639,-0.1164246038907396,-0.1766172824237854,-0.1373232770907919,-0.1524643713004826,-0.0260596888205881,-0.0276597140284855,-0.059341129206487,-0.1238376594487332,-0.0977185991261648,-0.098994026031791,0.0031432964315106,0.0024263098865888,0.5246644772511616,-0.0837743167321888,-0.1887158089232799,0.0529042379164654,-0.047722125340837,-0.0481706839301534,1.1032690406064565,0.8217548858267086,-0.301754266335682,1.0185155484741504,0.1831327449045568,0.1827480852580912,1.6763396238550032,0.1136911675883609,-0.4246718150208637,0.6700895966388815,0.1430014050880673,0.1425252107913369,2.289137668697931,1.1924206753212654,-1.0598683976058427,1.9636750367050433,0.1855973669005454,0.1854920038455318,0.5643369031305111,-0.4153489041615438,-0.5770993762832375,-0.197322934266118,0.241128277049832,0.2414064458179459,-0.098888736679456,-0.106714613806669,-0.1311553038955873,-0.1836705632417872,-0.1206134067031157,-0.1197924596125166
73002538,42,1,0.9999722,0.97360885,0.997335865,HIGH,CRITICAL,BOTH_HIGH,STRONG_CORROBORATION,0.026363350000000008,2,0,0.0,0.0,0.0,"72709511,73282397","Both XGBoost and GraphSAGE assign high fraud risk, providing strong corroborating model evidence.",-0.1727118040538025,0.0630728727006937,1.5735945770991024,-0.1219695997591005,-0.0637245732388369,-0.1130020092847624,-0.0615837940730322,-0.1633618986970587,-0.1691803950175441,-0.0497069643940398,-0.1656658603636638,-0.0287412858566647,-0.0353905526008135,-0.0631999532943942,-0.0132816148700588,-0.0534856634905324,-0.1708718872951562,-0.1729081406182527,-0.1756228762377693,-0.2432996524586214,-0.2434516511662217,-0.1397317387628881,-0.1489122295992006,-0.0801472696533522,-0.1556618792157413,-0.010763009512837,-0.0121074517774784,-0.1397335385712114,-0.148907528672749,-0.0801467358465918,-0.1556618492416601,-0.0106685610738475,-0.0120051821184178,-0.0246688306562535,-0.0312723904866303,-0.0230451563960962,-0.0262146551774309,0.0014278137097094,0.0014826437872997,-0.2272154464478222,-0.2393683687143703,-0.0752555315462277,-0.2349515175665409,0.0374680287743863,0.0434442213339417,-0.2272033238276858,-0.2432360925423977,-0.0978946778840727,-0.2358964234692872,0.0365766503766988,0.0423451348069101,-0.4140131079898309,-0.488346778248011,-0.2325526205785921,-0.4675617374469571,0.0487668178548852,0.0529560645235839,-0.0391404935619322,-0.1728939267371846,-0.1631259900993975,-0.1609298346410205,-0.1964346530529631,-0.1961888389129267,-0.0391357759163379,-0.1728828861844369,-0.1631146528780142,-0.1609229486850327,-0.1964085394766894,-0.1961326277610877,-0.0170316758803496,-0.0300262352777919,-0.0176401196299049,-0.0150709000018306,-0.1407632224600331,-0.140334623887323,-0.0936101712396957,-0.2642289589454311,-0.250573517311816,-0.2633578409437596,-0.1691189058033812,-0.1671653815026433,-0.0590130547854711,-0.2624238875355379,-0.2551681497514608,-0.259251046036533,-0.1871909645279049,-0.1852736257916989,-0.2936810473441524,-0.7619015806571866,-0.6942351992761703,-0.7208573595942684,0.0253079828897598,0.0252169034660526,-0.1161671854858069,-0.1599813516713969,-0.1168167152870516,-0.1396176770381586,-0.0146587756915064,-0.0188487129543817,1.1894440071794063,1.1980015379237323,-0.0834587840195169,1.198766256093994,-0.0887977253698474,-0.0904370818830761,0.0306825304753448,-0.0666061627581638,-0.1345464749557279,-0.0064060011691054,-0.0031749902209437,-0.0040940903633603,1.5539093776639068,1.3011283510936915,-0.3499327749819623,1.4814926049495385,-0.004357614038573,-0.0041943702405639,-0.1164246038907396,-0.1766172824237854,-0.1373232770907919,-0.1524643713004826,-0.0260596888205881,-0.0276597140284855,-0.0714138427092639,-0.1309337541051712,-0.0977185991261648,-0.1091612490500819,0.0031432964315106,0.0024263098865888,-0.1089553583439631,-0.1975603791362314,-0.1887158089232799,-0.2086506273470353,-0.047722125340837,-0.0481706839301534,1.1024302354529412,0.8210173695142786,-0.301754266335682,1.0176950402106444,0.1831327449045568,0.1827480852580912,1.1914386683165432,-0.0365960251579707,-0.4246718150208637,0.3783439491297943,0.1430014050880673,0.1425252107913369,2.289137668697931,1.1924206753212654,-1.0598683976058427,1.9636750367050433,0.1855973669005454,0.1854920038455318,0.3512956493807992,-0.4705921100717775,-0.5770993762832375,-0.31085679696232,0.241128277049832,0.2414064458179459,-0.098888736679456,-0.106714613806669,-0.1311553038955873,-0.1836705632417872,-0.1206134067031157,-0.1197924596125166
72631002,42,1,0.9992545,0.9798938,0.99731843,HIGH,CRITICAL,BOTH_HIGH,STRONG_CORROBORATION,0.01936070000000001,2,1,0.473827308312,0.94733055,0.5,"73279924,72297314","Both XGBoost and GraphSAGE assign high fraud risk, providing strong corroborating model evidence.",-0.1729642700365773,0.045212203513981,1.018601901343969,-0.1219695997591005,-0.0637245732388369,-0.1130020092847624,-0.0615837940730322,-0.1636206539209772,-0.1694355237963333,-0.0497069643940398,-0.1659243268237151,-0.0287412858566647,-0.0353905526008135,-0.0631999532943942,-0.0132816148700588,-0.0571352315492837,-0.1711314475566753,-0.1729081406182527,-0.1762206619131598,-0.2432996524586214,-0.2434516511662217,-0.1397317122481239,-0.1489122126803652,-0.0801472696533522,-0.1556618567486409,-0.010763009512837,-0.0121074517774784,-0.1397335120524229,-0.1489075117527867,-0.0801467358465918,-0.1556618267721578,-0.0106685610738475,-0.0120051821184178,-0.0246688306562535,-0.0312723904866303,-0.0230451563960962,-0.0262146551774309,0.0014278137097094,0.0014826437872997,-0.2272059853608941,-0.2393594605263469,-0.0752555315462277,-0.2349422570418879,0.0374680287743863,0.0434442213339417,-0.2271934767765055,-0.2432264611117294,-0.0978946778840727,-0.23588663540528,0.0365766503766988,0.0423451348069101,-0.4139826676878388,-0.4883214611652894,-0.2325526205785921,-0.4675325287240186,0.0487668178548852,0.0529560645235839,-0.0391462913341703,-0.1728947796658581,-0.1631259900993975,-0.1609315352227932,-0.1964346530529631,-0.1961888389129267,-0.0391415748835119,-0.1728837391801473,-0.1631146528780142,-0.1609246493305462,-0.1964085394766894,-0.1961326277610877,-0.0170316758803496,-0.0300262352777919,-0.0176401196299049,-0.0150709000018306,-0.1407632224600331,-0.140334623887323,-0.0949545597645546,-0.2643756884394407,-0.250573517311816,-0.2636539083070078,-0.1691189058033812,-0.1671653815026433,-0.0587686729634771,-0.2624052301988505,-0.2551681497514608,-0.2592130458107434,-0.1871909645279049,-0.1852736257916989,-0.2936466648747599,-0.7618889615958713,-0.6942351992761703,-0.7208348498497859,0.0253079828897598,0.0252169034660526,-0.1710827431249932,-0.203093541372864,-0.1168167152870516,-0.1933538836557551,-0.0146587756915064,-0.0188487129543817,1.189411979242847,1.1979689696810816,-0.0834587840195169,1.1987337764095936,-0.0887977253698474,-0.0904370818830761,-0.0735725269260401,-0.1458577309207755,-0.1345464749557279,-0.1059979091842489,-0.0031749902209437,-0.0040940903633603,1.023860363345962,0.7874346980684294,-0.3499327749819623,0.9391059237493712,-0.004357614038573,-0.0041943702405639,-0.1164246038907396,-0.1766172824237854,-0.1373232770907919,-0.1524643713004826,-0.0260596888205881,-0.0276597140284855,-0.0955592697148178,-0.145125943418047,-0.0977185991261648,-0.1294956950866637,0.0031432964315106,0.0024263098865888,0.1008004816380925,-0.1598922226849844,-0.1887158089232799,-0.1220645431010939,-0.047722125340837,-0.0481706839301534,1.1024302354529412,0.8210173695142786,-0.301754266335682,1.0176950402106444,0.1831327449045568,0.1827480852580912,4.092409176972383,0.8625127701663239,-0.4246718150208637,2.12374269455552,0.1430014050880673,0.1425252107913369,2.289137668697931,1.1924206753212654,-1.0598683976058427,1.9636750367050433,0.1855973669005454,0.1854920038455318,1.6058719214624355,-0.1452710086004016,-0.5770993762832375,0.3577315055819808,0.241128277049832,0.2414064458179459,0.0182794000374458,-0.0874901561101501,-0.1311553038955873,-0.0975235937715251,-0.1206134067031157,-0.1197924596125166
73406391,42,1,0.99902594,0.9796189,0.997085236,HIGH,CRITICAL,BOTH_HIGH,STRONG_CORROBORATION,0.019407040000000042,2,0,0.000219626688,0.000219626688,0.0,"73405590,73173422","Both XGBoost and GraphSAGE assign high fraud risk, providing strong corroborating model evidence.",-0.1729529702741362,0.0202072666525833,1.018601901343969,-0.1219695997591005,-0.0637245732388369,-0.1130020092847624,-0.0615837940730322,-0.1636097160132551,-0.1694247391829934,-0.0497069643940398,-0.1659134011224037,-0.0287412858566647,-0.0353905526008135,-0.0631999532943942,-0.0132816148700588,-0.0569718857724652,-0.1711198302715976,-0.1729081406182527,-0.1761939064823949,-0.2432996524586214,-0.2434516511662217,-0.139731828801912,-0.1489122870523019,-0.0801472696533522,-0.1556619555096798,-0.010763009512837,-0.0121074517774784,-0.1397336286239014,-0.1489075861296769,-0.0801467358465918,-0.1556619255437551,-0.0106685610738475,-0.0120051821184178,-0.0246688306562535,-0.0312723904866303,-0.0230451563960962,-0.0262146551774309,0.0014278137097094,0.0014826437872997,-0.2272059853608941,-0.2393594605263469,-0.0752555315462277,-0.2349422570418879,0.0374680287743863,0.0434442213339417,-0.2271934767765055,-0.2432264611117294,-0.0978946778840727,-0.23588663540528,0.0365766503766988,0.0423451348069101,-0.4138885670023121,-0.4882431979851061,-0.2325526205785921,-0.4674422352422853,0.0487668178548852,0.0529560645235839,-0.0391187679286631,-0.1728907306103269,-0.1631259900993975,-0.1609234621561381,-0.1964346530529631,-0.1961888389129267,-0.0391140458053595,-0.1728796898063758,-0.1631146528780142,-0.1609165759612986,-0.1964085394766894,-0.1961326277610877,-0.0170316758803496,-0.0300262352777919,-0.0176401196299049,-0.0150709000018306,-0.1407632224600331,-0.140334623887323,-0.0920417179606936,-0.2640577745357531,-0.250573517311816,-0.2630124290199699,-0.1691189058033812,-0.1671653815026433,-0.0582799093194891,-0.2623679155254754,-0.2551681497514608,-0.2591370453591641,-0.1871909645279049,-0.1852736257916989,-0.2936875382402433,-0.7619039629472668,-0.6942351992761703,-0.7208616090974325,0.0253079828897598,0.0252169034660526,-0.1710757779864768,-0.2030880732981339,-0.1168167152870516,-0.1933470680985882,-0.0146587756915064,-0.0188487129543817,1.1894760351159657,1.1980341061663835,-0.0834587840195169,1.1987987357783945,-0.0887977253698474,-0.0904370818830761,-0.113526055101738,-0.1762292048854629,-0.1345464749557279,-0.1441643847695541,-0.0031749902209437,-0.0040940903633603,1.023860363345962,0.7874346980684294,-0.3499327749819623,0.9391059237493712,-0.004357614038573,-0.0041943702405639,-0.0119253896692196,-0.115534281150478,-0.1373232770907919,-0.0556552571284946,-0.0260596888205881,-0.0276597140284855,-0.0955592697148178,-0.145125943418047,-0.0977185991261648,-0.1294956950866637,0.0031432964315106,0.0024263098865888,-0.0036843423114276,-0.1786557083435874,-0.1887158089232799,-0.1651953172892618,-0.047722125340837,-0.0481706839301534,1.1024601927798523,0.8210437093825798,-0.301754266335682,1.017724344077198,0.1831327449045568,0.1827480852580912,3.6019597916045525,0.710505931513582,-0.4246718150208637,1.8286587771693792,0.1430014050880673,0.1425252107913369,1.203124154245096,0.1469972041653072,-1.0598683976058427,0.7494509074894767,0.1855973669005454,0.1854920038455318,1.5585294206291662,-0.1575472765804536,-0.5770993762832375,0.3325017583161581,0.241128277049832,0.2414064458179459,0.0182794000374458,-0.0874901561101501,-0.1311553038955873,-0.0975235937715251,-0.1206134067031157,-0.1197924596125166
72603109,42,1,0.99995863,0.9711689,0.997079657,HIGH,CRITICAL,BOTH_HIGH,STRONG_CORROBORATION,0.028789729999999958,1,0,0.0,0.0,0.0,71297856,"Both XGBoost and GraphSAGE assign high fraud risk, providing strong corroborating model evidence.",-0.1726230972665557,0.1073673322837411,1.018601901343969,-0.1219695997591005,-0.0637245732388369,-0.1130020092847624,-0.0615837940730322,-0.1632700342377314,-0.1690898180353005,-0.0497069643940398,-0.1655740984226011,-0.0287412858566647,-0.0353905526008135,-0.0631999532943942,-0.0132816148700588,-0.05220334634914,-0.1707806878525887,-0.1729081406182527,-0.1754128374589078,-0.2432996524586214,-0.2434516511662217,-0.1397316997805401,-0.1489122047249107,-0.0801472696533522,-0.1556618461843208,-0.010763009512837,-0.0121074517774784,-0.1397334995829467,-0.1489075037968024,-0.0801467358465918,-0.1556618162067082,-0.0106685610738475,-0.0120051821184178,-0.0246688306562535,-0.0312723904866303,-0.0230451563960962,-0.0262146551774309,0.0014278137097094,0.0014826437872997,-0.2272154464478222,-0.2393683687143703,-0.0752555315462277,-0.2349515175665409,0.0374680287743863,0.0434442213339417,-0.2272033238276858,-0.2432360925423977,-0.0978946778840727,-0.2358964234692872,0.0365766503766988,0.0423451348069101,-0.4139826676878388,-0.4883214611652894,-0.2325526205785921,-0.4675325287240186,0.0487668178548852,0.0529560645235839,-0.0391283284860405,-0.1728921370942637,-0.1631259900993975,-0.1609262664245615,-0.1964346530529631,-0.1961888389129267,-0.0391236083331926,-0.1728810964008568,-0.1631146528780142,-0.1609193803348308,-0.1964085394766894,-0.1961326277610877,-0.0170316758803496,-0.0300262352777919,-0.0176401196299049,-0.0150709000018306,-0.1407632224600331,-0.140334623887323,-0.0938342359938388,-0.2642534138610993,-0.250573517311816,-0.2634071855043009,-0.1691189058033812,-0.1671653815026433,-0.0590130547854711,-0.2624238875355379,-0.2551681497514608,-0.259251046036533,-0.1871909645279049,-0.1852736257916989,-0.2885953981237635,-0.7600350445859078,-0.6942351992761703,-0.7175278528281238,0.0253079828897598,0.0252169034660526,-0.1688513901564406,-0.2013417880154051,-0.1168167152870516,-0.1911704505939852,-0.0146587756915064,-0.0188487129543817,1.189411979242847,1.1979689696810816,-0.0834587840195169,1.1987337764095936,-0.0887977253698474,-0.0904370818830761,0.0177144163450999,-0.0764641342230567,-0.1345464749557279,-0.018794073861031,-0.0031749902209437,-0.0040940903633603,1.5539093776639068,1.3011283510936915,-0.3499327749819623,1.4814926049495385,-0.004357614038573,-0.0041943702405639,-0.1164246038907396,-0.1766172824237854,-0.1373232770907919,-0.1524643713004826,-0.0260596888205881,-0.0276597140284855,-0.0738283854098193,-0.1323529730364587,-0.0977185991261648,-0.1111946936537401,0.0031432964315106,0.0024263098865888,-0.0668827593619859,-0.1900049411522436,-0.1887158089232799,-0.1912832844391533,-0.047722125340837,-0.0481706839301534,1.107493023700945,0.8254688072571595,-0.301754266335682,1.0226473936582343,0.1831327449045568,0.1827480852580912,0.7449109096229471,-0.1749900674275973,-0.4246718150208637,0.1096859302026446,0.1430014050880673,0.1425252107913369,0.6601173970186788,-0.3757145314126718,-1.0598683976058427,0.1423388428816934,0.1855973669005454,0.1854920038455318,0.706364405630319,-0.3785201002213881,-0.5770993762832375,-0.12163369246865,0.241128277049832,0.2414064458179459,-0.098888736679456,-0.106714613806669,-0.1311553038955873,-0.1836705632417872,-0.1206134067031157,-0.1197924596125166
72632574,42,1,0.9999515,0.9711962,0.99707597,HIGH,CRITICAL,BOTH_HIGH,STRONG_CORROBORATION,0.02875530000000004,1,0,0.0,0.0,0.0,71297856,"Both XGBoost and GraphSAGE assign high fraud risk, providing strong corroborating model evidence.",-0.1727904960571199,0.0309236681646109,1.018601901343969,-0.1219695997591005,-0.0637245732388369,-0.1130020092847624,-0.0615837940730322,-0.1634432137539357,-0.1692605704468321,-0.0497069643940398,-0.1657470846751253,-0.0287412858566647,-0.0353905526008135,-0.0631999532943942,-0.0132816148700588,-0.054623210096336,-0.1709527905389756,-0.1729081406182527,-0.1758092021412986,-0.2432996524586214,-0.2434516511662217,-0.1397317732686357,-0.1489122516170116,-0.0801472696533522,-0.1556619084539457,-0.010763009512837,-0.0121074517774784,-0.1397335730821963,-0.1489075506920265,-0.0801467358465918,-0.1556618784829903,-0.0106685610738475,-0.0120051821184178,-0.0246688306562535,-0.0312723904866303,-0.0230451563960962,-0.0262146551774309,0.0014278137097094,0.0014826437872997,-0.2272154464478222,-0.2393683687143703,-0.0752555315462277,-0.2349515175665409,0.0374680287743863,0.0434442213339417,-0.2272033238276858,-0.2432360925423977,-0.0978946778840727,-0.2358964234692872,0.0365766503766988,0.0423451348069101,-0.4139826676878388,-0.4883214611652894,-0.2325526205785921,-0.4675325287240186,0.0487668178548852,0.0529560645235839,-0.0391283284860405,-0.1728921370942637,-0.1631259900993975,-0.1609262664245615,-0.1964346530529631,-0.1961888389129267,-0.0391236083331926,-0.1728810964008568,-0.1631146528780142,-0.1609193803348308,-0.1964085394766894,-0.1961326277610877,-0.0170316758803496,-0.0300262352777919,-0.0176401196299049,-0.0150709000018306,-0.1407632224600331,-0.140334623887323,-0.0938342359938388,-0.2642534138610993,-0.250573517311816,-0.2634071855043009,-0.1691189058033812,-0.1671653815026433,-0.0590130547854711,-0.2624238875355379,-0.2551681497514608,-0.259251046036533,-0.1871909645279049,-0.1852736257916989,-0.2885953981237635,-0.7600350445859078,-0.6942351992761703,-0.7175278528281238,0.0253079828897598,0.0252169034660526,-0.1688513901564406,-0.2013417880154051,-0.1168167152870516,-0.1911704505939852,-0.0146587756915064,-0.0188487129543817,1.189411979242847,1.1979689696810816,-0.0834587840195169,1.1987337764095936,-0.0887977253698474,-0.0904370818830761,0.0177144163450999,-0.0764641342230567,-0.1345464749557279,-0.018794073861031,-0.0031749902209437,-0.0040940903633603,1.5539093776639068,1.3011283510936915,-0.3499327749819623,1.4814926049495385,-0.004357614038573,-0.0041943702405639,-0.1164246038907396,-0.1766172824237854,-0.1373232770907919,-0.1524643713004826,-0.0260596888205881,-0.0276597140284855,-0.0738283854098193,-0.1323529730364587,-0.0977185991261648,-0.1111946936537401,0.0031432964315106,0.0024263098865888,-0.0668827593619859,-0.1900049411522436,-0.1887158089232799,-0.1912832844391533,-0.047722125340837,-0.0481706839301534,1.107493023700945,0.8254688072571595,-0.301754266335682,1.0226473936582343,0.1831327449045568,0.1827480852580912,0.7449109096229471,-0.1749900674275973,-0.4246718150208637,0.1096859302026446,0.1430014050880673,0.1425252107913369,0.6601173970186788,-0.3757145314126718,-1.0598683976058427,0.1423388428816934,0.1855973669005454,0.1854920038455318,0.706364405630319,-0.3785201002213881,-0.5770993762832375,-0.12163369246865,0.241128277049832,0.2414064458179459,-0.098888736679456,-0.106714613806669,-0.1311553038955873,-0.1836705632417872,-0.1206134067031157,-0.1197924596125166
72631010,42,1,0.9999491,0.97117424,0.997071614,HIGH,CRITICAL,BOTH_HIGH,STRONG_CORROBORATION,0.02877486000000007,1,0,0.0,0.0,0.0,71297856,"Both XGBoost and GraphSAGE assign high fraud risk, providing strong corroborating model evidence.",-0.1725895862733476,0.0433070654673983,1.018601901343969,-0.1219695997591005,-0.0637245732388369,-0.1130020092847624,-0.0615837940730322,-0.1632373446813663,-0.1690575866218887,-0.0497069643940398,-0.1655414453469013,-0.0287412858566647,-0.0353905526008135,-0.0631999532943942,-0.0132816148700588,-0.0517189220750858,-0.1707462352025119,-0.1729081406182527,-0.1753334905643769,-0.2432996524586214,-0.2434516511662217,-0.1397316859088461,-0.1489121958735061,-0.0801472696533522,-0.1556618344302377,-0.010763009512837,-0.0121074517774784,-0.1397334857091474,-0.1489074949448082,-0.0801467358465918,-0.1556618044513685,-0.0106685610738475,-0.0120051821184178,-0.0246688306562535,-0.0312723904866303,-0.0230451563960962,-0.0262146551774309,0.0014278137097094,0.0014826437872997,-0.2272154464478222,-0.2393683687143703,-0.0752555315462277,-0.2349515175665409,0.0374680287743863,0.0434442213339417,-0.2272033238276858,-0.2432360925423977,-0.0978946778840727,-0.2358964234692872,0.0365766503766988,0.0423451348069101,-0.4139826676878388,-0.4883214611652894,-0.2325526205785921,-0.4675325287240186,0.0487668178548852,0.0529560645235839,-0.0391283284860405,-0.1728921370942637,-0.1631259900993975,-0.1609262664245615,-0.1964346530529631,-0.1961888389129267,-0.0391236083331926,-0.1728810964008568,-0.1631146528780142,-0.1609193803348308,-0.1964085394766894,-0.1961326277610877,-0.0170316758803496,-0.0300262352777919,-0.0176401196299049,-0.0150709000018306,-0.1407632224600331,-0.140334623887323,-0.0938342359938388,-0.2642534138610993,-0.250573517311816,-0.2634071855043009,-0.1691189058033812,-0.1671653815026433,-0.0590130547854711,-0.2624238875355379,-0.2551681497514608,-0.259251046036533,-0.1871909645279049,-0.1852736257916989,-0.2885953981237635,-0.7600350445859078,-0.6942351992761703,-0.7175278528281238,0.0253079828897598,0.0252169034660526,-0.1688513901564406,-0.2013417880154051,-0.1168167152870516,-0.1911704505939852,-0.0146587756915064,-0.0188487129543817,1.189411979242847,1.1979689696810816,-0.0834587840195169,1.1987337764095936,-0.0887977253698474,-0.0904370818830761,0.0177144163450999,-0.0764641342230567,-0.1345464749557279,-0.018794073861031,-0.0031749902209437,-0.0040940903633603,1.5539093776639068,1.3011283510936915,-0.3499327749819623,1.4814926049495385,-0.004357614038573,-0.0041943702405639,-0.1164246038907396,-0.1766172824237854,-0.1373232770907919,-0.1524643713004826,-0.0260596888205881,-0.0276597140284855,-0.0738283854098193,-0.1323529730364587,-0.0977185991261648,-0.1111946936537401,0.0031432964315106,0.0024263098865888,-0.0668827593619859,-0.1900049411522436,-0.1887158089232799,-0.1912832844391533,-0.047722125340837,-0.0481706839301534,1.107493023700945,0.8254688072571595,-0.301754266335682,1.0226473936582343,0.1831327449045568,0.1827480852580912,0.7449109096229471,-0.1749900674275973,-0.4246718150208637,0.1096859302026446,0.1430014050880673,0.1425252107913369,0.6601173970186788,-0.3757145314126718,-1.0598683976058427,0.1423388428816934,0.1855973669005454,0.1854920038455318,0.706364405630319,-0.3785201002213881,-0.5770993762832375,-0.12163369246865,0.241128277049832,0.2414064458179459,-0.098888736679456,-0.106714613806669,-0.1311553038955873,-0.1836705632417872,-0.1206134067031157,-0.1197924596125166
73280777,42,1,0.9983931,0.982314,0.99678519,HIGH,CRITICAL,BOTH_HIGH,STRONG_CORROBORATION,0.016079100000000013,2,0,0.000324066624,0.000324066624,0.0,"68311123,73279924","Both XGBoost and GraphSAGE assign high fraud risk, providing strong corroborating model evidence.",-0.1729679368803235,0.1447556664479263,1.5735945770991024,-0.1219695997591005,-0.0637245732388369,-0.1130020092847624,-0.0615837940730322,-0.1636219238556512,-0.1694367759329186,-0.0497069643940398,-0.1659255953411762,-0.0287412858566647,-0.0353905526008135,-0.0631999532943942,-0.0132816148700588,-0.0571882382778156,-0.1711352174385075,-0.1729081406182527,-0.1762293442181629,-0.2432996524586214,-0.2434516511662217,-0.1397318354108581,-0.1489122912694116,-0.0801472696533522,-0.1556619611097241,-0.010763009512837,-0.0121074517774784,-0.1397336352338505,-0.1489075903470675,-0.0801467358465918,-0.1556619311443982,-0.0106685610738475,-0.0120051821184178,-0.0246688306562535,-0.0312723904866303,-0.0230451563960962,-0.0262146551774309,0.0014278137097094,0.0014826437872997,-0.2272059853608941,-0.2393594605263469,-0.0752555315462277,-0.2349422570418879,0.0374680287743863,0.0434442213339417,-0.2271934767765055,-0.2432264611117294,-0.0978946778840727,-0.23588663540528,0.0365766503766988,0.0423451348069101,-0.4132570422703413,-0.4877179612813376,-0.2325526205785921,-0.4668362612631256,0.0487668178548852,0.0529560645235839,-0.0391187679286631,-0.1728907306103269,-0.1631259900993975,-0.1609234621561381,-0.1964346530529631,-0.1961888389129267,-0.0391140458053595,-0.1728796898063758,-0.1631146528780142,-0.1609165759612986,-0.1964085394766894,-0.1961326277610877,-0.0170316758803496,-0.0300262352777919,-0.0176401196299049,-0.0150709000018306,-0.1407632224600331,-0.140334623887323,-0.0920417179606936,-0.2640577745357531,-0.250573517311816,-0.2630124290199699,-0.1691189058033812,-0.1671653815026433,-0.0582799093194891,-0.2623679155254754,-0.2551681497514608,-0.2591370453591641,-0.1871909645279049,-0.1852736257916989,-0.2936875382402433,-0.7619039629472668,-0.6942351992761703,-0.7208616090974325,0.0253079828897598,0.0252169034660526,-0.1710645835295194,-0.2030792849406501,-0.1168167152870516,-0.1933361140506299,-0.0146587756915064,-0.0188487129543817,1.1894760351159657,1.1980341061663835,-0.0834587840195169,1.1987987357783945,-0.0887977253698474,-0.0904370818830761,-0.101807183367996,-0.1673208700272326,-0.1345464749557279,-0.1329696780105839,-0.0031749902209437,-0.0040940903633603,1.023860363345962,0.7874346980684294,-0.3499327749819623,0.9391059237493712,-0.004357614038573,-0.0041943702405639,-0.1164246038907396,-0.1766172824237854,-0.1373232770907919,-0.1524643713004826,-0.0260596888205881,-0.0276597140284855,-0.0931447270142624,-0.1437067244867594,-0.0977185991261648,-0.1274622504830055,0.0031432964315106,0.0024263098865888,0.1008004816380925,-0.1598922226849844,-0.1887158089232799,-0.1220645431010939,-0.047722125340837,-0.0481706839301534,1.1024302354529412,0.8210173695142786,-0.301754266335682,1.0176950402106444,0.1831327449045568,0.1827480852580912,4.092409176972383,0.8625127701663239,-0.4246718150208637,2.12374269455552,0.1430014050880673,0.1425252107913369,2.289137668697931,1.1924206753212654,-1.0598683976058427,1.9636750367050433,0.1855973669005454,0.1854920038455318,1.6058719214624355,-0.1452710086004016,-0.5770993762832375,0.3577315055819808,0.241128277049832,0.2414064458179459,0.0182794000374458,-0.0874901561101501,-0.1311553038955873,-0.0975235937715251,-0.1206134067031157,-0.1197924596125166
73003879,42,1,0.9988745,0.97765094,0.996752144,HIGH,CRITICAL,BOTH_HIGH,STRONG_CORROBORATION,0.02122356000000003,1,0,0.0045611534397999,0.0045611534397999,0.0,72651665,"Both XGBoost and GraphSAGE assign high fraud risk, providing strong corroborating model evidence.",-0.1729107965880735,0.0356865132810676,1.018601901343969,-0.1219695997591005,-0.0637245732388369,-0.1130020092847624,-0.0615837940730322,-0.1635661801899462,-0.1693818135126777,-0.0497069643940398,-0.1658699138839022,-0.0287412858566647,-0.0353905526008135,-0.0631999532943942,-0.0132816148700588,-0.0563622363619485,-0.1710764715075244,-0.1729081406182527,-0.1760940481762199,-0.2432996524586214,-0.2434516511662217,-0.139731825448994,-0.1489122849128346,-0.0801472696533522,-0.1556619526686081,-0.010763009512837,-0.0121074517774784,-0.1397336252704744,-0.1489075839900672,-0.0801467358465918,-0.1556619227023797,-0.0106685610738475,-0.0120051821184178,-0.0246688306562535,-0.0312723904866303,-0.0230451563960962,-0.0262146551774309,0.0014278137097094,0.0014826437872997,-0.2272154464478222,-0.2393683687143703,-0.0752555315462277,-0.2349515175665409,0.0374680287743863,0.0434442213339417,-0.2272033238276858,-0.2432360925423977,-0.0978946778840727,-0.2358964234692872,0.0365766503766988,0.0423451348069101,-0.4140131079898309,-0.488346778248011,-0.2325526205785921,-0.4675617374469571,0.0487668178548852,0.0529560645235839,-0.0391494334173747,-0.1728952419076898,-0.1631259900993975,-0.160932456847377,-0.1964346530529631,-0.1961888389129267,-0.0391447176143077,-0.1728842014583096,-0.1631146528780142,-0.1609255709896741,-0.1964085394766894,-0.1961326277610877,-0.0170316758803496,-0.0300262352777919,-0.0176401196299049,-0.0150709000018306,-0.1407632224600331,-0.140334623887323,-0.0950292480159356,-0.2643838400779968,-0.250573517311816,-0.2636703564938549,-0.1691189058033812,-0.1671653815026433,-0.0590130547854711,-0.2624238875355379,-0.2551681497514608,-0.259251046036533,-0.1871909645279049,-0.1852736257916989,-0.2860922258193918,-0.7591163297480844,-0.6942351992761703,-0.7158890592812118,0.0253079828897598,0.0252169034660526,-0.1710448695319164,-0.2030638082043486,-0.1168167152870516,-0.1933168234252772,-0.0146587756915064,-0.0188487129543817,1.1894440071794063,1.1980015379237323,-0.0834587840195169,1.198766256093994,-0.0887977253698474,-0.0904370818830761,-0.0799810070490254,-0.1507292653282638,-0.1345464749557279,-0.1121197490146948,-0.0031749902209437,-0.0040940903633603,0.4938113490280171,0.2737410450431671,-0.3499327749819623,0.3967192425492039,-0.004357614038573,-0.0041943702405639,-0.1164246038907396,-0.1766172824237854,-0.1373232770907919,-0.1524643713004826,-0.0260596888205881,-0.0276597140284855,-0.0931447270142624,-0.1437067244867594,-0.0977185991261648,-0.1274622504830055,0.0031432964315106,0.0024263098865888,-0.1222347889139103,-0.1999451121111752,-0.1887158089232799,-0.2141323049688167,-0.047722125340837,-0.0481706839301534,1.109859652526935,0.8275496568529441,-0.301754266335682,1.0249623991159835,0.1831327449045568,0.1827480852580912,-0.149153694872081,-0.4520909021624132,-0.4246718150208637,-0.4282372352893839,0.1430014050880673,0.1425252107913369,1.203124154245096,0.1469972041653072,-1.0598683976058427,0.7494509074894767,0.1855973669005454,0.1854920038455318,-0.0747868581186243,-0.5810785218922447,-0.5770993762832375,-0.5379245223547241,0.241128277049832,0.2414064458179459,0.0182794000374458,-0.0874901561101501,-0.1311553038955873,-0.0975235937715251,-0.1206134067031157,-0.1197924596125166
72604100,42,1,0.99987185,0.9648424,0.996368905,HIGH,CRITICAL,BOTH_HIGH,STRONG_CORROBORATION,0.03502945000000002,1,0,0.0,0.0,0.0,72312714,"Both XGBoost and GraphSAGE assign high fraud risk, providing strong corroborating model evidence.",-0.1729504437132064,0.0956983617484222,1.5735945770991024,-0.1219695997591005,-0.0637245732388369,-0.1130020092847624,-0.0615837940730322,-0.1636052488479876,-0.1694203346248859,-0.0497069643940398,-0.1659089389423725,-0.0287412858566647,-0.0353905526008135,-0.0631999532943942,-0.0132816148700588,-0.0569353626101493,-0.1711172327144594,-0.1729081406182527,-0.1761879241242361,-0.2432996524586214,-0.2434516511662217,-0.1397318420276365,-0.1489122954915191,-0.0801472696533522,-0.155661966716405,-0.010763009512837,-0.0121074517774784,-0.1397336418516332,-0.1489075945694562,-0.0801467358465918,-0.1556619367516785,-0.0106685610738475,-0.0120051821184178,-0.0246688306562535,-0.0312723904866303,-0.0230451563960962,-0.0262146551774309,0.0014278137097094,0.0014826437872997,-0.2272154464478222,-0.2393683687143703,-0.0752555315462277,-0.2349515175665409,0.0374680287743863,0.0434442213339417,-0.2272033238276858,-0.2432360925423977,-0.0978946778840727,-0.2358964234692872,0.0365766503766988,0.0423451348069101,-0.4139826676878388,-0.4883214611652894,-0.2325526205785921,-0.4675325287240186,0.0487668178548852,0.0529560645235839,-0.0391312267543373,-0.1728925634677106,-0.1631259900993975,-0.1609271165342304,-0.1964346530529631,-0.1961888389129267,-0.0391265071988299,-0.1728815228078151,-0.1631146528780142,-0.1609202304763634,-0.1964085394766894,-0.1961326277610877,-0.0170316758803496,-0.0300262352777919,-0.0176401196299049,-0.0150709000018306,-0.1407632224600331,-0.140334623887323,-0.0937595477424578,-0.2642452622225432,-0.250573517311816,-0.2633907373174538,-0.1691189058033812,-0.1671653815026433,-0.0590130547854711,-0.2624238875355379,-0.2551681497514608,-0.259251046036533,-0.1871909645279049,-0.1852736257916989,-0.2929651850515106,-0.7616388447244905,-0.6942351992761703,-0.7203886940918538,0.0253079828897598,0.0252169034660526,-0.1710700448546605,-0.2030835724266673,-0.1168167152870516,-0.1933414580898932,-0.0146587756915064,-0.0188487129543817,1.189411979242847,1.1979689696810816,-0.0834587840195169,1.1987337764095936,-0.0887977253698474,-0.0904370818830761,-0.0799798956234057,-0.1507284204558379,-0.1345464749557279,-0.1121186873012313,-0.0031749902209437,-0.0040940903633603,1.023860363345962,0.7874346980684294,-0.3499327749819623,0.9391059237493712,-0.004357614038573,-0.0041943702405639,-0.1164246038907396,-0.1766172824237854,-0.1373232770907919,-0.1524643713004826,-0.0260596888205881,-0.0276597140284855,-0.0931447270142624,-0.1437067244867594,-0.0977185991261648,-0.1274622504830055,0.0031432964315106,0.0024263098865888,0.5246644772511616,-0.0837743167321888,-0.1887158089232799,0.0529042379164654,-0.047722125340837,-0.0481706839301534,1.1032690406064565,0.8217548858267086,-0.301754266335682,1.0185155484741504,0.1831327449045568,0.1827480852580912,1.6763396238550032,0.1136911675883609,-0.4246718150208637,0.6700895966388815,0.1430014050880673,0.1425252107913369,2.289137668697931,1.1924206753212654,-1.0598683976058427,1.9636750367050433,0.1855973669005454,0.1854920038455318,0.5643369031305111,-0.4153489041615438,-0.5770993762832375,-0.197322934266118,0.241128277049832,0.2414064458179459,-0.098888736679456,-0.106714613806669,-0.1311553038955873,-0.1836705632417872,-0.1206134067031157,-0.1197924596125166
71992858,42,1,0.9998785,0.96156716,0.996047366,HIGH,CRITICAL,BOTH_HIGH,STRONG_CORROBORATION,0.03831134000000003,1,1,0.956572708,0.956572708,1.0,71450904,"Both XGBoost and GraphSAGE assign high fraud risk, providing strong corroborating model evidence.",-0.1722917144786072,0.0168732750710636,0.463609225588836,-0.1219695997591005,-0.0637245732388369,-0.1130020092847624,-0.0615837940730322,-0.162933236952511,-0.1687577409518835,-0.0497069643940398,-0.1652376769940883,-0.0287412858566647,-0.0353905526008135,-0.0631999532943942,-0.0132816148700588,-0.0474129820203526,-0.1704399932284755,-0.1729081406182527,-0.1746281935970722,-0.2432996524586214,-0.2434516511662217,-0.1397315568618413,-0.1489121135297589,-0.0801472696533522,-0.1556617250831589,-0.010763009512837,-0.0121074517774784,-0.1397333566425561,-0.1489074125955765,-0.0801467358465918,-0.1556616950925995,-0.0106685610738475,-0.0120051821184178,-0.0246688306562535,-0.0312723904866303,-0.0230451563960962,-0.0262146551774309,0.0014278137097094,0.0014826437872997,-0.2272154464478222,-0.2393683687143703,-0.0752555315462277,-0.2349515175665409,0.0374680287743863,0.0434442213339417,-0.2272033238276858,-0.2432360925423977,-0.0978946778840727,-0.2358964234692872,0.0365766503766988,0.0423451348069101,-0.4140062443366196,-0.4883410697738911,-0.2325526205785921,-0.4675551514891356,0.0487668178548852,0.0529560645235839,-0.0391371018286373,-0.1728934277685357,-0.1631259900993975,-0.1609288397899669,-0.1964346530529631,-0.1961888389129267,-0.039132383483998,-0.172882387176571,-0.1631146528780142,-0.1609219537966905,-0.1964085394766894,-0.1961326277610877,-0.0170316758803496,-0.0300262352777919,-0.0176401196299049,-0.0150709000018306,-0.1407632224600331,-0.140334623887323,-0.0937595477424578,-0.2642452622225432,-0.250573517311816,-0.2633907373174538,-0.1691189058033812,-0.1671653815026433,-0.0590130547854711,-0.2624238875355379,-0.2551681497514608,-0.259251046036533,-0.1871909645279049,-0.1852736257916989,-0.2909147688160555,-0.7608863005165123,-0.6942351992761703,-0.7190463139092035,0.0253079828897598,0.0252169034660526,-0.1704863350060623,-0.202625323238182,-0.1168167152870516,-0.1927702838293114,-0.0146587756915064,-0.0188487129543817,1.1892518395600504,1.197806128467826,-0.0834587840195169,1.1985713779875906,-0.0887977253698474,-0.0904370818830761,-0.0353305942046255,-0.1167873604919071,-0.1345464749557279,-0.0694664723327084,-0.0031749902209437,-0.0040940903633603,1.5539093776639068,1.3011283510936915,-0.3499327749819623,1.4814926049495385,-0.004357614038573,-0.0041943702405639,-0.1164246038907396,-0.1766172824237854,-0.1373232770907919,-0.1524643713004826,-0.0260596888205881,-0.0276597140284855,-0.0931447270142624,-0.1437067244867594,-0.0977185991261648,-0.1274622504830055,0.0031432964315106,0.0024263098865888,-0.1036859029534564,-0.196614085244822,-0.1887158089232799,-0.2064754244615678,-0.047722125340837,-0.0481706839301534,1.1050365228942212,0.8233089380564718,-0.301754266335682,1.0202444766008238,0.1831327449045568,0.1827480852580912,0.4406355135446517,-0.269295295280996,-0.4246718150208637,-0.0733844915732211,0.1430014050880673,0.1425252107913369,-0.968902874660573,-1.943849738146609,-1.0598683976058427,-1.6789973509416565,0.1855973669005454,0.1854920038455318,0.3039531485475299,-0.4828683780518294,-0.5770993762832375,-0.3360865442281427,0.241128277049832,0.2414064458179459,-0.098888736679456,-0.106714613806669,-0.1311553038955873,-0.1836705632417872,-0.1206134067031157,-0.1197924596125166
72601867,42,1,0.99993265,0.9610081,0.996040195,HIGH,CRITICAL,BOTH_HIGH,STRONG_CORROBORATION,0.03892454999999995,1,0,0.0,0.0,0.0,72348571,"Both XGBoost and GraphSAGE assign high fraud risk, providing strong corroborating model evidence.",-0.1728171462414878,0.1190363028190601,1.5735945770991024,-0.1219695997591005,-0.0637245732388369,-0.1130020092847624,-0.0615837940730322,-0.1634682840249357,-0.1692852893588884,-0.0497069643940398,-0.1657721269683775,-0.0287412858566647,-0.0353905526008135,-0.0631999532943942,-0.0132816148700588,-0.0550084566969265,-0.1709801895919016,-0.1729081406182527,-0.1758723041017549,-0.2432996524586214,-0.2434516511662217,-0.1397317839071137,-0.1489122584053299,-0.0801472696533522,-0.1556619174683857,-0.010763009512837,-0.0121074517774784,-0.139733583722289,-0.1489075574807969,-0.0801467358465918,-0.1556618874983941,-0.0106685610738475,-0.0120051821184178,-0.0246688306562535,-0.0312723904866303,-0.0230451563960962,-0.0262146551774309,0.0014278137097094,0.0014826437872997,-0.2272154464478222,-0.2393683687143703,-0.0752555315462277,-0.2349515175665409,0.0374680287743863,0.0434442213339417,-0.2272033238276858,-0.2432360925423977,-0.0978946778840727,-0.2358964234692872,0.0365766503766988,0.0423451348069101,-0.4139826676878388,-0.4883214611652894,-0.2325526205785921,-0.4675325287240186,0.0487668178548852,0.0529560645235839,-0.0391312267543373,-0.1728925634677106,-0.1631259900993975,-0.1609271165342304,-0.1964346530529631,-0.1961888389129267,-0.0391265071988299,-0.1728815228078151,-0.1631146528780142,-0.1609202304763634,-0.1964085394766894,-0.1961326277610877,-0.0170316758803496,-0.0300262352777919,-0.0176401196299049,-0.0150709000018306,-0.1407632224600331,-0.140334623887323,-0.0937595477424578,-0.2642452622225432,-0.250573517311816,-0.2633907373174538,-0.1691189058033812,-0.1671653815026433,-0.0590130547854711,-0.2624238875355379,-0.2551681497514608,-0.259251046036533,-0.1871909645279049,-0.1852736257916989,-0.2929651850515106,-0.7616388447244905,-0.6942351992761703,-0.7203886940918538,0.0253079828897598,0.0252169034660526,-0.166505540125964,-0.1995001472150041,-0.1168167152870516,-0.1888749793768881,-0.0146587756915064,-0.0188487129543817,1.189411979242847,1.1979689696810816,-0.0834587840195169,1.1987337764095936,-0.0887977253698474,-0.0904370818830761,-0.1023095477480843,-0.1677027523637197,-0.1345464749557279,-0.1334495724960785,-0.0031749902209437,-0.0040940903633603,-0.0362376652899277,-0.2399526079820951,-0.3499327749819623,-0.1456674386509633,-0.004357614038573,-0.0041943702405639,-0.1164246038907396,-0.1766172824237854,-0.1373232770907919,-0.1524643713004826,-0.0260596888205881,-0.0276597140284855,-0.0931447270142624,-0.1437067244867594,-0.0977185991261648,-0.1274622504830055,0.0031432964315106,0.0024263098865888,0.5246644772511616,-0.0837743167321888,-0.1887158089232799,0.0529042379164654,-0.047722125340837,-0.0481706839301534,1.1032690406064565,0.8217548858267086,-0.301754266335682,1.0185155484741504,0.1831327449045568,0.1827480852580912,1.6763396238550032,0.1136911675883609,-0.4246718150208637,0.6700895966388815,0.1430014050880673,0.1425252107913369,2.289137668697931,1.1924206753212654,-1.0598683976058427,1.9636750367050433,0.1855973669005454,0.1854920038455318,0.5643369031305111,-0.4153489041615438,-0.5770993762832375,-0.197322934266118,0.241128277049832,0.2414064458179459,-0.098888736679456,-0.106714613806669,-0.1311553038955873,-0.1836705632417872,-0.1206134067031157,-0.1197924596125166
72631257,42,1,0.99981564,0.95635307,0.995469383,HIGH,CRITICAL,BOTH_HIGH,STRONG_CORROBORATION,0.04346256999999998,1,1,0.98491003,0.98491003,1.0,72302236,"Both XGBoost and GraphSAGE assign high fraud risk, providing strong corroborating model evidence.",-0.1715439698903524,0.0397349316300558,1.018601901343969,-0.1219695997591005,-0.0637245732388369,-0.1130020092847624,-0.0615837940730322,-0.1621676140019141,-0.1680028481793214,-0.0497069643940398,-0.1644729084581024,-0.0287412858566647,-0.0353905526008135,-0.0631999532943942,-0.0132816148700588,-0.0366038237511655,-0.1696712370628181,-0.1729081406182527,-0.1728576936715113,-0.2432996524586214,-0.2434516511662217,-0.1397312319725366,-0.1489119062207801,-0.0801472696533522,-0.1556614497904743,-0.010763009512837,-0.0121074517774784,-0.1397330317039403,-0.1489072052727899,-0.0801467358465918,-0.1556614197704834,-0.0106685610738475,-0.0120051821184178,-0.0246688306562535,-0.0312723904866303,-0.0230451563960962,-0.0262146551774309,0.0014278137097094,0.0014826437872997,-0.2272154464478222,-0.2393683687143703,-0.0752555315462277,-0.2349515175665409,0.0374680287743863,0.0434442213339417,-0.2272033238276858,-0.2432360925423977,-0.0978946778840727,-0.2358964234692872,0.0365766503766988,0.0423451348069101,-0.4139826676878388,-0.4883214611652894,-0.2325526205785921,-0.4675325287240186,0.0487668178548852,0.0529560645235839,-0.0391312267543373,-0.1728925634677106,-0.1631259900993975,-0.1609271165342304,-0.1964346530529631,-0.1961888389129267,-0.0391265071988299,-0.1728815228078151,-0.1631146528780142,-0.1609202304763634,-0.1964085394766894,-0.1961326277610877,-0.0170316758803496,-0.0300262352777919,-0.0176401196299049,-0.0150709000018306,-0.1407632224600331,-0.140334623887323,-0.0937595477424578,-0.2642452622225432,-0.250573517311816,-0.2633907373174538,-0.1691189058033812,-0.1671653815026433,-0.0590130547854711,-0.2624238875355379,-0.2551681497514608,-0.259251046036533,-0.1871909645279049,-0.1852736257916989,-0.2929651850515106,-0.7616388447244905,-0.6942351992761703,-0.7203886940918538,0.0253079828897598,0.0252169034660526,-0.1699779197571476,-0.202226185077693,-0.1168167152870516,-0.1922727871628345,-0.0146587756915064,-0.0188487129543817,1.189411979242847,1.1979689696810816,-0.0834587840195169,1.1987337764095936,-0.0887977253698474,-0.0904370818830761,-0.0764355593222958,-0.1480341222897817,-0.1345464749557279,-0.1087328830661824,-0.0031749902209437,-0.0040940903633603,0.4938113490280171,0.2737410450431671,-0.3499327749819623,0.3967192425492039,-0.004357614038573,-0.0041943702405639,-0.1164246038907396,-0.1766172824237854,-0.1373232770907919,-0.1524643713004826,-0.0260596888205881,-0.0276597140284855,-0.0931447270142624,-0.1437067244867594,-0.0977185991261648,-0.1274622504830055,0.0031432964315106,0.0024263098865888,0.5246644772511616,-0.0837743167321888,-0.1887158089232799,0.0529042379164654,-0.047722125340837,-0.0481706839301534,1.1032690406064565,0.8217548858267086,-0.301754266335682,1.0185155484741504,0.1831327449045568,0.1827480852580912,1.6763396238550032,0.1136911675883609,-0.4246718150208637,0.6700895966388815,0.1430014050880673,0.1425252107913369,2.289137668697931,1.1924206753212654,-1.0598683976058427,1.9636750367050433,0.1855973669005454,0.1854920038455318,0.5643369031305111,-0.4153489041615438,-0.5770993762832375,-0.197322934266118,0.241128277049832,0.2414064458179459,-0.098888736679456,-0.106714613806669,-0.1311553038955873,-0.1836705632417872,-0.1206134067031157,-0.1197924596125166
71450921,42,1,0.9997466,0.94994056,0.994765996,HIGH,CRITICAL,BOTH_HIGH,STRONG_CORROBORATION,0.049806039999999996,1,0,0.000823768289,0.000823768289,0.0,71756544,"Both XGBoost and GraphSAGE assign high fraud risk, providing strong corroborating model evidence.",-0.1728355337591997,0.0690264290962646,1.5735945770991024,-0.1219695997591005,-0.0637245732388369,-0.1130020092847624,-0.0615837940730322,-0.1634883439977169,-0.1693050681918748,-0.0497069643940398,-0.1657921645547689,-0.0287412858566647,-0.0353905526008135,-0.0631999532943942,-0.0132816148700588,-0.0552742608127273,-0.1709990937977417,-0.1729081406182527,-0.1759158418274056,-0.2432996524586214,-0.2434516511662217,-0.1397317924194899,-0.1489122638370016,-0.0801472696533522,-0.1556619246812883,-0.010763009512837,-0.0121074517774784,-0.1397335922359572,-0.1489075629128303,-0.0801467358465918,-0.1556618947120678,-0.0106685610738475,-0.0120051821184178,-0.0246688306562535,-0.0312723904866303,-0.0230451563960962,-0.0262146551774309,0.0014278137097094,0.0014826437872997,-0.2272154464478222,-0.2393683687143703,-0.0752555315462277,-0.2349515175665409,0.0374680287743863,0.0434442213339417,-0.2272033238276858,-0.2432360925423977,-0.0978946778840727,-0.2358964234692872,0.0365766503766988,0.0423451348069101,-0.4140039106945278,-0.4883391288926904,-0.2325526205785921,-0.4675529122634763,0.0487668178548852,0.0529560645235839,-0.0391491637121248,-0.1728952022304946,-0.1631259900993975,-0.1609323777383998,-0.1964346530529631,-0.1961888389129267,-0.0391444478534708,-0.1728841617779958,-0.1631146528780142,-0.1609254918777317,-0.1964085394766894,-0.1961326277610877,-0.0170316758803496,-0.0300262352777919,-0.0176401196299049,-0.0150709000018306,-0.1407632224600331,-0.140334623887323,-0.0950292480159356,-0.2643838400779968,-0.250573517311816,-0.2636703564938549,-0.1691189058033812,-0.1671653815026433,-0.0587686729634771,-0.2624052301988505,-0.2551681497514608,-0.2592130458107434,-0.1871909645279049,-0.1852736257916989,-0.2937773825247494,-0.7619369376159003,-0.6942351992761703,-0.7209204289531086,0.0253079828897598,0.0252169034660526,0.4873573441297014,0.3138236159705203,-0.1168167152870516,0.4509457300620666,-0.0146587756915064,-0.0188487129543817,1.1891557557503725,1.1977084237398727,-0.0834587840195169,1.198473938934389,-0.0887977253698474,-0.0904370818830761,-0.0086241479897083,-0.0964859209710027,-0.1345464749557279,-0.0439545595186631,-0.0031749902209437,-0.0040940903633603,1.5539093776639068,1.3011283510936915,-0.3499327749819623,1.4814926049495385,-0.004357614038573,-0.0041943702405639,-0.1164246038907396,-0.1766172824237854,-0.1373232770907919,-0.1524643713004826,-0.0260596888205881,-0.0276597140284855,-0.0786574708109301,-0.1351914108990339,-0.0977185991261648,-0.1152615828610564,0.0031432964315106,0.0024263098865888,0.0102765253365186,-0.1761486022396383,-0.1887158089232799,-0.1594323461013562,-0.047722125340837,-0.0481706839301534,1.102190576837651,0.82080665056787,-0.301754266335682,1.017460609278214,0.1831327449045568,0.1827480852580912,1.308904876977034,-0.000189277469597,-0.4246718150208637,0.4490187018079715,0.1430014050880673,0.1425252107913369,1.7461309114715131,0.6697089397432864,-1.0598683976058427,1.3565629720972598,0.1855973669005454,0.1854920038455318,0.3039531485475299,-0.4828683780518294,-0.5770993762832375,-0.3360865442281427,0.241128277049832,0.2414064458179459,0.0182794000374458,-0.0874901561101501,-0.1311553038955873,-0.0975235937715251,-0.1206134067031157,-0.1197924596125166
71449573,42,1,0.9997433,0.94994575,0.994763545,HIGH,CRITICAL,BOTH_HIGH,STRONG_CORROBORATION,0.04979754999999997,2,0,0.000823768289,0.000823768289,0.0,"70781861,71756544","Both XGBoost and GraphSAGE assign high fraud risk, providing strong corroborating model evidence.",-0.1728698500400898,0.152376218634257,1.5735945770991024,-0.1219695997591005,-0.0637245732388369,-0.1130020092847624,-0.0615837940730322,-0.1635213765616434,-0.1693376378056094,-0.0497069643940398,-0.165825160255243,-0.0287412858566647,-0.0353905526008135,-0.0631999532943942,-0.0132816148700588,-0.0557703260697376,-0.1710343743640353,-0.1729081406182527,-0.1759970954716522,-0.2432996524586214,-0.2434516511662217,-0.1397318064367379,-0.1489122727812829,-0.0801472696533522,-0.1556619365587055,-0.010763009512837,-0.0121074517774784,-0.1397336062553326,-0.1489075718577074,-0.0801467358465918,-0.1556619065907548,-0.0106685610738475,-0.0120051821184178,-0.0246688306562535,-0.0312723904866303,-0.0230451563960962,-0.0262146551774309,0.0014278137097094,0.0014826437872997,-0.2272154464478222,-0.2393683687143703,-0.0752555315462277,-0.2349515175665409,0.0374680287743863,0.0434442213339417,-0.2272033238276858,-0.2432360925423977,-0.0978946778840727,-0.2358964234692872,0.0365766503766988,0.0423451348069101,-0.4140197314151798,-0.4883522869255366,-0.2325526205785921,-0.4675680928962549,0.0487668178548852,0.0529560645235839,-0.0391491637121248,-0.1728952022304946,-0.1631259900993975,-0.1609323777383998,-0.1964346530529631,-0.1961888389129267,-0.0391444478534708,-0.1728841617779958,-0.1631146528780142,-0.1609254918777317,-0.1964085394766894,-0.1961326277610877,-0.0170316758803496,-0.0300262352777919,-0.0176401196299049,-0.0150709000018306,-0.1407632224600331,-0.140334623887323,-0.0950292480159356,-0.2643838400779968,-0.250573517311816,-0.2636703564938549,-0.1691189058033812,-0.1671653815026433,-0.0587686729634771,-0.2624052301988505,-0.2551681497514608,-0.2592130458107434,-0.1871909645279049,-0.1852736257916989,-0.2937773825247494,-0.7619369376159003,-0.6942351992761703,-0.7209204289531086,0.0253079828897598,0.0252169034660526,-0.1274544278887572,-0.1688425516045685,-0.1168167152870516,-0.1506625178079267,-0.0146587756915064,-0.0188487129543817,1.1891877836869318,1.197740991982524,-0.0834587840195169,1.1985064186187897,-0.0887977253698474,-0.0904370818830761,0.0849378835248849,-0.0253628704175557,-0.1345464749557279,0.0454226032643054,-0.0031749902209437,-0.0040940903633603,1.5539093776639068,1.3011283510936915,-0.3499327749819623,1.4814926049495385,-0.004357614038573,-0.0041943702405639,-0.1164246038907396,-0.1766172824237854,-0.1373232770907919,-0.1524643713004826,-0.0260596888205881,-0.0276597140284855,-0.0617556719070424,-0.1252568783800208,-0.0977185991261648,-0.1010274706354492,0.0031432964315106,0.0024263098865888,0.0102765253365186,-0.1761486022396383,-0.1887158089232799,-0.1594323461013562,-0.047722125340837,-0.0481706839301534,1.102190576837651,0.82080665056787,-0.301754266335682,1.017460609278214,0.1831327449045568,0.1827480852580912,1.308904876977034,-0.000189277469597,-0.4246718150208637,0.4490187018079715,0.1430014050880673,0.1425252107913369,1.7461309114715131,0.6697089397432864,-1.0598683976058427,1.3565629720972598,0.1855973669005454,0.1854920038455318,0.3039531485475299,-0.4828683780518294,-0.5770993762832375,-0.3360865442281427,0.241128277049832,0.2414064458179459,0.0182794000374458,-0.0874901561101501,-0.1311553038955873,-0.0975235937715251,-0.1206134067031157,-0.1197924596125166
105809538,44,0,0.99725217,0.97138447,0.9946654,HIGH,CRITICAL,BOTH_HIGH,STRONG_CORROBORATION,0.025867699999999938,2,0,0.00192340733,0.00192340733,0.0,"106364654,105809540","Both XGBoost and GraphSAGE assign high fraud risk, providing strong corroborating model evidence.",-0.1727521779373494,-0.0823932180653485,1.018601901343969,-0.1219695997591005,-0.0637245732388369,-0.1130020092847624,-0.0615837940730322,-0.1634068338492392,-0.1692247004051877,-0.0497069643940398,-0.1657107453694236,-0.0287412858566647,-0.0353905526008135,-0.0631999532943942,-0.0132816148700588,-0.0540692955275339,-0.1709133956823726,-0.1729081406182527,-0.1757184729949203,-0.2432996524586214,-0.2434516511662217,-0.1397317507654933,-0.1489122372579564,-0.0801472696533522,-0.155661889386065,-0.010763009512837,-0.0121074517774784,-0.1397335505756384,-0.1489075363320149,-0.0801467358465918,-0.1556618594130711,-0.0106685610738475,-0.0120051821184178,-0.0246688306562535,-0.0312723904866303,-0.0230451563960962,-0.0262146551774309,0.0014278137097094,0.0014826437872997,-0.2272059853608941,-0.2393594605263469,-0.0752555315462277,-0.2349422570418879,0.0374680287743863,0.0434442213339417,-0.2271934767765055,-0.2432264611117294,-0.0978946778840727,-0.23588663540528,0.0365766503766988,0.0423451348069101,-0.4133572172889601,-0.487801276461117,-0.2325526205785921,-0.4669323833175309,0.0487668178548852,0.0529560645235839,0.0430244506733092,-0.1608063810361181,-0.1631259900993975,-0.1368295076900379,-0.1964346530529631,-0.1961888389129267,0.0430461027264767,-0.1607943904480385,-0.1631146528780142,-0.1368217184123184,-0.1964085394766894,-0.1961326277610877,-0.0170316758803496,-0.0300262352777919,-0.0176401196299049,-0.0150709000018306,-0.1407632224600331,-0.140334623887323,2.3122477822466747,-0.0016483777765935,-0.250573517311816,0.2664711537758172,-0.1691189058033812,-0.1671653815026433,0.1975878583082025,-0.2428336840136315,-0.2551681497514608,-0.2193508089574306,-0.1871909645279049,-0.1852736257916989,2.10104522111819,0.1170113697295544,-0.6942351992761703,0.8469380129108125,0.0253079828897598,0.0252169034660526,-0.1709399817852694,-0.2029814646823085,-0.1168167152870516,-0.1932141882182834,-0.0146587756915064,-0.0188487129543817,1.3184205077038746,1.3291538510796412,-0.0834587840195169,1.329561945175042,-0.0887977253698474,-0.0904370818830761,-0.1711334678201861,-0.220020632462454,-0.1345464749557279,-0.1991951170088313,-0.0031749902209437,-0.0040940903633603,0.4938113490280171,0.2737410450431671,-0.3499327749819623,0.3967192425492039,-0.004357614038573,-0.0041943702405639,-0.1164246038907396,-0.1766172824237854,-0.1373232770907919,-0.1524643713004826,-0.0260596888205881,-0.0276597140284855,-0.0931447270142624,-0.1437067244867594,-0.0977185991261648,-0.1274622504830055,0.0031432964315106,0.0024263098865888,0.0563064253409765,-0.1678825083137123,-0.1887158089232799,-0.140431450584172,-0.047722125340837,-0.0481706839301534,1.2230983482515223,0.9271143590309908,-0.301754266335682,1.1357310146893025,0.1831327449045568,0.1827480852580912,2.6051428524902125,0.4015586758928346,-0.4246718150208637,1.2289136126604736,0.1430014050880673,0.1425252107913369,1.7461309114715131,0.6697089397432864,-1.0598683976058427,1.3565629720972598,0.1855973669005454,0.1854920038455318,2.102968180211763,-0.0163701948098565,-0.5770993762832375,0.6226438518731189,0.241128277049832,0.2414064458179459,0.0182794000374458,-0.0874901561101501,-0.1311553038955873,-0.0975235937715251,-0.1206134067031157,-0.1197924596125166
2376671,42,1,0.99659544,0.9771111,0.994647006,HIGH,CRITICAL,BOTH_HIGH,STRONG_CORROBORATION,0.01948433999999999,1,0,0.0,0.0,0.0,72304559,"Both XGBoost and GraphSAGE assign high fraud risk, providing strong corroborating model evidence.",-0.1719233736725791,0.0125867144662526,1.018601901343969,-0.1219695997591005,-0.0637245732388369,-0.1130020092847624,-0.0615837940730322,-0.1625564768663024,-0.1683862611446925,-0.0497069643940398,-0.1648613373619978,-0.0287412858566647,-0.0353905526008135,-0.0631999532943942,-0.0132816148700588,-0.0420883643208114,-0.1700613020682249,-0.1729081406182527,-0.1737560410199792,-0.2432996524586214,-0.2434516511662217,-0.1397313969850738,-0.148912011513814,-0.0801472696533522,-0.155661589612696,-0.010763009512837,-0.0121074517774784,-0.1397331967415228,-0.1489073105728369,-0.0801467358465918,-0.1556615596076534,-0.0106685610738475,-0.0120051821184178,-0.0246688306562535,-0.0312723904866303,-0.0230451563960962,-0.0262146551774309,0.0014278137097094,0.0014826437872997,-0.2272154464478222,-0.2393683687143703,-0.0752555315462277,-0.2349515175665409,0.0374680287743863,0.0434442213339417,-0.2272033238276858,-0.2432360925423977,-0.0978946778840727,-0.2358964234692872,0.0365766503766988,0.0423451348069101,-0.4139826676878388,-0.4883214611652894,-0.2325526205785921,-0.4675325287240186,0.0487668178548852,0.0529560645235839,-0.0391435364951585,-0.1728943743927484,-0.1631259900993975,-0.160930727183288,-0.1964346530529631,-0.1961888389129267,-0.0391388194767206,-0.1728833338751847,-0.1631146528780142,-0.1609238412607543,-0.1964085394766894,-0.1961326277610877,-0.0170316758803496,-0.0300262352777919,-0.0176401196299049,-0.0150709000018306,-0.1407632224600331,-0.140334623887323,-0.0949545597645546,-0.2643756884394407,-0.250573517311816,-0.2636539083070078,-0.1691189058033812,-0.1671653815026433,-0.0582799093194891,-0.2623679155254754,-0.2551681497514608,-0.2591370453591641,-0.1871909645279049,-0.1852736257916989,1.9518751746018272,0.0622629471563105,-0.6942351992761703,0.749278371504328,0.0253079828897598,0.0252169034660526,-0.1702837857319934,-0.2024663092337185,-0.1168167152870516,-0.1925720844463037,-0.0146587756915064,-0.0188487129543817,1.189411979242847,1.1979689696810816,-0.0834587840195169,1.1987337764095936,-0.0887977253698474,-0.0904370818830761,-0.0795030940325697,-0.1503659701851455,-0.1345464749557279,-0.1116632122253969,-0.0031749902209437,-0.0040940903633603,0.4938113490280171,0.2737410450431671,-0.3499327749819623,0.3967192425492039,-0.004357614038573,-0.0041943702405639,-0.1164246038907396,-0.1766172824237854,-0.1373232770907919,-0.1524643713004826,-0.0260596888205881,-0.0276597140284855,-0.0931447270142624,-0.1437067244867594,-0.0977185991261648,-0.1274622504830055,0.0031432964315106,0.0024263098865888,0.6562499341044845,-0.0601440732267693,-0.1887158089232799,0.1072220078227392,-0.047722125340837,-0.0481706839301534,1.145029554320762,0.8584726622384009,-0.301754266335682,1.0593651384501308,0.1831327449045568,0.1827480852580912,0.9628055573115204,-0.1074571526301767,-0.4246718150208637,0.2407844862120381,0.1430014050880673,0.1425252107913369,2.289137668697931,1.1924206753212654,-1.0598683976058427,1.9636750367050433,0.1855973669005454,0.1854920038455318,3.901983211875996,0.4501279884321164,-0.5770993762832375,1.5813742479743806,0.241128277049832,0.2414064458179459,0.2526156734712496,-0.0490412407171121,-0.1311553038955873,0.074770345168999,-0.1206134067031157,-0.1197924596125166
73218903,42,1,0.9993771,0.95143855,0.994583245,HIGH,CRITICAL,BOTH_HIGH,STRONG_CORROBORATION,0.047938550000000024,1,0,0.0,0.0,0.0,73218904,"Both XGBoost and GraphSAGE assign high fraud risk, providing strong corroborating model evidence.",-0.172739396147856,0.1599967708205878,1.5735945770991024,-0.1219695997591005,-0.0637245732388369,-0.1130020092847624,-0.0615837940730322,-0.1633877130008292,-0.1692058475347784,-0.0497069643940398,-0.1656916458593659,-0.0287412858566647,-0.0353905526008135,-0.0631999532943942,-0.0132816148700588,-0.0538845260383683,-0.1709002547253726,-0.1729081406182527,-0.1756882084397471,-0.2432996524586214,-0.2434516511662217,-0.1397317497170937,-0.1489122365889819,-0.0801472696533522,-0.1556618884977109,-0.010763009512837,-0.0121074517774784,-0.1397335495270797,-0.1489075356629959,-0.0801467358465918,-0.1556618585246221,-0.0106685610738475,-0.0120051821184178,-0.0246688306562535,-0.0312723904866303,-0.0230451563960962,-0.0262146551774309,0.0014278137097094,0.0014826437872997,-0.2272154464478222,-0.2393683687143703,-0.0752555315462277,-0.2349515175665409,0.0374680287743863,0.0434442213339417,-0.2272033238276858,-0.2432360925423977,-0.0978946778840727,-0.2358964234692872,0.0365766503766988,0.0423451348069101,-0.4139720633436274,-0.4883126415727742,-0.2325526205785921,-0.4675223534191843,0.0487668178548852,0.0529560645235839,-0.0391418311778426,-0.1728941235181061,-0.1631259900993975,-0.1609302269857251,-0.1964346530529631,-0.1961888389129267,-0.0391371138079344,-0.1728830829808247,-0.1631146528780142,-0.1609233410444431,-0.1964085394766894,-0.1961326277610877,-0.0170316758803496,-0.0300262352777919,-0.0176401196299049,-0.0150709000018306,-0.1407632224600331,-0.140334623887323,-0.0938342359938388,-0.2642534138610993,-0.250573517311816,-0.2634071855043009,-0.1691189058033812,-0.1671653815026433,-0.0588908638744741,-0.2624145588671942,-0.2551681497514608,-0.2592320459236382,-0.1871909645279049,-0.1852736257916989,0.7143921972304351,-0.3919183215000166,-0.6942351992761703,-0.0608852413592135,0.0253079828897598,0.0252169034660526,-0.0553617409207793,-0.112245227817509,-0.1168167152870516,-0.0801180730445252,-0.0146587756915064,-0.0188487129543817,1.1895080630525252,1.1980666744090347,-0.0834587840195169,1.1988312154627951,-0.0887977253698474,-0.0904370818830761,-0.0951408525012486,-0.1622533252169457,-0.1345464749557279,-0.1266015206566099,-0.0031749902209437,-0.0040940903633603,0.4938113490280171,0.2737410450431671,-0.3499327749819623,0.3967192425492039,-0.004357614038573,-0.0041943702405639,-0.1164246038907396,-0.1766172824237854,-0.1373232770907919,-0.1524643713004826,-0.0260596888205881,-0.0276597140284855,-0.0931447270142624,-0.1437067244867594,-0.0977185991261648,-0.1274622504830055,0.0031432964315106,0.0024263098865888,-0.0417642015788331,-0.1854941262710635,-0.1887158089232799,-0.1809144786860707,-0.047722125340837,-0.0481706839301534,1.9159514050552944,1.53630283309815,-0.301754266335682,1.8134708403453104,0.1831327449045568,0.1827480852580912,0.6781892850925403,-0.195669353643923,-0.4246718150208637,0.0695421785165586,0.1430014050880673,0.1425252107913369,-0.4258961174341557,-1.4211380025686302,-1.0598683976058427,-1.071885286333873,0.1855973669005454,0.1854920038455318,0.8720631585467615,-0.3355531622912064,-0.5770993762832375,-0.0333295770382706,0.241128277049832,0.2414064458179459,0.0182794000374458,-0.0874901561101501,-0.1311553038955873,-0.0975235937715251,-0.1206134067031157,-0.1197924596125166
72631469,42,1,0.9997484,0.9480647,0.99458003,HIGH,CRITICAL,BOTH_HIGH,STRONG_CORROBORATION,0.0516837,2,0,0.0004854749025,0.0004854749025,0.0,"73279925,72361877","Both XGBoost and GraphSAGE assign high fraud risk, providing strong corroborating model evidence.",-0.1726840236787331,0.0354483710252448,1.018601901343969,-0.1219695997591005,-0.0637245732388369,-0.1130020092847624,-0.0615837940730322,-0.163334164002695,-0.1691530490239215,-0.0497069643940398,-0.1656381566204727,-0.0287412858566647,-0.0353905526008135,-0.0631999532943942,-0.0132816148700588,-0.0530840792121314,-0.1708433262932388,-0.1729081406182527,-0.175557098226447,-0.2432996524586214,-0.2434516511662217,-0.1397317269937718,-0.1489122220894321,-0.0801472696533522,-0.1556618692432627,-0.010763009512837,-0.0121074517774784,-0.1397335268003088,-0.1489075211624803,-0.0801467358465918,-0.1556618392681154,-0.0106685610738475,-0.0120051821184178,-0.0246688306562535,-0.0312723904866303,-0.0230451563960962,-0.0262146551774309,0.0014278137097094,0.0014826437872997,-0.2272154464478222,-0.2393683687143703,-0.0752555315462277,-0.2349515175665409,0.0374680287743863,0.0434442213339417,-0.2272033238276858,-0.2432360925423977,-0.0978946778840727,-0.2358964234692872,0.0365766503766988,0.0423451348069101,-0.4139826676878388,-0.4883214611652894,-0.2325526205785921,-0.4675325287240186,0.0487668178548852,0.0529560645235839,-0.0391462913341703,-0.1728947796658581,-0.1631259900993975,-0.1609315352227932,-0.1964346530529631,-0.1961888389129267,-0.0391415748835119,-0.1728837391801473,-0.1631146528780142,-0.1609246493305462,-0.1964085394766894,-0.1961326277610877,-0.0170316758803496,-0.0300262352777919,-0.0176401196299049,-0.0150709000018306,-0.1407632224600331,-0.140334623887323,-0.0949545597645546,-0.2643756884394407,-0.250573517311816,-0.2636539083070078,-0.1691189058033812,-0.1671653815026433,-0.0587686729634771,-0.2624052301988505,-0.2551681497514608,-0.2592130458107434,-0.1871909645279049,-0.1852736257916989,-0.2936466648747599,-0.7618889615958713,-0.6942351992761703,-0.7208348498497859,0.0253079828897598,0.0252169034660526,-0.1690469874015076,-0.2014953442369375,-0.1168167152870516,-0.1913618472478043,-0.0146587756915064,-0.0188487129543817,1.189411979242847,1.1979689696810816,-0.0834587840195169,1.1987337764095936,-0.0887977253698474,-0.0904370818830761,-0.0971058529968153,-0.1637470596658598,-0.1345464749557279,-0.1284786300600487,-0.0031749902209437,-0.0040940903633603,1.023860363345962,0.7874346980684294,-0.3499327749819623,0.9391059237493712,-0.004357614038573,-0.0041943702405639,-0.1164246038907396,-0.1766172824237854,-0.1373232770907919,-0.1524643713004826,-0.0260596888205881,-0.0276597140284855,-0.0907301843137071,-0.1422875055554718,-0.0977185991261648,-0.1254288058793473,0.0031432964315106,0.0024263098865888,0.0496068891943763,-0.1690856174893257,-0.1887158089232799,-0.1431969831254728,-0.047722125340837,-0.0481706839301534,1.1024002781260298,0.8209910296459776,-0.301754266335682,1.0176657363440906,0.1831327449045568,0.1827480852580912,2.627901536646985,0.408612361214456,-0.4246718150208637,1.2426066090753791,0.1430014050880673,0.1425252107913369,2.289137668697931,1.1924206753212654,-1.0598683976058427,1.9636750367050433,0.1855973669005454,0.1854920038455318,0.8247206577134922,-0.3478294302712583,-0.5770993762832375,-0.0585593243040933,0.241128277049832,0.2414064458179459,0.0182794000374458,-0.0874901561101501,-0.1311553038955873,-0.0975235937715251,-0.1206134067031157,-0.1197924596125166
72004593,42,1,0.9949419,0.9886558,0.99431329,HIGH,CRITICAL,BOTH_HIGH,STRONG_CORROBORATION,0.006286100000000072,3,0,0.0,0.0,0.0,"73160850,70830419,72292981","Both XGBoost and GraphSAGE assign high fraud risk, providing strong corroborating model evidence.",-0.1721744128195542,0.0118722876987841,1.018601901343969,-0.1219695997591005,-0.0438745479173489,-0.1130020092847624,-0.0615837940730322,-0.1628133447419365,-0.1686395290263153,-0.0497069643940398,-0.1651179185799947,-0.0287412858566647,-0.0353905526008135,-0.0429552992580282,-0.0132816148700588,-0.0527078403087778,-0.1706531916733572,-0.1727203721731626,-0.1753073382083635,0.8870578724766534,0.8845565252702963,-0.1397315059860193,-0.1489120810663489,-0.0801472696533522,-0.1556616819738863,-0.010763009512837,-0.0121074517774784,-0.1397333057590123,-0.1489073801300043,-0.0801467358465918,-0.1556616519787181,-0.0106685610738475,-0.0120051821184178,-0.0246688306562535,-0.0312723904866303,-0.0230451563960962,-0.0262146551774309,0.0014278137097094,0.0014826437872997,-0.2272154464478222,-0.2393683687143703,-0.0752555315462277,-0.2349515175665409,0.0374680287743863,0.0434442213339417,-0.2272033238276858,-0.2432360925423977,-0.0978946778840727,-0.2358964234692872,0.0365766503766988,0.0423451348069101,-0.4139945074896283,-0.4883313082831462,-0.2325526205785921,-0.4675438895012608,0.0487668178548852,0.0529560645235839,-0.0391503004750771,-0.1728904472727868,-0.1631207488377333,-0.1609278042016025,-1.316342283664295,-1.3153883882753692,-0.0391455848507129,-0.1728794064465664,-0.1631094115641602,-0.1609209181695104,-1.3163333780274464,-1.315375381290753,-0.0170316758803496,-0.0300262352777919,-0.0176401196299049,-0.0150709000018306,-0.1407632224600331,-0.140334623887323,-0.0954026892728408,-0.2640333196200848,-0.2501710392453061,-0.2633578409437596,-1.4717644946197317,-1.470277463738429,-0.0590130547854711,-0.2624238875355379,-0.2551681497514608,-0.259251046036533,-0.1871909645279049,-0.1852736257916989,-0.2938246182537279,-0.7618985851043136,-0.694167851808957,-0.7209016848574693,-1.0849067857111534,-1.0848448955263614,-0.1519956163309443,-0.188108938346384,-0.1168167152870516,-0.1746766666113563,-0.0146587756915064,-0.0188487129543817,1.1891877836869318,1.197740991982524,-0.0834587840195169,1.1985064186187897,-0.0887977253698474,-0.0904370818830761,-0.1629267010445838,-0.21378209446993,-0.1345464749557279,-0.191355424794469,-0.0031749902209437,-0.0040940903633603,0.4938113490280171,0.2737410450431671,-0.3499327749819623,0.3967192425492039,-0.004357614038573,-0.0041943702405639,-0.1164246038907396,-0.1766172824237854,-0.1373232770907919,-0.1524643713004826,-0.0260596888205881,-0.0276597140284855,-0.0907301843137071,-0.1422875055554718,-0.0977185991261648,-0.1254288058793473,0.0031432964315106,0.0024263098865888,-0.1236445510016615,-0.1911168841935064,-0.1771857915589,-0.2042767523531156,-1.159648797029665,-1.1601288555070002,1.102310406145296,0.8209646897776766,-0.3016168389841279,1.017607128610983,-0.9757375123778044,-0.9752365572215276,-0.0399584888313965,0.0079223806220699,0.0964350799898093,0.0511133379592434,-1.015963373517306,-1.0162304272806977,0.6601173970186788,0.6697089397432864,0.1532093342357819,0.7494509074894767,1.4881129012284324,1.487932476808418,-0.2168143606184322,-0.3232768943111545,-0.2183978724078548,-0.31085679696232,-0.979073766855825,-0.9785560465643004,-0.098888736679456,-0.0874901561101501,-0.0846742330262522,-0.1405970785066562,-1.7609264293068194,-1.760984402318598
71989358,42,1,0.99995744,0.941526,0.994114296,HIGH,CRITICAL,BOTH_HIGH,STRONG_CORROBORATION,0.05843144,1,0,0.0,0.0,0.0,71765818,"Both XGBoost and GraphSAGE assign high fraud risk, providing strong corroborating model evidence.",-0.1726357177083644,0.0933169391901938,1.5735945770991024,-0.1219695997591005,-0.0637245732388369,-0.1130020092847624,-0.0615837940730322,-0.1632832971107226,-0.1691028950296052,-0.0497069643940398,-0.165587346494583,-0.0287412858566647,-0.0353905526008135,-0.0631999532943942,-0.0132816148700588,-0.0523857834474227,-0.1707936629280439,-0.1729081406182527,-0.1754427199771285,-0.2432996524586214,-0.2434516511662217,-0.1397317054085918,-0.1489122083161205,-0.0801472696533522,-0.1556618509532111,-0.010763009512837,-0.0121074517774784,-0.1397335052118527,-0.1489075073882514,-0.0801467358465918,-0.1556618209761084,-0.0106685610738475,-0.0120051821184178,-0.0246688306562535,-0.0312723904866303,-0.0230451563960962,-0.0262146551774309,0.0014278137097094,0.0014826437872997,-0.2272154464478222,-0.2393683687143703,-0.0752555315462277,-0.2349515175665409,0.0374680287743863,0.0434442213339417,-0.2272033238276858,-0.2432360925423977,-0.0978946778840727,-0.2358964234692872,0.0365766503766988,0.0423451348069101,-0.4140150641309962,-0.4883484051631351,-0.2325526205785921,-0.4675636144449362,0.0487668178548852,0.0529560645235839,-0.0391371018286373,-0.1728934277685357,-0.1631259900993975,-0.1609288397899669,-0.1964346530529631,-0.1961888389129267,-0.039132383483998,-0.172882387176571,-0.1631146528780142,-0.1609219537966905,-0.1964085394766894,-0.1961326277610877,-0.0170316758803496,-0.0300262352777919,-0.0176401196299049,-0.0150709000018306,-0.1407632224600331,-0.140334623887323,-0.0937595477424578,-0.2642452622225432,-0.250573517311816,-0.2633907373174538,-0.1691189058033812,-0.1671653815026433,-0.0590130547854711,-0.2624238875355379,-0.2551681497514608,-0.259251046036533,-0.1871909645279049,-0.1852736257916989,-0.2909147688160555,-0.7608863005165123,-0.6942351992761703,-0.7190463139092035,0.0253079828897598,0.0252169034660526,-0.1537100003183502,-0.1894548383219759,-0.1168167152870516,-0.1763542329719572,-0.0146587756915064,-0.0188487129543817,1.1892838674966095,1.197838696710477,-0.0834587840195169,1.1986038576719913,-0.0887977253698474,-0.0904370818830761,0.1643481326242907,0.0350024195374611,-0.1345464749557279,0.1212809685167386,-0.0031749902209437,-0.0040940903633603,1.5539093776639068,1.3011283510936915,-0.3499327749819623,1.4814926049495385,-0.004357614038573,-0.0041943702405639,-0.1164246038907396,-0.1766172824237854,-0.1373232770907919,-0.1524643713004826,-0.0260596888205881,-0.0276597140284855,-0.04726841570371,-0.1167415647922953,-0.0977185991261648,-0.0888268030135002,0.0031432964315106,0.0024263098865888,-0.1036859029534564,-0.196614085244822,-0.1887158089232799,-0.2064754244615678,-0.047722125340837,-0.0481706839301534,1.1050365228942212,0.8233089380564718,-0.301754266335682,1.0202444766008238,0.1831327449045568,0.1827480852580912,0.4406355135446517,-0.269295295280996,-0.4246718150208637,-0.0733844915732211,0.1430014050880673,0.1425252107913369,-0.968902874660573,-1.943849738146609,-1.0598683976058427,-1.6789973509416565,0.1855973669005454,0.1854920038455318,0.3039531485475299,-0.4828683780518294,-0.5770993762832375,-0.3360865442281427,0.241128277049832,0.2414064458179459,-0.098888736679456,-0.106714613806669,-0.1311553038955873,-0.1836705632417872,-0.1206134067031157,-0.1197924596125166
71451667,42,1,0.9998417,0.9382835,0.99368588,HIGH,CRITICAL,BOTH_HIGH,STRONG_CORROBORATION,0.06155820000000001,1,0,0.0,0.0,0.0,72321311,"Both XGBoost and GraphSAGE assign high fraud risk, providing strong corroborating model evidence.",-0.1722834354122648,0.0180639863501778,0.463609225588836,-0.1219695997591005,-0.0637245732388369,-0.1130020092847624,-0.0615837940730322,-0.1629247365604225,-0.1687493596924834,-0.0497069643940398,-0.1652291860882086,-0.0287412858566647,-0.0353905526008135,-0.0631999532943942,-0.0132816148700588,-0.0472933024669041,-0.170431481520873,-0.1729081406182527,-0.1746085905313019,-0.2432996524586214,-0.2434516511662217,-0.139731553254731,-0.1489121112280938,-0.0801472696533522,-0.1556617220266992,-0.010763009512837,-0.0121074517774784,-0.1397333530348982,-0.1489074102937581,-0.0801467358465918,-0.1556616920358129,-0.0106685610738475,-0.0120051821184178,-0.0246688306562535,-0.0312723904866303,-0.0230451563960962,-0.0262146551774309,0.0014278137097094,0.0014826437872997,-0.2272154464478222,-0.2393683687143703,-0.0752555315462277,-0.2349515175665409,0.0374680287743863,0.0434442213339417,-0.2272033238276858,-0.2432360925423977,-0.0978946778840727,-0.2358964234692872,0.0365766503766988,0.0423451348069101,-0.4140039106945278,-0.4883391288926904,-0.2325526205785921,-0.4675529122634763,0.0487668178548852,0.0529560645235839,-0.0391486884967311,-0.1728951323200499,-0.1631259900993975,-0.1609322383499238,-0.1964346530529631,-0.1961888389129267,-0.0391439725401341,-0.1728840918620565,-0.1631146528780142,-0.1609253524840312,-0.1964085394766894,-0.1961326277610877,-0.0170316758803496,-0.0300262352777919,-0.0176401196299049,-0.0150709000018306,-0.1407632224600331,-0.140334623887323,-0.0950292480159356,-0.2643838400779968,-0.250573517311816,-0.2636703564938549,-0.1691189058033812,-0.1671653815026433,-0.0590130547854711,-0.2624238875355379,-0.2551681497514608,-0.259251046036533,-0.1871909645279049,-0.1852736257916989,-0.2937773825247494,-0.7619369376159003,-0.6942351992761703,-0.7209204289531086,0.0253079828897598,0.0252169034660526,-0.1706209817206487,-0.2027310294342306,-0.1168167152870516,-0.1929020389090456,-0.0146587756915064,-0.0188487129543817,1.1891557557503725,1.1977084237398727,-0.0834587840195169,1.198473938934389,-0.0887977253698474,-0.0904370818830761,-0.0254122319747399,-0.1092477189635642,-0.1345464749557279,-0.0599917413845815,-0.0031749902209437,-0.0040940903633603,1.5539093776639068,1.3011283510936915,-0.3499327749819623,1.4814926049495385,-0.004357614038573,-0.0041943702405639,-0.1164246038907396,-0.1766172824237854,-0.1373232770907919,-0.1524643713004826,-0.0260596888205881,-0.0276597140284855,-0.0931447270142624,-0.1437067244867594,-0.0977185991261648,-0.1274622504830055,0.0031432964315106,0.0024263098865888,-0.1212301529633289,-0.1997646986162933,-0.1887158089232799,-0.2137175966438376,-0.047722125340837,-0.0481706839301534,1.102310406145296,0.8209120100410744,-0.301754266335682,1.0175778247444291,0.1831327449045568,0.1827480852580912,0.1629991908392394,-0.3553441740617712,-0.4246718150208637,-0.24042724084928,0.1430014050880673,0.1425252107913369,1.7461309114715131,0.6697089397432864,-1.0598683976058427,1.3565629720972598,0.1855973669005454,0.1854920038455318,-0.098458108535259,-0.5872166558822707,-0.5770993762832375,-0.5505393959876355,0.241128277049832,0.2414064458179459,-0.098888736679456,-0.106714613806669,-0.1311553038955873,-0.1836705632417872,-0.1206134067031157,-0.1197924596125166
71989979,42,1,0.99967563,0.9383478,0.993542847,HIGH,CRITICAL,BOTH_HIGH,STRONG_CORROBORATION,0.06132783000000008,1,0,0.0,0.0,0.0,70800355,"Both XGBoost and GraphSAGE assign high fraud risk, providing strong corroborating model evidence.",-0.1729569197601713,0.0514039021653748,0.463609225588836,-0.1219695997591005,-0.0637245732388369,-0.1130020092847624,-0.0615837940730322,-0.163612979134859,-0.1694279565720656,-0.0497069643940398,-0.1659166606024517,-0.0287412858566647,-0.0353905526008135,-0.0631999532943942,-0.0132816148700588,-0.0570289782881534,-0.1711238907379499,-0.1729081406182527,-0.1762032580241393,-0.2432996524586214,-0.2434516511662217,-0.1397318453079555,-0.1489122975846615,-0.0801472696533522,-0.1556619694959604,-0.010763009512837,-0.0121074517774784,-0.1397336451324501,-0.1489075966627381,-0.0801467358465918,-0.1556619395315311,-0.0106685610738475,-0.0120051821184178,-0.0246688306562535,-0.0312723904866303,-0.0230451563960962,-0.0262146551774309,0.0014278137097094,0.0014826437872997,-0.2272154464478222,-0.2393683687143703,-0.0752555315462277,-0.2349515175665409,0.0374680287743863,0.0434442213339417,-0.2272033238276858,-0.2432360925423977,-0.0978946778840727,-0.2358964234692872,0.0365766503766988,0.0423451348069101,-0.4139945074896283,-0.4883313082831462,-0.2325526205785921,-0.4675438895012608,0.0487668178548852,0.0529560645235839,-0.0391371018286373,-0.1728934277685357,-0.1631259900993975,-0.1609288397899669,-0.1964346530529631,-0.1961888389129267,-0.039132383483998,-0.172882387176571,-0.1631146528780142,-0.1609219537966905,-0.1964085394766894,-0.1961326277610877,-0.0170316758803496,-0.0300262352777919,-0.0176401196299049,-0.0150709000018306,-0.1407632224600331,-0.140334623887323,-0.0937595477424578,-0.2642452622225432,-0.250573517311816,-0.2633907373174538,-0.1691189058033812,-0.1671653815026433,-0.0590130547854711,-0.2624238875355379,-0.2551681497514608,-0.259251046036533,-0.1871909645279049,-0.1852736257916989,-0.2909147688160555,-0.7608863005165123,-0.6942351992761703,-0.7190463139092035,0.0253079828897598,0.0252169034660526,-0.1414388957097449,-0.1798212442645565,-0.1168167152870516,-0.1643466591436689,-0.0146587756915064,-0.0188487129543817,1.1891877836869318,1.197740991982524,-0.0834587840195169,1.1985064186187897,-0.0887977253698474,-0.0904370818830761,-0.0816103570074535,-0.1519678483045693,-0.1345464749557279,-0.1136762209521616,-0.0031749902209437,-0.0040940903633603,1.023860363345962,0.7874346980684294,-0.3499327749819623,0.9391059237493712,-0.004357614038573,-0.0041943702405639,-0.1164246038907396,-0.1766172824237854,-0.1373232770907919,-0.1524643713004826,-0.0260596888205881,-0.0276597140284855,-0.0883156416131517,-0.1408682866241842,-0.0977185991261648,-0.1233953612756891,0.0031432964315106,0.0024263098865888,-0.1036859029534564,-0.196614085244822,-0.1887158089232799,-0.2064754244615678,-0.047722125340837,-0.0481706839301534,1.1050365228942212,0.8233089380564718,-0.301754266335682,1.0202444766008238,0.1831327449045568,0.1827480852580912,0.4406355135446517,-0.269295295280996,-0.4246718150208637,-0.0733844915732211,0.1430014050880673,0.1425252107913369,-0.968902874660573,-1.943849738146609,-1.0598683976058427,-1.6789973509416565,0.1855973669005454,0.1854920038455318,0.3039531485475299,-0.4828683780518294,-0.5770993762832375,-0.3360865442281427,0.241128277049832,0.2414064458179459,-0.098888736679456,-0.106714613806669,-0.1311553038955873,-0.1836705632417872,-0.1206134067031157,-0.1197924596125166
41261572,42,1,0.9995534,0.9372495,0.99332301,HIGH,CRITICAL,BOTH_HIGH,STRONG_CORROBORATION,0.06230390000000008,1,0,0.0,0.0,0.0,52497775,"Both XGBoost and GraphSAGE assign high fraud risk, providing strong corroborating model evidence.",-0.1729387787423624,0.113320888679312,1.018601901343969,-0.1219695997591005,-0.0637245732388369,-0.1130020092847624,-0.0615837940730322,-0.1635928745033322,-0.1694081337062245,-0.0497069643940398,-0.1658965784071527,-0.0287412858566647,-0.0353905526008135,-0.0631999532943942,-0.0132816148700588,-0.0567667374966568,-0.171105239958645,-0.1729081406182527,-0.1761603039577577,-0.2432996524586214,-0.2434516511662217,-0.1397318367766285,-0.1489122921408975,-0.0801472696533522,-0.155661962267,-0.010763009512837,-0.0121074517774784,-0.1397336365998282,-0.1489075912186115,-0.0801467358465918,-0.1556619323017979,-0.0106685610738475,-0.0120051821184178,-0.0246688306562535,-0.0312723904866303,-0.0230451563960962,-0.0262146551774309,0.0014278137097094,0.0014826437872997,-0.2272154464478222,-0.2393683687143703,-0.0752555315462277,-0.2349515175665409,0.0374680287743863,0.0434442213339417,-0.2272033238276858,-0.2432360925423977,-0.0978946778840727,-0.2358964234692872,0.0365766503766988,0.0423451348069101,-0.4139826676878388,-0.4883214611652894,-0.2325526205785921,-0.4675325287240186,0.0487668178548852,0.0529560645235839,-0.0391504091189318,-0.1728953854462423,-0.1631259900993975,-0.1609327430366607,-0.1964346530529631,-0.1961888389129267,-0.0391456935169595,-0.1728843450081436,-0.1631146528780142,-0.1609258571896846,-0.1964085394766894,-0.1961326277610877,-0.0170316758803496,-0.0300262352777919,-0.0176401196299049,-0.0150709000018306,-0.1407632224600331,-0.140334623887323,-0.0951039362673167,-0.2643919917165529,-0.250573517311816,-0.263686804680702,-0.1691189058033812,-0.1671653815026433,-0.0588908638744741,-0.2624145588671942,-0.2551681497514608,-0.2592320459236382,-0.1871909645279049,-0.1852736257916989,-0.2706656151316902,-0.7534544517737382,-0.6942351992761703,-0.7057894628604711,0.0253079828897598,0.0252169034660526,-0.132331478239287,-0.1726713449180613,-0.1168167152870516,-0.1554348300011744,-0.0146587756915064,-0.0188487129543817,1.189411979242847,1.1979689696810816,-0.0834587840195169,1.1987337764095936,-0.0887977253698474,-0.0904370818830761,0.0841521056117821,-0.0259601952226362,-0.1345464749557279,0.0446719718456226,-0.0031749902209437,-0.0040940903633603,1.5539093776639068,1.3011283510936915,-0.3499327749819623,1.4814926049495385,-0.004357614038573,-0.0041943702405639,-0.1164246038907396,-0.1766172824237854,-0.1373232770907919,-0.1524643713004826,-0.0260596888205881,-0.0276597140284855,-0.0617556719070424,-0.1252568783800208,-0.0977185991261648,-0.1010274706354492,0.0031432964315106,0.0024263098865888,-0.122558052049292,-0.2000031640174274,-0.1887158089232799,-0.21426574625501,-0.047722125340837,-0.0481706839301534,1.1224716871565783,0.8386387414076949,-0.301754266335682,1.0372993269351285,0.1831327449045568,0.1827480852580912,-0.1380640651107345,-0.4486538511391208,-0.4246718150208637,-0.4215650454774101,0.1430014050880673,0.1425252107913369,1.203124154245096,0.1469972041653072,-1.0598683976058427,0.7494509074894767,0.1855973669005454,0.1854920038455318,-0.0511156077019897,-0.5749403879022188,-0.5770993762832375,-0.5253096487218128,0.241128277049832,0.2414064458179459,0.0182794000374458,-0.0874901561101501,-0.1311553038955873,-0.0975235937715251,-0.1206134067031157,-0.1197924596125166
73218886,42,1,0.99893254,0.94253016,0.993292302,HIGH,CRITICAL,BOTH_HIGH,STRONG_CORROBORATION,0.056402379999999974,1,0,0.0,0.0,0.0,73218888,"Both XGBoost and GraphSAGE assign high fraud risk, providing strong corroborating model evidence.",-0.1727626563908763,0.1619019088671704,1.5735945770991024,-0.1219695997591005,-0.0637245732388369,-0.1130020092847624,-0.0615837940730322,-0.1634114641609065,-0.169229265823204,-0.0497069643940398,-0.1657153705137877,-0.0287412858566647,-0.0353905526008135,-0.0631999532943942,-0.0132816148700588,-0.0542207687235527,-0.1709241685798056,-0.1729081406182527,-0.1757432837411039,-0.2432996524586214,-0.2434516511662217,-0.139731725902952,-0.1489122213933897,-0.0801472696533522,-0.1556618683189642,-0.010763009512837,-0.0121074517774784,-0.1397335257093235,-0.1489075204663915,-0.0801467358465918,-0.155661838343718,-0.0106685610738475,-0.0120051821184178,-0.0246688306562535,-0.0312723904866303,-0.0230451563960962,-0.0262146551774309,0.0014278137097094,0.0014826437872997,-0.227196524273966,-0.2393505523383234,-0.0752555315462277,-0.2349329965172349,0.0374680287743863,0.0434442213339417,-0.2271836297253252,-0.2432168296810611,-0.0978946778840727,-0.2358768473412729,0.0365766503766988,0.0423451348069101,-0.4138083995328042,-0.4881765230073861,-0.2325526205785921,-0.4673653112549297,0.0487668178548852,0.0529560645235839,-0.0391418311778426,-0.1728941235181061,-0.1631259900993975,-0.1609302269857251,-0.1964346530529631,-0.1961888389129267,-0.0391371138079344,-0.1728830829808247,-0.1631146528780142,-0.1609233410444431,-0.1964085394766894,-0.1961326277610877,-0.0170316758803496,-0.0300262352777919,-0.0176401196299049,-0.0150709000018306,-0.1407632224600331,-0.140334623887323,-0.0938342359938388,-0.2642534138610993,-0.250573517311816,-0.2634071855043009,-0.1691189058033812,-0.1671653815026433,-0.0588908638744741,-0.2624145588671942,-0.2551681497514608,-0.2592320459236382,-0.1871909645279049,-0.1852736257916989,0.7143921972304351,-0.3919183215000166,-0.6942351992761703,-0.0608852413592135,0.0253079828897598,0.0252169034660526,-0.0505728702611224,-0.1084856611444103,-0.1168167152870516,-0.0754320468199888,-0.0146587756915064,-0.0188487129543817,1.1895080630525252,1.1980666744090347,-0.0834587840195169,1.1988312154627951,-0.0887977253698474,-0.0904370818830761,-0.0947740820467593,-0.161974517316413,-0.1345464749557279,-0.1262511552136603,-0.0031749902209437,-0.0040940903633603,0.4938113490280171,0.2737410450431671,-0.3499327749819623,0.3967192425492039,-0.004357614038573,-0.0041943702405639,-0.1164246038907396,-0.1766172824237854,-0.1373232770907919,-0.1524643713004826,-0.0260596888205881,-0.0276597140284855,-0.0931447270142624,-0.1437067244867594,-0.0977185991261648,-0.1274622504830055,0.0031432964315106,0.0024263098865888,-0.0417642015788331,-0.1854941262710635,-0.1887158089232799,-0.1809144786860707,-0.047722125340837,-0.0481706839301534,1.9159514050552944,1.53630283309815,-0.301754266335682,1.8134708403453104,0.1831327449045568,0.1827480852580912,0.6781892850925403,-0.195669353643923,-0.4246718150208637,0.0695421785165586,0.1430014050880673,0.1425252107913369,-0.4258961174341557,-1.4211380025686302,-1.0598683976058427,-1.071885286333873,0.1855973669005454,0.1854920038455318,0.8720631585467615,-0.3355531622912064,-0.5770993762832375,-0.0333295770382706,0.241128277049832,0.2414064458179459,0.0182794000374458,-0.0874901561101501,-0.1311553038955873,-0.0975235937715251,-0.1206134067031157,-0.1197924596125166
72629711,42,1,0.9998318,0.9330566,0.9931542800000002,HIGH,CRITICAL,BOTH_HIGH,STRONG_CORROBORATION,0.06677520000000003,1,0,0.0,0.0,0.0,72292018,"Both XGBoost and GraphSAGE assign high fraud risk, providing strong corroborating model evidence.",-0.1727463248892436,0.0711697093986701,1.5735945770991024,-0.1219695997591005,-0.0637245732388369,-0.1130020092847624,-0.0615837940730322,-0.1633970167340511,-0.1692150208765148,-0.0497069643940398,-0.1657009392098719,-0.0287412858566647,-0.0353905526008135,-0.0631999532943942,-0.0132816148700588,-0.0539846857231615,-0.1709073781639714,-0.1729081406182527,-0.1757046142236254,-0.2432996524586214,-0.2434516511662217,-0.1397272998060684,-0.1489093971402932,-0.0801472696533522,-0.1556581178966639,-0.010763009512837,-0.0121074517774784,-0.1397290989406554,-0.1489046960251866,-0.0801467358465918,-0.1556580875204613,-0.0106685610738475,-0.0120051821184178,-0.0246688306562535,-0.0312723904866303,-0.0230451563960962,-0.0262146551774309,0.0014278137097094,0.0014826437872997,-0.2270829912308288,-0.2392436540820419,-0.0752555315462277,-0.2348218702213984,0.0374680287743863,0.0434442213339417,-0.2270654651111616,-0.2431012525130412,-0.0978946778840727,-0.2357593905731873,0.0365766503766988,0.0423451348069101,-0.4139826676878388,-0.4883214611652894,-0.2325526205785921,-0.4675325287240186,0.0487668178548852,0.0529560645235839,-0.0391283284860405,-0.1728921370942637,-0.1631259900993975,-0.1609262664245615,-0.1964346530529631,-0.1961888389129267,-0.0391236083331926,-0.1728810964008568,-0.1631146528780142,-0.1609193803348308,-0.1964085394766894,-0.1961326277610877,-0.0170316758803496,-0.0300262352777919,-0.0176401196299049,-0.0150709000018306,-0.1407632224600331,-0.140334623887323,-0.0938342359938388,-0.2642534138610993,-0.250573517311816,-0.2634071855043009,-0.1691189058033812,-0.1671653815026433,-0.0590130547854711,-0.2624238875355379,-0.2551681497514608,-0.259251046036533,-0.1871909645279049,-0.1852736257916989,-0.2885953981237635,-0.7600350445859078,-0.6942351992761703,-0.7175278528281238,0.0253079828897598,0.0252169034660526,-0.170940333440806,-0.2029817407541697,-0.1168167152870516,-0.193214532321765,-0.0146587756915064,-0.0188487129543817,1.189411979242847,1.1979689696810816,-0.0834587840195169,1.1987337764095936,-0.0887977253698474,-0.0904370818830761,-0.0174366417280277,-0.1031849144356184,-0.1345464749557279,-0.0523728855706239,-0.0031749902209437,-0.0040940903633603,1.5539093776639068,1.3011283510936915,-0.3499327749819623,1.4814926049495385,-0.004357614038573,-0.0041943702405639,-0.1164246038907396,-0.1766172824237854,-0.1373232770907919,-0.1524643713004826,-0.0260596888205881,-0.0276597140284855,-0.0955592697148178,-0.145125943418047,-0.0977185991261648,-0.1294956950866637,0.0031432964315106,0.0024263098865888,-0.0668827593619859,-0.1900049411522436,-0.1887158089232799,-0.1912832844391533,-0.047722125340837,-0.0481706839301534,1.107493023700945,0.8254688072571595,-0.301754266335682,1.0226473936582343,0.1831327449045568,0.1827480852580912,0.7449109096229471,-0.1749900674275973,-0.4246718150208637,0.1096859302026446,0.1430014050880673,0.1425252107913369,0.6601173970186788,-0.3757145314126718,-1.0598683976058427,0.1423388428816934,0.1855973669005454,0.1854920038455318,0.706364405630319,-0.3785201002213881,-0.5770993762832375,-0.12163369246865,0.241128277049832,0.2414064458179459,-0.098888736679456,-0.106714613806669,-0.1311553038955873,-0.1836705632417872,-0.1206134067031157,-0.1197924596125166
71748299,42,1,0.9999026,0.92781425,0.992693765,HIGH,CRITICAL,BOTH_HIGH,STRONG_CORROBORATION,0.07208835000000002,1,0,0.0,0.0,0.0,72321311,"Both XGBoost and GraphSAGE assign high fraud risk, providing strong corroborating model evidence.",-0.1727520693209643,0.1623781933788161,1.5735945770991024,-0.1219695997591005,-0.0637245732388369,-0.1130020092847624,-0.0615837940730322,-0.1634006201527144,-0.1692185737933955,-0.0497069643940398,-0.1657045386072169,-0.0287412858566647,-0.0353905526008135,-0.0631999532943942,-0.0132816148700588,-0.0540677254035698,-0.1709132840138737,-0.1729081406182527,-0.1757182158144542,-0.2432996524586214,-0.2434516511662217,-0.1397317551941965,-0.1489122400838725,-0.0801472696533522,-0.1556618931386957,-0.010763009512837,-0.0121074517774784,-0.1397335550050137,-0.1489075391581193,-0.0801467358465918,-0.1556618631661031,-0.0106685610738475,-0.0120051821184178,-0.0246688306562535,-0.0312723904866303,-0.0230451563960962,-0.0262146551774309,0.0014278137097094,0.0014826437872997,-0.2272154464478222,-0.2393683687143703,-0.0752555315462277,-0.2349515175665409,0.0374680287743863,0.0434442213339417,-0.2272033238276858,-0.2432360925423977,-0.0978946778840727,-0.2358964234692872,0.0365766503766988,0.0423451348069101,-0.4139950909001513,-0.4883317935034463,-0.2325526205785921,-0.4675444493076756,0.0487668178548852,0.0529560645235839,-0.0391486884967311,-0.1728951323200499,-0.1631259900993975,-0.1609322383499238,-0.1964346530529631,-0.1961888389129267,-0.0391439725401341,-0.1728840918620565,-0.1631146528780142,-0.1609253524840312,-0.1964085394766894,-0.1961326277610877,-0.0170316758803496,-0.0300262352777919,-0.0176401196299049,-0.0150709000018306,-0.1407632224600331,-0.140334623887323,-0.0950292480159356,-0.2643838400779968,-0.250573517311816,-0.2636703564938549,-0.1691189058033812,-0.1671653815026433,-0.0590130547854711,-0.2624238875355379,-0.2551681497514608,-0.259251046036533,-0.1871909645279049,-0.1852736257916989,-0.2937773825247494,-0.7619369376159003,-0.6942351992761703,-0.7209204289531086,0.0253079828897598,0.0252169034660526,-0.170940784136876,-0.2029820945791202,-0.1168167152870516,-0.1932149733388133,-0.0146587756915064,-0.0188487129543817,1.1891557557503725,1.1977084237398727,-0.0834587840195169,1.198473938934389,-0.0887977253698474,-0.0904370818830761,-0.1052759427269687,-0.1699577168683305,-0.1345464749557279,-0.136283285730116,-0.0031749902209437,-0.0040940903633603,1.023860363345962,0.7874346980684294,-0.3499327749819623,0.9391059237493712,-0.004357614038573,-0.0041943702405639,-0.1164246038907396,-0.1766172824237854,-0.1373232770907919,-0.1524643713004826,-0.0260596888205881,-0.0276597140284855,-0.0931447270142624,-0.1437067244867594,-0.0977185991261648,-0.1274622504830055,0.0031432964315106,0.0024263098865888,-0.1212301529633289,-0.1997646986162933,-0.1887158089232799,-0.2137175966438376,-0.047722125340837,-0.0481706839301534,1.102310406145296,0.8209120100410744,-0.301754266335682,1.0175778247444291,0.1831327449045568,0.1827480852580912,0.1629991908392394,-0.3553441740617712,-0.4246718150208637,-0.24042724084928,0.1430014050880673,0.1425252107913369,1.7461309114715131,0.6697089397432864,-1.0598683976058427,1.3565629720972598,0.1855973669005454,0.1854920038455318,-0.098458108535259,-0.5872166558822707,-0.5770993762832375,-0.5505393959876355,0.241128277049832,0.2414064458179459,-0.098888736679456,-0.106714613806669,-0.1311553038955873,-0.1836705632417872,-0.1206134067031157,-0.1197924596125166
106364923,44,0,0.9972064,0.95198834,0.992684594,HIGH,CRITICAL,BOTH_HIGH,STRONG_CORROBORATION,0.04521806000000006,2,0,0.00192340733,0.00192340733,0.0,"106364654,106448801","Both XGBoost and GraphSAGE assign high fraud risk, providing strong corroborating model evidence.",-0.1728825197440337,-0.0432628215297636,1.018601901343969,-0.1219695997591005,-0.0637245732388369,-0.1130020092847624,-0.0615837940730322,-0.163539217149658,-0.1693552283584265,-0.0497069643940398,-0.1658429809336414,-0.0287412858566647,-0.0353905526008135,-0.0631999532943942,-0.0132816148700588,-0.0559534752857997,-0.1710474000858887,-0.1729081406182527,-0.1760270946321168,-0.2432996524586214,-0.2434516511662217,-0.1397317888482546,-0.148912261558228,-0.0801472696533522,-0.155661921655227,-0.010763009512837,-0.0121074517774784,-0.1397335886641798,-0.148907560633905,-0.0801467358465918,-0.155661891685683,-0.0106685610738475,-0.0120051821184178,-0.0246688306562535,-0.0312723904866303,-0.0230451563960962,-0.0262146551774309,0.0014278137097094,0.0014826437872997,-0.2272059853608941,-0.2393594605263469,-0.0752555315462277,-0.2349422570418879,0.0374680287743863,0.0434442213339417,-0.2271934767765055,-0.2432264611117294,-0.0978946778840727,-0.23588663540528,0.0365766503766988,0.0423451348069101,-0.4136267872688335,-0.4880254767821746,-0.2325526205785921,-0.4671910468109719,0.0487668178548852,0.0529560645235839,0.0430244506733092,-0.1608063810361181,-0.1631259900993975,-0.1368295076900379,-0.1964346530529631,-0.1961888389129267,0.0430461027264767,-0.1607943904480385,-0.1631146528780142,-0.1368217184123184,-0.1964085394766894,-0.1961326277610877,-0.0170316758803496,-0.0300262352777919,-0.0176401196299049,-0.0150709000018306,-0.1407632224600331,-0.140334623887323,2.3122477822466747,-0.0016483777765935,-0.250573517311816,0.2664711537758172,-0.1691189058033812,-0.1671653815026433,0.1975878583082025,-0.2428336840136315,-0.2551681497514608,-0.2193508089574306,-0.1871909645279049,-0.1852736257916989,2.10104522111819,0.1170113697295544,-0.6942351992761703,0.8469380129108125,0.0253079828897598,0.0252169034660526,-0.1709877488289954,-0.2030189648359831,-0.1168167152870516,-0.1932609294304557,-0.0146587756915064,-0.0188487129543817,1.3185165915135526,1.3292515558075946,-0.0834587840195169,1.3296593842282438,-0.0887977253698474,-0.0904370818830761,-0.167858096519035,-0.217530793423455,-0.1345464749557279,-0.1960662474319454,-0.0031749902209437,-0.0040940903633603,0.4938113490280171,0.2737410450431671,-0.3499327749819623,0.3967192425492039,-0.004357614038573,-0.0041943702405639,-0.1164246038907396,-0.1766172824237854,-0.1373232770907919,-0.1524643713004826,-0.0260596888205881,-0.0276597140284855,-0.0931447270142624,-0.1437067244867594,-0.0977185991261648,-0.1274622504830055,0.0031432964315106,0.0024263098865888,0.0563064253409765,-0.1678825083137123,-0.1887158089232799,-0.140431450584172,-0.047722125340837,-0.0481706839301534,1.2230983482515223,0.9271143590309908,-0.301754266335682,1.1357310146893025,0.1831327449045568,0.1827480852580912,2.6051428524902125,0.4015586758928346,-0.4246718150208637,1.2289136126604736,0.1430014050880673,0.1425252107913369,1.7461309114715131,0.6697089397432864,-1.0598683976058427,1.3565629720972598,0.1855973669005454,0.1854920038455318,2.102968180211763,-0.0163701948098565,-0.5770993762832375,0.6226438518731189,0.241128277049832,0.2414064458179459,0.0182794000374458,-0.0874901561101501,-0.1311553038955873,-0.0975235937715251,-0.1206134067031157,-0.1197924596125166
73218947,42,1,0.99935204,0.9319703,0.992613866,HIGH,CRITICAL,BOTH_HIGH,STRONG_CORROBORATION,0.06738173999999997,1,0,0.0,0.0,0.0,73218950,"Both XGBoost and GraphSAGE assign high fraud risk, providing strong corroborating model evidence.",-0.1726360090551024,0.1428505284013436,1.5735945770991024,-0.1219695997591005,-0.0637245732388369,-0.1130020092847624,-0.0615837940730322,-0.163282360245103,-0.1691019712941235,-0.0497069643940398,-0.1655864106744802,-0.0287412858566647,-0.0353905526008135,-0.0631999532943942,-0.0132816148700588,-0.0523899950633289,-0.1707939624616074,-0.1729081406182527,-0.175443409824151,-0.2432996524586214,-0.2434516511662217,-0.1397317050110363,-0.1489122080624439,-0.0801472696533522,-0.1556618506163452,-0.010763009512837,-0.0121074517774784,-0.1397335048142369,-0.1489075071345578,-0.0801467358465918,-0.1556618206392065,-0.0106685610738475,-0.0120051821184178,-0.0246688306562535,-0.0312723904866303,-0.0230451563960962,-0.0262146551774309,0.0014278137097094,0.0014826437872997,-0.2272154464478222,-0.2393683687143703,-0.0752555315462277,-0.2349515175665409,0.0374680287743863,0.0434442213339417,-0.2272033238276858,-0.2432360925423977,-0.0978946778840727,-0.2358964234692872,0.0365766503766988,0.0423451348069101,-0.4139720633436274,-0.4883126415727742,-0.2325526205785921,-0.4675223534191843,0.0487668178548852,0.0529560645235839,-0.0391418311778426,-0.1728941235181061,-0.1631259900993975,-0.1609302269857251,-0.1964346530529631,-0.1961888389129267,-0.0391371138079344,-0.1728830829808247,-0.1631146528780142,-0.1609233410444431,-0.1964085394766894,-0.1961326277610877,-0.0170316758803496,-0.0300262352777919,-0.0176401196299049,-0.0150709000018306,-0.1407632224600331,-0.140334623887323,-0.0938342359938388,-0.2642534138610993,-0.250573517311816,-0.2634071855043009,-0.1691189058033812,-0.1671653815026433,-0.0588908638744741,-0.2624145588671942,-0.2551681497514608,-0.2592320459236382,-0.1871909645279049,-0.1852736257916989,0.7143921972304351,-0.3919183215000166,-0.6942351992761703,-0.0608852413592135,0.0253079828897598,0.0252169034660526,-0.0745448213478422,-0.1273051605211678,-0.1168167152870516,-0.0988891830487885,-0.0146587756915064,-0.0188487129543817,1.1895080630525252,1.1980666744090347,-0.0834587840195169,1.1988312154627951,-0.0887977253698474,-0.0904370818830761,-0.0947740820467593,-0.161974517316413,-0.1345464749557279,-0.1262511552136603,-0.0031749902209437,-0.0040940903633603,0.4938113490280171,0.2737410450431671,-0.3499327749819623,0.3967192425492039,-0.004357614038573,-0.0041943702405639,-0.1164246038907396,-0.1766172824237854,-0.1373232770907919,-0.1524643713004826,-0.0260596888205881,-0.0276597140284855,-0.0931447270142624,-0.1437067244867594,-0.0977185991261648,-0.1274622504830055,0.0031432964315106,0.0024263098865888,-0.0417642015788331,-0.1854941262710635,-0.1887158089232799,-0.1809144786860707,-0.047722125340837,-0.0481706839301534,1.9159514050552944,1.53630283309815,-0.301754266335682,1.8134708403453104,0.1831327449045568,0.1827480852580912,0.6781892850925403,-0.195669353643923,-0.4246718150208637,0.0695421785165586,0.1430014050880673,0.1425252107913369,-0.4258961174341557,-1.4211380025686302,-1.0598683976058427,-1.071885286333873,0.1855973669005454,0.1854920038455318,0.8720631585467615,-0.3355531622912064,-0.5770993762832375,-0.0333295770382706,0.241128277049832,0.2414064458179459,0.0182794000374458,-0.0874901561101501,-0.1311553038955873,-0.0975235937715251,-0.1206134067031157,-0.1197924596125166
73218944,42,1,0.99940634,0.9295965,0.992425356,HIGH,CRITICAL,BOTH_HIGH,STRONG_CORROBORATION,0.0698098399999999,1,0,0.01133160325,0.01133160325,0.0,73218946,"Both XGBoost and GraphSAGE assign high fraud risk, providing strong corroborating model evidence.",-0.1727658791184974,0.1421361016338751,1.5735945770991024,-0.1219695997591005,-0.0637245732388369,-0.1130020092847624,-0.0615837940730322,-0.1634152542815219,-0.1692330028254157,-0.0497069643940398,-0.1657191564047304,-0.0287412858566647,-0.0353905526008135,-0.0631999532943942,-0.0132816148700588,-0.0542673554504402,-0.1709274818658766,-0.1729081406182527,-0.1757509144737135,-0.2432996524586214,-0.2434516511662217,-0.1397317614041356,-0.1489122440463795,-0.0801472696533522,-0.1556618984006443,-0.010763009512837,-0.0121074517774784,-0.1397335612158954,-0.1489075431208902,-0.0801467358465918,-0.1556618684286142,-0.0106685610738475,-0.0120051821184178,-0.0246688306562535,-0.0312723904866303,-0.0230451563960962,-0.0262146551774309,0.0014278137097094,0.0014826437872997,-0.2272154464478222,-0.2393683687143703,-0.0752555315462277,-0.2349515175665409,0.0374680287743863,0.0434442213339417,-0.2272033238276858,-0.2432360925423977,-0.0978946778840727,-0.2358964234692872,0.0365766503766988,0.0423451348069101,-0.4139720633436274,-0.4883126415727742,-0.2325526205785921,-0.4675223534191843,0.0487668178548852,0.0529560645235839,-0.0391418311778426,-0.1728941235181061,-0.1631259900993975,-0.1609302269857251,-0.1964346530529631,-0.1961888389129267,-0.0391371138079344,-0.1728830829808247,-0.1631146528780142,-0.1609233410444431,-0.1964085394766894,-0.1961326277610877,-0.0170316758803496,-0.0300262352777919,-0.0176401196299049,-0.0150709000018306,-0.1407632224600331,-0.140334623887323,-0.0938342359938388,-0.2642534138610993,-0.250573517311816,-0.2634071855043009,-0.1691189058033812,-0.1671653815026433,-0.0588908638744741,-0.2624145588671942,-0.2551681497514608,-0.2592320459236382,-0.1871909645279049,-0.1852736257916989,0.7143921972304351,-0.3919183215000166,-0.6942351992761703,-0.0608852413592135,0.0253079828897598,0.0252169034660526,-0.1709518654163941,-0.2029907940851484,-0.1168167152870516,-0.193225816639899,-0.0146587756915064,-0.0188487129543817,1.1895080630525252,1.1980666744090347,-0.0834587840195169,1.1988312154627951,-0.0887977253698474,-0.0904370818830761,-0.079982118474645,-0.1507301102006897,-0.1345464749557279,-0.1121208107281583,-0.0031749902209437,-0.0040940903633603,1.023860363345962,0.7874346980684294,-0.3499327749819623,0.9391059237493712,-0.004357614038573,-0.0041943702405639,-0.1164246038907396,-0.1766172824237854,-0.1373232770907919,-0.1524643713004826,-0.0260596888205881,-0.0276597140284855,-0.0931447270142624,-0.1437067244867594,-0.0977185991261648,-0.1274622504830055,0.0031432964315106,0.0024263098865888,-0.0417642015788331,-0.1854941262710635,-0.1887158089232799,-0.1809144786860707,-0.047722125340837,-0.0481706839301534,1.9159514050552944,1.53630283309815,-0.301754266335682,1.8134708403453104,0.1831327449045568,0.1827480852580912,0.6781892850925403,-0.195669353643923,-0.4246718150208637,0.0695421785165586,0.1430014050880673,0.1425252107913369,-0.4258961174341557,-1.4211380025686302,-1.0598683976058427,-1.071885286333873,0.1855973669005454,0.1854920038455318,0.8720631585467615,-0.3355531622912064,-0.5770993762832375,-0.0333295770382706,0.241128277049832,0.2414064458179459,0.0182794000374458,-0.0874901561101501,-0.1311553038955873,-0.0975235937715251,-0.1206134067031157,-0.1197924596125166
71988716,42,1,0.9999726,0.9241636,0.9923917,HIGH,CRITICAL,BOTH_HIGH,STRONG_CORROBORATION,0.07580900000000002,1,0,0.0,0.0,0.0,71486876,"Both XGBoost and GraphSAGE assign high fraud risk, providing strong corroborating model evidence.",-0.1727961027945499,0.1414216748664066,1.5735945770991024,-0.1219695997591005,-0.0637245732388369,-0.1130020092847624,-0.0615837940730322,-0.1634461953705569,-0.169263510276204,-0.0497069643940398,-0.1657500629643427,-0.0287412858566647,-0.0353905526008135,-0.0631999532943942,-0.0132816148700588,-0.0547042593118118,-0.170958554825386,-0.1729081406182527,-0.1758224777013739,-0.2432996524586214,-0.2434516511662217,-0.1397317745338738,-0.1489122524243488,-0.0801472696533522,-0.1556619095260364,-0.010763009512837,-0.0121074517774784,-0.1397335743476264,-0.1489075514994175,-0.0801467358465918,-0.1556618795551956,-0.0106685610738475,-0.0120051821184178,-0.0246688306562535,-0.0312723904866303,-0.0230451563960962,-0.0262146551774309,0.0014278137097094,0.0014826437872997,-0.2272154464478222,-0.2393683687143703,-0.0752555315462277,-0.2349515175665409,0.0374680287743863,0.0434442213339417,-0.2272033238276858,-0.2432360925423977,-0.0978946778840727,-0.2358964234692872,0.0365766503766988,0.0423451348069101,-0.4140062443366196,-0.4883410697738911,-0.2325526205785921,-0.4675551514891356,0.0487668178548852,0.0529560645235839,-0.0391371018286373,-0.1728934277685357,-0.1631259900993975,-0.1609288397899669,-0.1964346530529631,-0.1961888389129267,-0.039132383483998,-0.172882387176571,-0.1631146528780142,-0.1609219537966905,-0.1964085394766894,-0.1961326277610877,-0.0170316758803496,-0.0300262352777919,-0.0176401196299049,-0.0150709000018306,-0.1407632224600331,-0.140334623887323,-0.0937595477424578,-0.2642452622225432,-0.250573517311816,-0.2633907373174538,-0.1691189058033812,-0.1671653815026433,-0.0590130547854711,-0.2624238875355379,-0.2551681497514608,-0.259251046036533,-0.1871909645279049,-0.1852736257916989,-0.2909147688160555,-0.7608863005165123,-0.6942351992761703,-0.7190463139092035,0.0253079828897598,0.0252169034660526,-0.1709716498519531,-0.2030063261197051,-0.1168167152870516,-0.1932451761905021,-0.0146587756915064,-0.0188487129543817,1.1892518395600504,1.197806128467826,-0.0834587840195169,1.1985713779875906,-0.0887977253698474,-0.0904370818830761,-0.1713846500102303,-0.2202115736306975,-0.1345464749557279,-0.1994350642515786,-0.0031749902209437,-0.0040940903633603,-0.0362376652899277,-0.2399526079820951,-0.3499327749819623,-0.1456674386509633,-0.004357614038573,-0.0041943702405639,-0.1164246038907396,-0.1766172824237854,-0.1373232770907919,-0.1524643713004826,-0.0260596888205881,-0.0276597140284855,-0.0955592697148178,-0.145125943418047,-0.0977185991261648,-0.1294956950866637,0.0031432964315106,0.0024263098865888,-0.1036859029534564,-0.196614085244822,-0.1887158089232799,-0.2064754244615678,-0.047722125340837,-0.0481706839301534,1.1050365228942212,0.8233089380564718,-0.301754266335682,1.0202444766008238,0.1831327449045568,0.1827480852580912,0.4406355135446517,-0.269295295280996,-0.4246718150208637,-0.0733844915732211,0.1430014050880673,0.1425252107913369,-0.968902874660573,-1.943849738146609,-1.0598683976058427,-1.6789973509416565,0.1855973669005454,0.1854920038455318,0.3039531485475299,-0.4828683780518294,-0.5770993762832375,-0.3360865442281427,0.241128277049832,0.2414064458179459,-0.098888736679456,-0.106714613806669,-0.1311553038955873,-0.1836705632417872,-0.1206134067031157,-0.1197924596125166
73231155,42,1,0.99828714,0.9371075,0.992169176,HIGH,CRITICAL,BOTH_HIGH,STRONG_CORROBORATION,0.06117963999999998,1,0,0.011686740048,0.011686740048,0.0,73231161,"Both XGBoost and GraphSAGE assign high fraud risk, providing strong corroborating model evidence.",-0.1727822280921038,0.0085382961172644,0.463609225588836,-0.1219695997591005,-0.0637245732388369,-0.1130020092847624,-0.0615837940730322,-0.1634353125118376,-0.1692527799403571,-0.0497069643940398,-0.1657391922506008,-0.0287412858566647,-0.0353905526008135,-0.0631999532943942,-0.0132816148700588,-0.0545036910201335,-0.1709442902446459,-0.1729081406182527,-0.1757896253611044,-0.2432996524586214,-0.2434516511662217,-0.1397317699157725,-0.1489122494775794,-0.0801472696533522,-0.1556619056129204,-0.010763009512837,-0.0121074517774784,-0.1397335697288241,-0.1489075485524517,-0.0801467358465918,-0.1556618756416613,-0.0106685610738475,-0.0120051821184178,-0.0246688306562535,-0.0312723904866303,-0.0230451563960962,-0.0262146551774309,0.0014278137097094,0.0014826437872997,-0.2272154464478222,-0.2393683687143703,-0.0752555315462277,-0.2349515175665409,0.0374680287743863,0.0434442213339417,-0.2272033238276858,-0.2432360925423977,-0.0978946778840727,-0.2358964234692872,0.0365766503766988,0.0423451348069101,-0.4139720633436274,-0.4883126415727742,-0.2325526205785921,-0.4675223534191843,0.0487668178548852,0.0529560645235839,-0.0391418311778426,-0.1728941235181061,-0.1631259900993975,-0.1609302269857251,-0.1964346530529631,-0.1961888389129267,-0.0391371138079344,-0.1728830829808247,-0.1631146528780142,-0.1609233410444431,-0.1964085394766894,-0.1961326277610877,-0.0170316758803496,-0.0300262352777919,-0.0176401196299049,-0.0150709000018306,-0.1407632224600331,-0.140334623887323,-0.0938342359938388,-0.2642534138610993,-0.250573517311816,-0.2634071855043009,-0.1691189058033812,-0.1671653815026433,-0.0588908638744741,-0.2624145588671942,-0.2551681497514608,-0.2592320459236382,-0.1871909645279049,-0.1852736257916989,0.7143921972304351,-0.3919183215000166,-0.6942351992761703,-0.0608852413592135,0.0253079828897598,0.0252169034660526,-0.1709644626325064,-0.2030006836973838,-0.1168167152870516,-0.1932381433217524,-0.0146587756915064,-0.0188487129543817,1.1895080630525252,1.1980666744090347,-0.0834587840195169,1.1988312154627951,-0.0887977253698474,-0.0904370818830761,-0.079982118474645,-0.1507301102006897,-0.1345464749557279,-0.1121208107281583,-0.0031749902209437,-0.0040940903633603,1.023860363345962,0.7874346980684294,-0.3499327749819623,0.9391059237493712,-0.004357614038573,-0.0041943702405639,-0.1164246038907396,-0.1766172824237854,-0.1373232770907919,-0.1524643713004826,-0.0260596888205881,-0.0276597140284855,-0.0931447270142624,-0.1437067244867594,-0.0977185991261648,-0.1274622504830055,0.0031432964315106,0.0024263098865888,-0.0417642015788331,-0.1854941262710635,-0.1887158089232799,-0.1809144786860707,-0.047722125340837,-0.0481706839301534,1.9159514050552944,1.53630283309815,-0.301754266335682,1.8134708403453104,0.1831327449045568,0.1827480852580912,0.6781892850925403,-0.195669353643923,-0.4246718150208637,0.0695421785165586,0.1430014050880673,0.1425252107913369,-0.4258961174341557,-1.4211380025686302,-1.0598683976058427,-1.071885286333873,0.1855973669005454,0.1854920038455318,0.8720631585467615,-0.3355531622912064,-0.5770993762832375,-0.0333295770382706,0.241128277049832,0.2414064458179459,0.0182794000374458,-0.0874901561101501,-0.1311553038955873,-0.0975235937715251,-0.1206134067031157,-0.1197924596125166
72629945,42,1,0.99978596,0.9232174,0.992129104,HIGH,CRITICAL,BOTH_HIGH,STRONG_CORROBORATION,0.07656856000000001,2,0,0.0004854749025,0.0004854749025,0.0,"72405949,73279925","Both XGBoost and GraphSAGE assign high fraud risk, providing strong corroborating model evidence.",-0.1728440773651002,0.055452320514363,1.5735945770991024,-0.1219695997591005,-0.0637245732388369,-0.1130020092847624,-0.0615837940730322,-0.1634974237918536,-0.1693140207330242,-0.0497069643940398,-0.1658012342160997,-0.0287412858566647,-0.0353905526008135,-0.0631999532943942,-0.0132816148700588,-0.0553977644660049,-0.1710078774784478,-0.1729081406182527,-0.1759360712665061,-0.2432996524586214,-0.2434516511662217,-0.1397317962724674,-0.1489122662955523,-0.0801472696533522,-0.1556619279460819,-0.010763009512837,-0.0121074517774784,-0.1397335960895195,-0.1489075653715448,-0.0801467358465918,-0.1556618979772105,-0.0106685610738475,-0.0120051821184178,-0.0246688306562535,-0.0312723904866303,-0.0230451563960962,-0.0262146551774309,0.0014278137097094,0.0014826437872997,-0.2272154464478222,-0.2393683687143703,-0.0752555315462277,-0.2349515175665409,0.0374680287743863,0.0434442213339417,-0.2272033238276858,-0.2432360925423977,-0.0978946778840727,-0.2358964234692872,0.0365766503766988,0.0423451348069101,-0.4139826676878388,-0.4883214611652894,-0.2325526205785921,-0.4675325287240186,0.0487668178548852,0.0529560645235839,-0.0391462913341703,-0.1728947796658581,-0.1631259900993975,-0.1609315352227932,-0.1964346530529631,-0.1961888389129267,-0.0391415748835119,-0.1728837391801473,-0.1631146528780142,-0.1609246493305462,-0.1964085394766894,-0.1961326277610877,-0.0170316758803496,-0.0300262352777919,-0.0176401196299049,-0.0150709000018306,-0.1407632224600331,-0.140334623887323,-0.0949545597645546,-0.2643756884394407,-0.250573517311816,-0.2636539083070078,-0.1691189058033812,-0.1671653815026433,-0.0587686729634771,-0.2624052301988505,-0.2551681497514608,-0.2592130458107434,-0.1871909645279049,-0.1852736257916989,-0.2936466648747599,-0.7618889615958713,-0.6942351992761703,-0.7208348498497859,0.0253079828897598,0.0252169034660526,-0.1708904786555148,-0.202942601591182,-0.1168167152870516,-0.1931657482037763,-0.0146587756915064,-0.0188487129543817,1.189411979242847,1.1979689696810816,-0.0834587840195169,1.1987337764095936,-0.0887977253698474,-0.0904370818830761,-0.1648539130690819,-0.2152471032563651,-0.1345464749557279,-0.1931964359401494,-0.0031749902209437,-0.0040940903633603,1.023860363345962,0.7874346980684294,-0.3499327749819623,0.9391059237493712,-0.004357614038573,-0.0041943702405639,-0.1164246038907396,-0.1766172824237854,-0.1373232770907919,-0.1524643713004826,-0.0260596888205881,-0.0276597140284855,-0.0931447270142624,-0.1437067244867594,-0.0977185991261648,-0.1274622504830055,0.0031432964315106,0.0024263098865888,0.0496068891943763,-0.1690856174893257,-0.1887158089232799,-0.1431969831254728,-0.047722125340837,-0.0481706839301534,1.1024002781260298,0.8209910296459776,-0.301754266335682,1.0176657363440906,0.1831327449045568,0.1827480852580912,2.627901536646985,0.408612361214456,-0.4246718150208637,1.2426066090753791,0.1430014050880673,0.1425252107913369,2.289137668697931,1.1924206753212654,-1.0598683976058427,1.9636750367050433,0.1855973669005454,0.1854920038455318,0.8247206577134922,-0.3478294302712583,-0.5770993762832375,-0.0585593243040933,0.241128277049832,0.2414064458179459,0.0182794000374458,-0.0874901561101501,-0.1311553038955873,-0.0975235937715251,-0.1206134067031157,-0.1197924596125166
72629836,42,1,0.999925,0.92122656,0.992055156,HIGH,CRITICAL,BOTH_HIGH,STRONG_CORROBORATION,0.07869843999999993,1,1,0.981786338,0.981786338,1.0,72294238,"Both XGBoost and GraphSAGE assign high fraud risk, providing strong corroborating model evidence.",-0.1729011751443168,0.0645017262356307,1.018601901343969,-0.1219695997591005,-0.0637245732388369,-0.1130020092847624,-0.0615837940730322,-0.163555617622201,-0.1693713989789384,-0.0497069643940398,-0.1658593631036983,-0.0287412858566647,-0.0353905526008135,-0.0631999532943942,-0.0132816148700588,-0.0562231518269639,-0.1710665797017839,-0.1729081406182527,-0.1760712666466406,-0.2432996524586214,-0.2434516511662217,-0.139731820966807,-0.1489122820527909,-0.0801472696533522,-0.1556619488706581,-0.010763009512837,-0.0121074517774784,-0.1397336207876071,-0.148907581129833,-0.0801467358465918,-0.1556619189040237,-0.0106685610738475,-0.0120051821184178,-0.0246688306562535,-0.0312723904866303,-0.0230451563960962,-0.0262146551774309,0.0014278137097094,0.0014826437872997,-0.2272154464478222,-0.2393683687143703,-0.0752555315462277,-0.2349515175665409,0.0374680287743863,0.0434442213339417,-0.2272033238276858,-0.2432360925423977,-0.0978946778840727,-0.2358964234692872,0.0365766503766988,0.0423451348069101,-0.4139826676878388,-0.4883214611652894,-0.2325526205785921,-0.4675325287240186,0.0487668178548852,0.0529560645235839,-0.0391312267543373,-0.1728925634677106,-0.1631259900993975,-0.1609271165342304,-0.1964346530529631,-0.1961888389129267,-0.0391265071988299,-0.1728815228078151,-0.1631146528780142,-0.1609202304763634,-0.1964085394766894,-0.1961326277610877,-0.0170316758803496,-0.0300262352777919,-0.0176401196299049,-0.0150709000018306,-0.1407632224600331,-0.140334623887323,-0.0937595477424578,-0.2642452622225432,-0.250573517311816,-0.2633907373174538,-0.1691189058033812,-0.1671653815026433,-0.0590130547854711,-0.2624238875355379,-0.2551681497514608,-0.259251046036533,-0.1871909645279049,-0.1852736257916989,-0.2929651850515106,-0.7616388447244905,-0.6942351992761703,-0.7203886940918538,0.0253079828897598,0.0252169034660526,-0.1707626527514976,-0.2028422501632868,-0.1168167152870516,-0.1930406674528081,-0.0146587756915064,-0.0188487129543817,1.189411979242847,1.1979689696810816,-0.0834587840195169,1.1987337764095936,-0.0887977253698474,-0.0904370818830761,-0.0214244368513838,-0.1062163166995913,-0.1345464749557279,-0.0561823134776027,-0.0031749902209437,-0.0040940903633603,1.5539093776639068,1.3011283510936915,-0.3499327749819623,1.4814926049495385,-0.004357614038573,-0.0041943702405639,-0.1164246038907396,-0.1766172824237854,-0.1373232770907919,-0.1524643713004826,-0.0260596888205881,-0.0276597140284855,-0.0931447270142624,-0.1437067244867594,-0.0977185991261648,-0.1274622504830055,0.0031432964315106,0.0024263098865888,0.5246644772511616,-0.0837743167321888,-0.1887158089232799,0.0529042379164654,-0.047722125340837,-0.0481706839301534,1.1032690406064565,0.8217548858267086,-0.301754266335682,1.0185155484741504,0.1831327449045568,0.1827480852580912,1.6763396238550032,0.1136911675883609,-0.4246718150208637,0.6700895966388815,0.1430014050880673,0.1425252107913369,2.289137668697931,1.1924206753212654,-1.0598683976058427,1.9636750367050433,0.1855973669005454,0.1854920038455318,0.5643369031305111,-0.4153489041615438,-0.5770993762832375,-0.197322934266118,0.241128277049832,0.2414064458179459,-0.098888736679456,-0.106714613806669,-0.1311553038955873,-0.1836705632417872,-0.1206134067031157,-0.1197924596125166
72601509,42,1,0.9998913,0.92147106,0.992049276,HIGH,CRITICAL,BOTH_HIGH,STRONG_CORROBORATION,0.07842024000000003,1,0,0.0,0.0,0.0,72314628,"Both XGBoost and GraphSAGE assign high fraud risk, providing strong corroborating model evidence.",-0.1729417897248007,0.13499183395919,1.5735945770991024,-0.1219695997591005,-0.0637245732388369,-0.1130020092847624,-0.0615837940730322,-0.1635954148889663,-0.1694106384884456,-0.0497069643940398,-0.1658991159577848,-0.0287412858566647,-0.0353905526008135,-0.0631999532943942,-0.0132816148700588,-0.0568102633024365,-0.1711083355495065,-0.1729081406182527,-0.1761674333228733,-0.2432996524586214,-0.2434516511662217,-0.1397318378546319,-0.1489122928287619,-0.0801472696533522,-0.1556619631804387,-0.010763009512837,-0.0121074517774784,-0.1397336376779952,-0.1489075919065217,-0.0801467358465918,-0.1556619332153341,-0.0106685610738475,-0.0120051821184178,-0.0246688306562535,-0.0312723904866303,-0.0230451563960962,-0.0262146551774309,0.0014278137097094,0.0014826437872997,-0.2272154464478222,-0.2393683687143703,-0.0752555315462277,-0.2349515175665409,0.0374680287743863,0.0434442213339417,-0.2272033238276858,-0.2432360925423977,-0.0978946778840727,-0.2358964234692872,0.0365766503766988,0.0423451348069101,-0.4139826676878388,-0.4883214611652894,-0.2325526205785921,-0.4675325287240186,0.0487668178548852,0.0529560645235839,-0.0391312267543373,-0.1728925634677106,-0.1631259900993975,-0.1609271165342304,-0.1964346530529631,-0.1961888389129267,-0.0391265071988299,-0.1728815228078151,-0.1631146528780142,-0.1609202304763634,-0.1964085394766894,-0.1961326277610877,-0.0170316758803496,-0.0300262352777919,-0.0176401196299049,-0.0150709000018306,-0.1407632224600331,-0.140334623887323,-0.0937595477424578,-0.2642452622225432,-0.250573517311816,-0.2633907373174538,-0.1691189058033812,-0.1671653815026433,-0.0590130547854711,-0.2624238875355379,-0.2551681497514608,-0.259251046036533,-0.1871909645279049,-0.1852736257916989,-0.2929651850515106,-0.7616388447244905,-0.6942351992761703,-0.7203886940918538,0.0253079828897598,0.0252169034660526,-0.1710657210983998,-0.203080178004246,-0.1168167152870516,-0.1933372271894021,-0.0146587756915064,-0.0188487129543817,1.189411979242847,1.1979689696810816,-0.0834587840195169,1.1987337764095936,-0.0887977253698474,-0.0904370818830761,-0.0799810070490254,-0.1507292653282638,-0.1345464749557279,-0.1121197490146948,-0.0031749902209437,-0.0040940903633603,0.4938113490280171,0.2737410450431671,-0.3499327749819623,0.3967192425492039,-0.004357614038573,-0.0041943702405639,-0.1164246038907396,-0.1766172824237854,-0.1373232770907919,-0.1524643713004826,-0.0260596888205881,-0.0276597140284855,-0.0931447270142624,-0.1437067244867594,-0.0977185991261648,-0.1274622504830055,0.0031432964315106,0.0024263098865888,0.5246644772511616,-0.0837743167321888,-0.1887158089232799,0.0529042379164654,-0.047722125340837,-0.0481706839301534,1.1032690406064565,0.8217548858267086,-0.301754266335682,1.0185155484741504,0.1831327449045568,0.1827480852580912,1.6763396238550032,0.1136911675883609,-0.4246718150208637,0.6700895966388815,0.1430014050880673,0.1425252107913369,2.289137668697931,1.1924206753212654,-1.0598683976058427,1.9636750367050433,0.1855973669005454,0.1854920038455318,0.5643369031305111,-0.4153489041615438,-0.5770993762832375,-0.197322934266118,0.241128277049832,0.2414064458179459,-0.098888736679456,-0.106714613806669,-0.1311553038955873,-0.1836705632417872,-0.1206134067031157,-0.1197924596125166
72295214,42,1,0.9999404,0.919374,0.99188376,HIGH,CRITICAL,BOTH_HIGH,STRONG_CORROBORATION,0.08056639999999993,1,0,0.0,0.0,0.0,72295220,"Both XGBoost and GraphSAGE assign high fraud risk, providing strong corroborating model evidence.",-0.1727902614154518,0.0525946134444889,1.018601901343969,-0.1219695997591005,-0.0637245732388369,-0.1130020092847624,-0.0615837940730322,-0.1634424333875327,-0.1692598010172362,-0.0497069643940398,-0.1657463051795903,-0.0287412858566647,-0.0353905526008135,-0.0631999532943942,-0.0132816148700588,-0.0546198181909082,-0.1709525493038909,-0.1729081406182527,-0.1758086465598039,-0.2432996524586214,-0.2434516511662217,-0.1397315895039499,-0.1489121343583983,-0.0801472696533522,-0.1556617527422218,-0.010763009512837,-0.0121074517774784,-0.1397333892896191,-0.1489074334256032,-0.0801467358465918,-0.1556617227546194,-0.0106685610738475,-0.0120051821184178,-0.0246688306562535,-0.0312723904866303,-0.0230451563960962,-0.0262146551774309,0.0014278137097094,0.0014826437872997,-0.2271776021001098,-0.2393327359622765,-0.0752555315462277,-0.2349144754679288,0.0374680287743863,0.0434442213339417,-0.2271639356229646,-0.2431975668197244,-0.0978946778840727,-0.2358572712132586,0.0365766503766988,0.0423451348069101,-0.4139765247182148,-0.4883163520809521,-0.2325526205785921,-0.4675266342917683,0.0487668178548852,0.0529560645235839,-0.0391473481088244,-0.1728949351313312,-0.1631259900993975,-0.1609318451921471,-0.1964346530529631,-0.1961888389129267,-0.0391426626320936,-0.1728838991818936,-0.1631146528780142,-0.1609249683312734,-0.1964085394766894,-0.1961326277610877,-0.0169193383875251,-0.0300211945364052,-0.0176401196299049,-0.0150603769288723,-0.1407632224600331,-0.140334623887323,-0.0945811185076493,-0.2643349302466602,-0.250573517311816,-0.2635716673727721,-0.1691189058033812,-0.1671653815026433,-0.0587686729634771,-0.2624052301988505,-0.2551681497514608,-0.2592130458107434,-0.1871909645279049,-0.1852736257916989,-0.2930421118101328,-0.7616670783999944,-0.6942351992761703,-0.7204390570154906,0.0253079828897598,0.0252169034660526,-0.1551435934213469,-0.1905802996751536,-0.1168167152870516,-0.1777570386339582,-0.0146587756915064,-0.0188487129543817,1.1893799513062877,1.1979364014384304,-0.0834587840195169,1.1987012967251929,-0.0887977253698474,-0.0904370818830761,-0.1035654586983051,-0.1686574582049375,-0.1345464749557279,-0.1346493087098149,-0.0031749902209437,-0.0040940903633603,0.4938113490280171,0.2737410450431671,-0.3499327749819623,0.3967192425492039,-0.004357614038573,-0.0041943702405639,-0.1164246038907396,-0.1766172824237854,-0.1373232770907919,-0.1524643713004826,-0.0260596888205881,-0.0276597140284855,-0.0931447270142624,-0.1437067244867594,-0.0977185991261648,-0.1274622504830055,0.0031432964315106,0.0024263098865888,-0.1161809417950913,-0.1988579563951622,-0.1887158089232799,-0.2116333093904959,-0.047722125340837,-0.0481706839301534,1.1024601927798523,0.8210437093825798,-0.301754266335682,1.017724344077198,0.1831327449045568,0.1827480852580912,0.2753807159461205,-0.3205133416372207,-0.4246718150208637,-0.1728117403313288,0.1430014050880673,0.1425252107913369,-0.4258961174341557,-1.4211380025686302,-1.0598683976058427,-1.071885286333873,0.1855973669005454,0.1854920038455318,0.161925646047722,-0.5196971819919851,-0.5770993762832375,-0.4117757860256107,0.241128277049832,0.2414064458179459,-0.098888736679456,-0.106714613806669,-0.1311553038955873,-0.1836705632417872,-0.1206134067031157,-0.1197924596125166
72295072,42,1,0.9986999,0.92992127,0.991822037,HIGH,CRITICAL,BOTH_HIGH,STRONG_CORROBORATION,0.06877862999999995,1,0,0.0,0.0,0.0,72020374,"Both XGBoost and GraphSAGE assign high fraud risk, providing strong corroborating model evidence.",-0.1723849340180442,0.0702171403753788,1.5735945770991024,-0.1219695997591005,-0.0637245732388369,-0.1130020092847624,-0.0615837940730322,-0.1630272843339009,-0.1688504702626157,-0.0497069643940398,-0.1653316194211313,-0.0287412858566647,-0.0353905526008135,-0.0631999532943942,-0.0132816148700588,-0.048760534074065,-0.1705358322312949,-0.1729081406182527,-0.174848917611965,-0.2432996524586214,-0.2434516511662217,-0.1397315967705044,-0.1489121389951221,-0.0801472696533522,-0.155661758899486,-0.010763009512837,-0.0121074517774784,-0.1397333965572764,-0.1489074380626359,-0.0801467358465918,-0.1556617289125418,-0.0106685610738475,-0.0120051821184178,-0.0246688306562535,-0.0312723904866303,-0.0230451563960962,-0.0262146551774309,0.0014278137097094,0.0014826437872997,-0.2272154464478222,-0.2393683687143703,-0.0752555315462277,-0.2349515175665409,0.0374680287743863,0.0434442213339417,-0.2272033238276858,-0.2432360925423977,-0.0978946778840727,-0.2358964234692872,0.0365766503766988,0.0423451348069101,-0.4139929288493897,-0.4883299953340986,-0.2325526205785921,-0.4675423747309618,0.0487668178548852,0.0529560645235839,-0.0389809541590717,-0.1728704563893234,-0.1631259900993975,-0.1608830391151878,-0.1964346530529631,-0.1961888389129267,-0.0389762036319937,-0.1728594139918952,-0.1631146528780142,-0.1608761514052232,-0.1964085394766894,-0.1961326277610877,-0.0170316758803496,-0.0300262352777919,-0.0176401196299049,-0.0150709000018306,-0.1407632224600331,-0.140334623887323,-0.0884566818944032,-0.2636664958850607,-0.250573517311816,-0.262222916051308,-0.1691189058033812,-0.1671653815026433,-0.0559582820105464,-0.2621906708269438,-0.2551681497514608,-0.2587760432141627,-0.1871909645279049,-0.1852736257916989,2.4561337405490224,0.2473360345447139,-0.6942351992761703,1.0794097341780624,0.0253079828897598,0.0252169034660526,-0.166108854228668,-0.1991887236696313,-0.1168167152870516,-0.1884868125939987,-0.0146587756915064,-0.0188487129543817,1.1893479233697284,1.1979038331957794,-0.0834587840195169,1.1986688170407924,-0.0887977253698474,-0.0904370818830761,-0.1023095477480843,-0.1677027523637197,-0.1345464749557279,-0.1334495724960785,-0.0031749902209437,-0.0040940903633603,-0.0362376652899277,-0.2399526079820951,-0.3499327749819623,-0.1456674386509633,-0.004357614038573,-0.0041943702405639,-0.1164246038907396,-0.1766172824237854,-0.1373232770907919,-0.1524643713004826,-0.0260596888205881,-0.0276597140284855,-0.0931447270142624,-0.1437067244867594,-0.0977185991261648,-0.1274622504830055,0.0031432964315106,0.0024263098865888,-0.1214606206165147,-0.1998060862201755,-0.1887158089232799,-0.2138127324533407,-0.047722125340837,-0.0481706839301534,1.16839626931155,0.879017759513236,-0.301754266335682,1.0822221543620854,0.1831327449045568,0.1827480852580912,-0.0745204969066443,-0.4289595519767832,-0.4246718150208637,-0.3833334040690034,0.1430014050880673,0.1425252107913369,1.7461309114715131,0.6697089397432864,-1.0598683976058427,1.3565629720972598,0.1855973669005454,0.1854920038455318,-0.1458006093685283,-0.5994929238623226,-0.5770993762832375,-0.5757691432534582,0.241128277049832,0.2414064458179459,0.0182794000374458,-0.0874901561101501,-0.1311553038955873,-0.0975235937715251,-0.1206134067031157,-0.1197924596125166
71749633,42,1,0.998434,0.9311792,0.99170852,HIGH,CRITICAL,BOTH_HIGH,STRONG_CORROBORATION,0.06725480000000006,3,1,0.999542833,0.999542833,1.0,"72321311,71990384,29949646","Both XGBoost and GraphSAGE assign high fraud risk, providing strong corroborating model evidence.",-0.1723578373837497,0.0730748474452528,1.5735945770991024,-0.1219695997591005,-0.0438745479173489,-0.1130020092847624,-0.0615837940730322,-0.1629994892340664,-0.1688230647101027,-0.0497069643940398,-0.1653038553398802,-0.0287412858566647,-0.0353905526008135,-0.0429552992580282,-0.0132816148700588,-0.0540636523816488,-0.1707453439945093,-0.172715459898322,-0.1755244933589024,0.8870578724766534,0.8845565252702963,-0.1397315849757552,-0.1489121314689975,-0.0801472696533522,-0.1556617489052876,-0.010763009512837,-0.0121074517774784,-0.139733384760737,-0.14890743053601,-0.0801467358465918,-0.155661718917275,-0.0106685610738475,-0.0120051821184178,-0.0246688306562535,-0.0312723904866303,-0.0230451563960962,-0.0262146551774309,0.0014278137097094,0.0014826437872997,-0.2272154464478222,-0.2393683687143703,-0.0752555315462277,-0.2349515175665409,0.0374680287743863,0.0434442213339417,-0.2272033238276858,-0.2432360925423977,-0.0978946778840727,-0.2358964234692872,0.0365766503766988,0.0423451348069101,-0.4140109116208033,-0.4883449515362926,-0.2325526205785921,-0.4675596299404542,0.0487668178548852,0.0529560645235839,-0.0391504559203932,-0.1728951323200499,-0.163125713233381,-0.1609324975571107,-1.316342283664295,-1.3153883882753692,-0.0391457403280667,-0.1728840918620565,-0.1631143760092409,-0.1609256117009336,-1.3163333780274464,-1.315375381290753,-0.0170316758803496,-0.0300262352777919,-0.0176401196299049,-0.0150709000018306,-0.1407632224600331,-0.140334623887323,-0.0954026892728408,-0.2643838400779968,-0.2505315925132212,-0.2637114769609727,-1.4717644946197317,-1.470277463738429,-0.0590130547854711,-0.2624238875355379,-0.2551681497514608,-0.259251046036533,-0.1871909645279049,-0.1852736257916989,-0.2938660700158927,-0.7619369376159003,-0.6941958348099465,-0.7209494602123478,-1.0849067857111534,-1.0848448955263614,-0.1571162412978395,-0.1921289531555448,-0.1168167152870516,-0.1796873224812323,-0.0146587756915064,-0.0188487129543817,1.1891877836869318,1.197740991982524,-0.0834587840195169,1.1985064186187897,-0.0887977253698474,-0.0904370818830761,0.0833652162730597,-0.0265583649001426,-0.1345464749557279,0.0439202787134763,-0.0031749902209437,-0.0040940903633603,1.023860363345962,0.7874346980684294,-0.3499327749819623,0.9391059237493712,-0.004357614038573,-0.0041943702405639,-0.1164246038907396,-0.1766172824237854,-0.1373232770907919,-0.1524643713004826,-0.0260596888205881,-0.0276597140284855,-0.0617556719070424,-0.1252568783800208,-0.0977185991261648,-0.1010274706354492,0.0031432964315106,0.0024263098865888,-0.1238736008879727,-0.1997646986162933,-0.1881130987947137,-0.2142631971971345,-1.159648797029665,-1.1601288555070002,1.1022504914914737,0.8209120100410744,-0.3016168389841279,1.0175485208778754,-0.9757375123778044,-0.9752365572215276,-0.0830032322358739,-0.3553441740617712,-0.3314425492637443,-0.314432184940549,-1.015963373517306,-1.0162304272806977,1.203124154245096,0.6697089397432864,-0.4533295316850304,1.0530069397933683,-1.1169181674273414,-1.116948469117354,-0.2168143606184322,-0.5872166558822707,-0.5397346362962184,-0.5820765800699138,-0.979073766855825,-0.9785560465643004,-0.098888736679456,-0.106714613806669,-0.1311553038955873,-0.1836705632417872,-0.1206134067031157,-0.1197924596125166
71989158,42,1,0.9980247,0.93424666,0.991646896,HIGH,CRITICAL,BOTH_HIGH,STRONG_CORROBORATION,0.06377803999999998,2,0,0.0,0.0,0.0,"71491458,72294824","Both XGBoost and GraphSAGE assign high fraud risk, providing strong corroborating model evidence.",-0.1723657465740861,0.1521380763784342,1.5735945770991024,-0.1219695997591005,-0.0438745479173489,-0.1130020092847624,-0.0615837940730322,-0.1630056103217765,-0.1688291000109893,-0.0497069643940398,-0.1653099695966211,-0.0287412858566647,-0.0353905526008135,-0.0429552992580282,-0.0132816148700588,-0.0538440939785876,-0.1707690906055866,-0.1727606984392385,-0.1755338569979858,0.8870578724766534,0.8845565252702963,-0.1397315875732164,-0.1489121331264144,-0.0801472696533522,-0.1556617511062283,-0.010763009512837,-0.0121074517774784,-0.1397333873585925,-0.1489074321935373,-0.0801467358465918,-0.1556617211184509,-0.0106685610738475,-0.0120051821184178,-0.0246688306562535,-0.0312723904866303,-0.0230451563960962,-0.0262146551774309,0.0014278137097094,0.0014826437872997,-0.2272154464478222,-0.2393683687143703,-0.0752555315462277,-0.2349515175665409,0.0374680287743863,0.0434442213339417,-0.2272033238276858,-0.2432360925423977,-0.0978946778840727,-0.2358964234692872,0.0365766503766988,0.0423451348069101,-0.4140062443366196,-0.4883410697738911,-0.2325526205785921,-0.4675551514891356,0.0487668178548852,0.0529560645235839,-0.0391504959768933,-0.1728950206715546,-0.1631255880726651,-0.1609323921285166,-1.316342283664295,-1.3153883882753692,-0.0391457803928226,-0.172883980204786,-0.1631142508472786,-0.1609255062683879,-1.3163333780274464,-1.315375381290753,-0.0170316758803496,-0.0300262352777919,-0.0176401196299049,-0.0150709000018306,-0.1407632224600331,-0.140334623887323,-0.0954026892728408,-0.2643919917165529,-0.2505399774729402,-0.2637197010543963,-1.4717644946197317,-1.470277463738429,-0.0590130547854711,-0.2624052301988505,-0.2551489818490621,-0.2592320459236382,-1.4999715377938674,-1.498585280585486,-0.2938246182537279,-0.7246402994493899,-0.6491095437457405,-0.6876712222664023,-1.0849067857111534,-1.0848448955263614,-0.1706889743207156,-0.2027844079302051,-0.1168167152870516,-0.1929685713192173,-0.0146587756915064,-0.0188487129543817,1.1892518395600504,1.197806128467826,-0.0834587840195169,1.1985713779875906,-0.0887977253698474,-0.0904370818830761,-0.1631601004247133,-0.2139595176793599,-0.1345464749557279,-0.1915783846218006,-0.0031749902209437,-0.0040940903633603,0.4938113490280171,0.2737410450431671,-0.3499327749819623,0.3967192425492039,-0.004357614038573,-0.0041943702405639,0.0925738245523003,-0.0544512798771706,-0.1373232770907919,0.0411538570434934,-0.0260596888205881,-0.0276597140284855,-0.0931447270142624,-0.1437067244867594,-0.0977185991261648,-0.1274622504830055,0.0031432964315106,0.0024263098865888,-0.1242542781020013,-0.2002508662815174,-0.1886435572223522,-0.214900533742212,1.0642045463479908,1.0637874876466933,1.102310406145296,0.8793338379328488,-0.1493473334621638,1.05007581275258,-0.9757375123778044,-0.9752365572215276,-0.1366965816606067,-0.4258458148711145,-0.3973011305077546,-0.399015566879376,1.3019661836934409,1.3012808488633716,1.203124154245096,0.6697089397432864,-0.4533295316850304,1.0530069397933683,1.4881129012284324,1.487932476808418,-0.2168143606184322,-0.6179073258324005,-0.5770993762832375,-0.6136137641521922,0.241128277049832,0.2414064458179459,-0.098888736679456,-0.0874901561101501,-0.0846742330262522,-0.1405970785066562,-1.7609264293068194,-1.760984402318598
73219430,42,1,0.9992888,0.92174137,0.991534057,HIGH,CRITICAL,BOTH_HIGH,STRONG_CORROBORATION,0.07754742999999997,1,0,0.0,0.0,0.0,73219484,"Both XGBoost and GraphSAGE assign high fraud risk, providing strong corroborating model evidence.",-0.1727258114675577,0.1173693070283002,1.5735945770991024,-0.1219695997591005,-0.0637245732388369,-0.1130020092847624,-0.0615837940730322,-0.163374876644672,-0.1691931910796898,-0.0497069643940398,-0.1656788238282368,-0.0287412858566647,-0.0353905526008135,-0.0631999532943942,-0.0132816148700588,-0.0536881502147429,-0.1708862883163851,-0.1729081406182527,-0.175656042810153,-0.2432996524586214,-0.2434516511662217,-0.1397317442700328,-0.1489122331132608,-0.0801472696533522,-0.1556618838821819,-0.010763009512837,-0.0121074517774784,-0.139733544079192,-0.1489075321870432,-0.0801467358465918,-0.1556618539085996,-0.0106685610738475,-0.0120051821184178,-0.0246688306562535,-0.0312723904866303,-0.0230451563960962,-0.0262146551774309,0.0014278137097094,0.0014826437872997,-0.2272154464478222,-0.2393683687143703,-0.0752555315462277,-0.2349515175665409,0.0374680287743863,0.0434442213339417,-0.2272033238276858,-0.2432360925423977,-0.0978946778840727,-0.2358964234692872,0.0365766503766988,0.0423451348069101,-0.4139720633436274,-0.4883126415727742,-0.2325526205785921,-0.4675223534191843,0.0487668178548852,0.0529560645235839,-0.0388882645969518,-0.1728568205336849,-0.1631259900993975,-0.1608558517450407,-0.1964346530529631,-0.1961888389129267,-0.0388834977605461,-0.1728457774755459,-0.1631146528780142,-0.1608489638355023,-0.1964085394766894,-0.1961326277610877,-0.0170214698839737,-0.0300257773203724,-0.0176401196299049,-0.0150699439679921,-0.1407632224600331,-0.140334623887323,-0.0703821250601892,-0.2616937993544864,-0.250573517311816,-0.2582424548343038,-0.1691189058033812,-0.1671653815026433,-0.040317845402932,-0.2609966012789419,-0.2551681497514608,-0.256344028763627,-0.1871909645279049,-0.1852736257916989,3.4981379195068785,0.6297726325410351,-0.6942351992761703,1.7615959829429586,0.0253079828897598,0.0252169034660526,-0.1704531020167613,-0.2025992332374484,-0.1168167152870516,-0.1927377645423121,-0.0146587756915064,-0.0188487129543817,1.1895080630525252,1.1980666744090347,-0.0834587840195169,1.1988312154627951,-0.0887977253698474,-0.0904370818830761,-0.0947740820467593,-0.161974517316413,-0.1345464749557279,-0.1262511552136603,-0.0031749902209437,-0.0040940903633603,0.4938113490280171,0.2737410450431671,-0.3499327749819623,0.3967192425492039,-0.004357614038573,-0.0041943702405639,-0.1164246038907396,-0.1766172824237854,-0.1373232770907919,-0.1524643713004826,-0.0260596888205881,-0.0276597140284855,-0.0931447270142624,-0.1437067244867594,-0.0977185991261648,-0.1274622504830055,0.0031432964315106,0.0024263098865888,-0.1193559707653142,-0.1994281311659711,-0.1887158089232799,-0.2129439442978365,-0.047722125340837,-0.0481706839301534,1.116570093755059,0.833449787352384,-0.301754266335682,1.0315264652240324,0.1831327449045568,0.1827480852580912,0.0693637568349417,-0.3843649593527876,-0.4246718150208637,-0.2967639628362333,0.1430014050880673,0.1425252107913369,1.7461309114715131,0.6697089397432864,-1.0598683976058427,1.3565629720972598,0.1855973669005454,0.1854920038455318,-0.098458108535259,-0.5872166558822707,-0.5770993762832375,-0.5505393959876355,0.241128277049832,0.2414064458179459,0.0182794000374458,-0.0874901561101501,-0.1311553038955873,-0.0975235937715251,-0.1206134067031157,-0.1197924596125166
72631015,42,1,0.9998254,0.91518027,0.991360887,HIGH,CRITICAL,BOTH_HIGH,STRONG_CORROBORATION,0.08464512999999996,1,1,0.987953357,0.987953357,1.0,72295265,"Both XGBoost and GraphSAGE assign high fraud risk, providing strong corroborating model evidence.",-0.1728397246360048,0.0444977767465125,1.018601901343969,-0.1219695997591005,-0.0637245732388369,-0.1130020092847624,-0.0615837940730322,-0.163493243423501,-0.1693098989523832,-0.0497069643940398,-0.1657970585129257,-0.0287412858566647,-0.0353905526008135,-0.0631999532943942,-0.0132816148700588,-0.0553348427967146,-0.1710034024379297,-0.1729081406182527,-0.1759257649310802,-0.2432996524586214,-0.2434516511662217,-0.1397272998060684,-0.1489093971402932,-0.0801472696533522,-0.1556581178966639,-0.010763009512837,-0.0121074517774784,-0.1397290989406554,-0.1489046960251866,-0.0801467358465918,-0.1556580875204613,-0.0106685610738475,-0.0120051821184178,-0.0246688306562535,-0.0312723904866303,-0.0230451563960962,-0.0262146551774309,0.0014278137097094,0.0014826437872997,-0.2270829912308288,-0.2392436540820419,-0.0752555315462277,-0.2348218702213984,0.0374680287743863,0.0434442213339417,-0.2270654651111616,-0.2431012525130412,-0.0978946778840727,-0.2357593905731873,0.0365766503766988,0.0423451348069101,-0.4139826676878388,-0.4883214611652894,-0.2325526205785921,-0.4675325287240186,0.0487668178548852,0.0529560645235839,-0.0391312267543373,-0.1728925634677106,-0.1631259900993975,-0.1609271165342304,-0.1964346530529631,-0.1961888389129267,-0.0391265071988299,-0.1728815228078151,-0.1631146528780142,-0.1609202304763634,-0.1964085394766894,-0.1961326277610877,-0.0170316758803496,-0.0300262352777919,-0.0176401196299049,-0.0150709000018306,-0.1407632224600331,-0.140334623887323,-0.0937595477424578,-0.2642452622225432,-0.250573517311816,-0.2633907373174538,-0.1691189058033812,-0.1671653815026433,-0.0590130547854711,-0.2624238875355379,-0.2551681497514608,-0.259251046036533,-0.1871909645279049,-0.1852736257916989,-0.2929651850515106,-0.7616388447244905,-0.6942351992761703,-0.7203886940918538,0.0253079828897598,0.0252169034660526,-0.1710016095310811,-0.2030298463647047,-0.1168167152870516,-0.1932744924640142,-0.0146587756915064,-0.0188487129543817,1.189411979242847,1.1979689696810816,-0.0834587840195169,1.1987337764095936,-0.0887977253698474,-0.0904370818830761,-0.0689712248606293,-0.1423599590777299,-0.1345464749557279,-0.1016024154454272,-0.0031749902209437,-0.0040940903633603,1.023860363345962,0.7874346980684294,-0.3499327749819623,0.9391059237493712,-0.004357614038573,-0.0041943702405639,-0.1164246038907396,-0.1766172824237854,-0.1373232770907919,-0.1524643713004826,-0.0260596888205881,-0.0276597140284855,-0.0955592697148178,-0.145125943418047,-0.0977185991261648,-0.1294956950866637,0.0031432964315106,0.0024263098865888,0.5246644772511616,-0.0837743167321888,-0.1887158089232799,0.0529042379164654,-0.047722125340837,-0.0481706839301534,1.1032690406064565,0.8217548858267086,-0.301754266335682,1.0185155484741504,0.1831327449045568,0.1827480852580912,1.6763396238550032,0.1136911675883609,-0.4246718150208637,0.6700895966388815,0.1430014050880673,0.1425252107913369,2.289137668697931,1.1924206753212654,-1.0598683976058427,1.9636750367050433,0.1855973669005454,0.1854920038455318,0.5643369031305111,-0.4153489041615438,-0.5770993762832375,-0.197322934266118,0.241128277049832,0.2414064458179459,-0.098888736679456,-0.106714613806669,-0.1311553038955873,-0.1836705632417872,-0.1206134067031157,-0.1197924596125166
73220428,42,1,0.9996866,0.91639924,0.991357864,HIGH,CRITICAL,BOTH_HIGH,STRONG_CORROBORATION,0.08328736000000003,1,0,0.0,0.0,0.0,37482805,"Both XGBoost and GraphSAGE assign high fraud risk, providing strong corroborating model evidence.",-0.17254959311483,0.0845056757247489,1.5735945770991024,-0.1219695997591005,-0.0637245732388369,-0.1130020092847624,-0.0615837940730322,-0.1631953986319551,-0.1690162284448469,-0.0497069643940398,-0.1654995461081525,-0.0287412858566647,-0.0353905526008135,-0.0631999532943942,-0.0132816148700588,-0.0511407936781816,-0.170705118238675,-0.1729081406182527,-0.175238795283006,-0.2432996524586214,-0.2434516511662217,-0.1397316681091931,-0.1489121845157056,-0.0801472696533522,-0.155661819347826,-0.010763009512837,-0.0121074517774784,-0.1397334679067928,-0.1489074835862513,-0.0801467358465918,-0.1556617893673444,-0.0106685610738475,-0.0120051821184178,-0.0246688306562535,-0.0312723904866303,-0.0230451563960962,-0.0262146551774309,0.0014278137097094,0.0014826437872997,-0.2272154464478222,-0.2393683687143703,-0.0752555315462277,-0.2349515175665409,0.0374680287743863,0.0434442213339417,-0.2272033238276858,-0.2432360925423977,-0.0978946778840727,-0.2358964234692872,0.0365766503766988,0.0423451348069101,-0.4139720633436274,-0.4883126415727742,-0.2325526205785921,-0.4675223534191843,0.0487668178548852,0.0529560645235839,-0.0391497386022298,-0.1728952868044024,-0.1631259900993975,-0.1609325463631049,-0.1964346530529631,-0.1961888389129267,-0.0391450228620622,-0.1728842463585508,-0.1631146528780142,-0.1609256605087572,-0.1964085394766894,-0.1961326277610877,-0.0170316758803496,-0.0300262352777919,-0.0176401196299049,-0.0150709000018306,-0.1407632224600331,-0.140334623887323,-0.0953280010214598,-0.2644164466322212,-0.250573517311816,-0.2637361492412434,-0.1691189058033812,-0.1671653815026433,-0.0588908638744741,-0.2624145588671942,-0.2551681497514608,-0.2592320459236382,-0.1871909645279049,-0.1852736257916989,0.1011726937949232,-0.6169822756133481,-0.6942351992761703,-0.4623518776413541,0.0253079828897598,0.0252169034660526,-0.1417135212182177,-0.1800368426765025,-0.1168167152870516,-0.1646153868722065,-0.0146587756915064,-0.0188487129543817,1.1895080630525252,1.1980666744090347,-0.0834587840195169,1.1988312154627951,-0.0887977253698474,-0.0904370818830761,0.0845377703018057,-0.025667024490864,-0.1345464749557279,0.0450403864174514,-0.0031749902209437,-0.0040940903633603,1.5539093776639068,1.3011283510936915,-0.3499327749819623,1.4814926049495385,-0.004357614038573,-0.0041943702405639,-0.1164246038907396,-0.1766172824237854,-0.1373232770907919,-0.1524643713004826,-0.0260596888205881,-0.0276597140284855,-0.0617556719070424,-0.1252568783800208,-0.0977185991261648,-0.1010274706354492,0.0031432964315106,0.0024263098865888,-0.1226421893231712,-0.2000182734703805,-0.1887158089232799,-0.2143004776698061,-0.047722125340837,-0.0481706839301534,1.42716765917107,1.1065415418978832,-0.301754266335682,1.335348953653706,0.1831327449045568,0.1827480852580912,-0.0940019718585412,-0.4349975194166027,-0.4246718150208637,-0.3950546338569749,0.1430014050880673,0.1425252107913369,1.203124154245096,0.1469972041653072,-1.0598683976058427,0.7494509074894767,0.1855973669005454,0.1854920038455318,-0.1458006093685283,-0.5994929238623226,-0.5770993762832375,-0.5757691432534582,0.241128277049832,0.2414064458179459,0.0182794000374458,-0.0874901561101501,-0.1311553038955873,-0.0975235937715251,-0.1206134067031157,-0.1197924596125166
71451628,42,1,0.9985122,0.926385,0.99129948,HIGH,CRITICAL,BOTH_HIGH,STRONG_CORROBORATION,0.07212719999999995,1,0,0.0,0.0,0.0,72321311,"Both XGBoost and GraphSAGE assign high fraud risk, providing strong corroborating model evidence.",-0.1729668955633076,0.0297329568854967,1.018601901343969,-0.1219695997591005,-0.0637245732388369,-0.1130020092847624,-0.0615837940730322,-0.1636237261458047,-0.1694385529640406,-0.0497069643940398,-0.1659273956200224,-0.0287412858566647,-0.0353905526008135,-0.0631999532943942,-0.0132816148700588,-0.057173185329776,-0.1711341468605468,-0.1729081406182527,-0.1762268786012555,-0.2432996524586214,-0.2434516511662217,-0.1397317206969384,-0.1489122180714786,-0.0801472696533522,-0.1556618639076849,-0.010763009512837,-0.0121074517774784,-0.1397335205025197,-0.1489075171442592,-0.0801467358465918,-0.1556618339319671,-0.0106685610738475,-0.0120051821184178,-0.0246688306562535,-0.0312723904866303,-0.0230451563960962,-0.0262146551774309,0.0014278137097094,0.0014826437872997,-0.2272059853608941,-0.2393594605263469,-0.0752555315462277,-0.2349422570418879,0.0374680287743863,0.0434442213339417,-0.2271934767765055,-0.2432264611117294,-0.0978946778840727,-0.23588663540528,0.0365766503766988,0.0423451348069101,-0.4138794383435411,-0.4882356057145267,-0.2325526205785921,-0.4674334759183827,0.0487668178548852,0.0529560645235839,-0.0391486884967311,-0.1728951323200499,-0.1631259900993975,-0.1609322383499238,-0.1964346530529631,-0.1961888389129267,-0.0391439725401341,-0.1728840918620565,-0.1631146528780142,-0.1609253524840312,-0.1964085394766894,-0.1961326277610877,-0.0170316758803496,-0.0300262352777919,-0.0176401196299049,-0.0150709000018306,-0.1407632224600331,-0.140334623887323,-0.0950292480159356,-0.2643838400779968,-0.250573517311816,-0.2636703564938549,-0.1691189058033812,-0.1671653815026433,-0.0590130547854711,-0.2624238875355379,-0.2551681497514608,-0.259251046036533,-0.1871909645279049,-0.1852736257916989,-0.2937773825247494,-0.7619369376159003,-0.6942351992761703,-0.7209204289531086,0.0253079828897598,0.0252169034660526,-0.171038149981046,-0.2030585329314699,-0.1168167152870516,-0.1933102481815854,-0.0146587756915064,-0.0188487129543817,1.1891557557503725,1.1977084237398727,-0.0834587840195169,1.198473938934389,-0.0887977253698474,-0.0904370818830761,0.066971688383009,-0.0390202331815251,-0.1345464749557279,0.0282600051270945,-0.0031749902209437,-0.0040940903633603,1.023860363345962,0.7874346980684294,-0.3499327749819623,0.9391059237493712,-0.004357614038573,-0.0041943702405639,-0.0119253896692196,-0.115534281150478,-0.1373232770907919,-0.0556552571284946,-0.0260596888205881,-0.0276597140284855,-0.0931447270142624,-0.1437067244867594,-0.0977185991261648,-0.1274622504830055,0.0031432964315106,0.0024263098865888,-0.1212301529633289,-0.1997646986162933,-0.1887158089232799,-0.2137175966438376,-0.047722125340837,-0.0481706839301534,1.102310406145296,0.8209120100410744,-0.301754266335682,1.0175778247444291,0.1831327449045568,0.1827480852580912,0.1629991908392394,-0.3553441740617712,-0.4246718150208637,-0.24042724084928,0.1430014050880673,0.1425252107913369,1.7461309114715131,0.6697089397432864,-1.0598683976058427,1.3565629720972598,0.1855973669005454,0.1854920038455318,-0.098458108535259,-0.5872166558822707,-0.5770993762832375,-0.5505393959876355,0.241128277049832,0.2414064458179459,-0.098888736679456,-0.106714613806669,-0.1311553038955873,-0.1836705632417872,-0.1206134067031157,-0.1197924596125166
72601922,42,1,0.99979347,0.9128229,0.991096413,HIGH,CRITICAL,BOTH_HIGH,STRONG_CORROBORATION,0.08697056999999997,1,0,0.0,0.0,0.0,72294762,"Both XGBoost and GraphSAGE assign high fraud risk, providing strong corroborating model evidence.",-0.1718374119405466,0.1197507295865286,1.5735945770991024,-0.1219695997591005,-0.0637245732388369,-0.1130020092847624,-0.0615837940730322,-0.1624658535587004,-0.1682969079194775,-0.0497069643940398,-0.1647708151875686,-0.0287412858566647,-0.0353905526008135,-0.0631999532943942,-0.0132816148700588,-0.0408457288257139,-0.1699729248167562,-0.1729081406182527,-0.1735525019472059,-0.2432996524586214,-0.2434516511662217,-0.1397272998060684,-0.1489093971402932,-0.0801472696533522,-0.1556581178966639,-0.010763009512837,-0.0121074517774784,-0.1397290989406554,-0.1489046960251866,-0.0801467358465918,-0.1556580875204613,-0.0106685610738475,-0.0120051821184178,-0.0246688306562535,-0.0312723904866303,-0.0230451563960962,-0.0262146551774309,0.0014278137097094,0.0014826437872997,-0.2270829912308288,-0.2392436540820419,-0.0752555315462277,-0.2348218702213984,0.0374680287743863,0.0434442213339417,-0.2270654651111616,-0.2431012525130412,-0.0978946778840727,-0.2357593905731873,0.0365766503766988,0.0423451348069101,-0.4139826676878388,-0.4883214611652894,-0.2325526205785921,-0.4675325287240186,0.0487668178548852,0.0529560645235839,-0.0391283284860405,-0.1728921370942637,-0.1631259900993975,-0.1609262664245615,-0.1964346530529631,-0.1961888389129267,-0.0391236083331926,-0.1728810964008568,-0.1631146528780142,-0.1609193803348308,-0.1964085394766894,-0.1961326277610877,-0.0170316758803496,-0.0300262352777919,-0.0176401196299049,-0.0150709000018306,-0.1407632224600331,-0.140334623887323,-0.0938342359938388,-0.2642534138610993,-0.250573517311816,-0.2634071855043009,-0.1691189058033812,-0.1671653815026433,-0.0590130547854711,-0.2624238875355379,-0.2551681497514608,-0.259251046036533,-0.1871909645279049,-0.1852736257916989,-0.2885953981237635,-0.7600350445859078,-0.6942351992761703,-0.7175278528281238,0.0253079828897598,0.0252169034660526,-0.1703473790419821,-0.2025162340084425,-0.1168167152870516,-0.1926343120443098,-0.0146587756915064,-0.0188487129543817,1.189411979242847,1.1979689696810816,-0.0834587840195169,1.1987337764095936,-0.0887977253698474,-0.0904370818830761,-0.0533267978382324,-0.1304675348113746,-0.1345464749557279,-0.0866577367334333,-0.0031749902209437,-0.0040940903633603,1.5539093776639068,1.3011283510936915,-0.3499327749819623,1.4814926049495385,-0.004357614038573,-0.0041943702405639,-0.1164246038907396,-0.1766172824237854,-0.1373232770907919,-0.1524643713004826,-0.0260596888205881,-0.0276597140284855,-0.0955592697148178,-0.145125943418047,-0.0977185991261648,-0.1294956950866637,0.0031432964315106,0.0024263098865888,-0.0668827593619859,-0.1900049411522436,-0.1887158089232799,-0.1912832844391533,-0.047722125340837,-0.0481706839301534,1.107493023700945,0.8254688072571595,-0.301754266335682,1.0226473936582343,0.1831327449045568,0.1827480852580912,0.7449109096229471,-0.1749900674275973,-0.4246718150208637,0.1096859302026446,0.1430014050880673,0.1425252107913369,0.6601173970186788,-0.3757145314126718,-1.0598683976058427,0.1423388428816934,0.1855973669005454,0.1854920038455318,0.706364405630319,-0.3785201002213881,-0.5770993762832375,-0.12163369246865,0.241128277049832,0.2414064458179459,-0.098888736679456,-0.106714613806669,-0.1311553038955873,-0.1836705632417872,-0.1206134067031157,-0.1197924596125166
71989992,42,1,0.9985902,0.9231215,0.99104333,HIGH,CRITICAL,BOTH_HIGH,STRONG_CORROBORATION,0.07546869999999994,2,1,0.979657394,0.979657394,1.0,"71460296,73209661","Both XGBoost and GraphSAGE assign high fraud risk, providing strong corroborating model evidence.",-0.1728604600842153,0.0430689232115755,0.463609225588836,-0.1219695997591005,-0.0637245732388369,-0.1130020092847624,-0.0615837940730322,-0.1635144944682582,-0.1693308521645147,-0.0497069643940398,-0.1658182858420888,-0.0287412858566647,-0.0353905526008135,-0.0631999532943942,-0.0132816148700588,-0.055634587850054,-0.1710247205509725,-0.1729081406182527,-0.1759748620560744,-0.2432996524586214,-0.2434516511662217,-0.1397318035163467,-0.1489122709178072,-0.0801472696533522,-0.1556619340841324,-0.010763009512837,-0.0121074517774784,-0.1397336033344982,-0.1489075699941076,-0.0801467358465918,-0.1556619041159172,-0.0106685610738475,-0.0120051821184178,-0.0246688306562535,-0.0312723904866303,-0.0230451563960962,-0.0262146551774309,0.0014278137097094,0.0014826437872997,-0.2272154464478222,-0.2393683687143703,-0.0752555315462277,-0.2349515175665409,0.0374680287743863,0.0434442213339417,-0.2272033238276858,-0.2432360925423977,-0.0978946778840727,-0.2358964234692872,0.0365766503766988,0.0423451348069101,-0.4140062443366196,-0.4883410697738911,-0.2325526205785921,-0.4675551514891356,0.0487668178548852,0.0529560645235839,-0.0391500894974029,-0.1728953384257049,-0.1631259900993975,-0.1609326492864194,-0.1964346530529631,-0.1961888389129267,-0.0391453738295557,-0.1728842979839105,-0.1631146528780142,-0.1609257634359294,-0.1964085394766894,-0.1961326277610877,-0.0170316758803496,-0.0300262352777919,-0.0176401196299049,-0.0150709000018306,-0.1407632224600331,-0.140334623887323,-0.0952533127700787,-0.2644082949936651,-0.250573517311816,-0.2637197010543963,-0.1691189058033812,-0.1671653815026433,-0.0590130547854711,-0.2624238875355379,-0.2551681497514608,-0.259251046036533,-0.1871909645279049,-0.1852736257916989,-0.293698849108679,-0.7619081142646341,-0.6942351992761703,-0.7208690141722529,0.0253079828897598,0.0252169034660526,-0.1708654711674338,-0.2029229691297001,-0.1168167152870516,-0.1931412777694535,-0.0146587756915064,-0.0188487129543817,1.1892518395600504,1.197806128467826,-0.0834587840195169,1.1985713779875906,-0.0887977253698474,-0.0904370818830761,-0.0854336611390992,-0.1548742094495155,-0.1345464749557279,-0.1173285152665449,-0.0031749902209437,-0.0040940903633603,1.023860363345962,0.7874346980684294,-0.3499327749819623,0.9391059237493712,-0.004357614038573,-0.0041943702405639,-0.1164246038907396,-0.1766172824237854,-0.1373232770907919,-0.1524643713004826,-0.0260596888205881,-0.0276597140284855,-0.0931447270142624,-0.1437067244867594,-0.0977185991261648,-0.1274622504830055,0.0031432964315106,0.0024263098865888,-0.1233059506442328,-0.2001374723698733,-0.1887158089232799,-0.2145744747783946,-0.047722125340837,-0.0481706839301534,1.1023703207991185,0.8209646897776766,-0.301754266335682,1.0176364324775369,0.1831327449045568,0.1827480852580912,-0.1539719050645631,-0.4535842283264869,-0.4246718150208637,-0.4311361610109874,0.1430014050880673,0.1425252107913369,0.1171106397922615,-0.898426266990651,-1.0598683976058427,-0.4647732217260898,0.1855973669005454,0.1854920038455318,-0.1694718597851629,-0.6056310578523486,-0.5770993762832375,-0.5883840168863694,0.241128277049832,0.2414064458179459,-0.098888736679456,-0.106714613806669,-0.1311553038955873,-0.1836705632417872,-0.1206134067031157,-0.1197924596125166
72631632,42,1,0.99993384,0.910758,0.991016256,HIGH,CRITICAL,BOTH_HIGH,STRONG_CORROBORATION,0.08917584,1,0,0.0,0.0,0.0,72361540,"Both XGBoost and GraphSAGE assign high fraud risk, providing strong corroborating model evidence.",-0.1726757890176957,0.0340195174903078,1.018601901343969,-0.1219695997591005,-0.0637245732388369,-0.1130020092847624,-0.0615837940730322,-0.1633257743539696,-0.1691447769558203,-0.0497069643940398,-0.1656297763343695,-0.0287412858566647,-0.0353905526008135,-0.0631999532943942,-0.0132816148700588,-0.052965041567667,-0.1708348602387276,-0.1729081406182527,-0.1755376003029811,-0.2432996524586214,-0.2434516511662217,-0.139731723433655,-0.1489122198177532,-0.0801472696533522,-0.1556618662266226,-0.010763009512837,-0.0121074517774784,-0.1397335232396517,-0.1489075188906501,-0.0801467358465918,-0.1556618362511527,-0.0106685610738475,-0.0120051821184178,-0.0246688306562535,-0.0312723904866303,-0.0230451563960962,-0.0262146551774309,0.0014278137097094,0.0014826437872997,-0.2272154464478222,-0.2393683687143703,-0.0752555315462277,-0.2349515175665409,0.0374680287743863,0.0434442213339417,-0.2272033238276858,-0.2432360925423977,-0.0978946778840727,-0.2358964234692872,0.0365766503766988,0.0423451348069101,-0.4139826676878388,-0.4883214611652894,-0.2325526205785921,-0.4675325287240186,0.0487668178548852,0.0529560645235839,-0.0391312267543373,-0.1728925634677106,-0.1631259900993975,-0.1609271165342304,-0.1964346530529631,-0.1961888389129267,-0.0391265071988299,-0.1728815228078151,-0.1631146528780142,-0.1609202304763634,-0.1964085394766894,-0.1961326277610877,-0.0170316758803496,-0.0300262352777919,-0.0176401196299049,-0.0150709000018306,-0.1407632224600331,-0.140334623887323,-0.0937595477424578,-0.2642452622225432,-0.250573517311816,-0.2633907373174538,-0.1691189058033812,-0.1671653815026433,-0.0590130547854711,-0.2624238875355379,-0.2551681497514608,-0.259251046036533,-0.1871909645279049,-0.1852736257916989,-0.2929651850515106,-0.7616388447244905,-0.6942351992761703,-0.7203886940918538,0.0253079828897598,0.0252169034660526,-0.170640796073846,-0.2027465849560276,-0.1168167152870516,-0.1929214277347841,-0.0146587756915064,-0.0188487129543817,1.189411979242847,1.1979689696810816,-0.0834587840195169,1.1987337764095936,-0.0887977253698474,-0.0904370818830761,-0.1076410564456147,-0.171755605390553,-0.1345464749557279,-0.1385426119804089,-0.0031749902209437,-0.0040940903633603,1.023860363345962,0.7874346980684294,-0.3499327749819623,0.9391059237493712,-0.004357614038573,-0.0041943702405639,-0.1164246038907396,-0.1766172824237854,-0.1373232770907919,-0.1524643713004826,-0.0260596888205881,-0.0276597140284855,-0.0931447270142624,-0.1437067244867594,-0.0977185991261648,-0.1274622504830055,0.0031432964315106,0.0024263098865888,0.5246644772511616,-0.0837743167321888,-0.1887158089232799,0.0529042379164654,-0.047722125340837,-0.0481706839301534,1.1032690406064565,0.8217548858267086,-0.301754266335682,1.0185155484741504,0.1831327449045568,0.1827480852580912,1.6763396238550032,0.1136911675883609,-0.4246718150208637,0.6700895966388815,0.1430014050880673,0.1425252107913369,2.289137668697931,1.1924206753212654,-1.0598683976058427,1.9636750367050433,0.1855973669005454,0.1854920038455318,0.5643369031305111,-0.4153489041615438,-0.5770993762832375,-0.197322934266118,0.241128277049832,0.2414064458179459,-0.098888736679456,-0.106714613806669,-0.1311553038955873,-0.1836705632417872,-0.1206134067031157,-0.1197924596125166
73003591,42,1,0.9939758,0.9640938,0.9909876,HIGH,CRITICAL,BOTH_HIGH,STRONG_CORROBORATION,0.029881999999999964,3,0,0.0,0.0,0.0,"72710703,73282397,74075415","Both XGBoost and GraphSAGE assign high fraud risk, providing strong corroborating model evidence.",-0.1728631519035244,0.0830768221898119,1.5735945770991024,-0.1219695997591005,-0.0438745479173489,-0.1130020092847624,-0.0615837940730322,-0.1635162511316298,-0.1693325842083125,-0.0497069643940398,-0.1658200405450713,-0.0287412858566647,-0.0353905526008135,-0.0429552992580282,-0.0132816148700588,-0.0565835071301692,-0.1710856436934435,-0.1729005957188606,-0.1761227319377559,0.8870578724766534,0.8845565252702963,-0.1397318042617804,-0.1489122713934619,-0.0801472696533522,-0.1556619347157704,-0.010763009512837,-0.0121074517774784,-0.139733604080045,-0.1489075704697939,-0.0801467358465918,-0.1556619047476228,-0.0106685610738475,-0.0120051821184178,-0.0246688306562535,-0.0312723904866303,-0.0230451563960962,-0.0262146551774309,0.0014278137097094,0.0014826437872997,-0.2272154464478222,-0.2393683687143703,-0.0752555315462277,-0.2349515175665409,0.0374680287743863,0.0434442213339417,-0.2272033238276858,-0.2432360925423977,-0.0978946778840727,-0.2358964234692872,0.0365766503766988,0.0423451348069101,-0.4140131079898309,-0.488346778248011,-0.2325526205785921,-0.4675617374469571,0.0487668178548852,0.0529560645235839,-0.0391510299481941,-0.1728939267371846,-0.1631243395798562,-0.1609313798885476,-1.316342283664295,-1.3153883882753692,-0.0391463144741763,-0.1728828861844369,-0.1631130023420378,-0.1609244939904784,-1.3163333780274464,-1.315375381290753,-0.0170316758803496,-0.0300262352777919,-0.0176401196299049,-0.0150709000018306,-0.1407632224600331,-0.140334623887323,-0.0954026892728408,-0.2642289589454311,-0.250372278278561,-0.263555219185925,-1.4717644946197317,-1.470277463738429,-0.0590130547854711,-0.2624238875355379,-0.2551681497514608,-0.259251046036533,-0.1871909645279049,-0.1852736257916989,-0.2937922923058691,-0.7619015806571866,-0.6941858225435374,-0.7208937748911838,-1.0849067857111534,-1.0848448955263614,-0.1659778997944773,-0.1990859161474684,-0.1168167152870516,-0.1883586705002882,-0.0146587756915064,-0.0188487129543817,1.1894440071794063,1.1980015379237323,-0.0834587840195169,1.198766256093994,-0.0887977253698474,-0.0904370818830761,0.0169241927295185,-0.0770648385178407,-0.1345464749557279,-0.0195489521335677,-0.0031749902209437,-0.0040940903633603,1.023860363345962,0.7874346980684294,-0.3499327749819623,0.9391059237493712,-0.004357614038573,-0.0041943702405639,-0.1164246038907396,-0.1766172824237854,-0.1373232770907919,-0.1524643713004826,-0.0260596888205881,-0.0276597140284855,-0.0738283854098193,-0.1323529730364587,-0.0977185991261648,-0.1111946936537401,0.0031432964315106,0.0024263098865888,-0.1247503533697766,-0.1975603791362314,-0.1851145261463573,-0.2119106719066679,-1.159648797029665,-1.1601288555070002,1.1024002781260298,0.8210173695142786,-0.301685552659905,1.0176803882773675,-0.9757375123778044,-0.9752365572215276,-0.0496506827105504,-0.0365960251579707,0.0456725315464323,0.0049868622892906,-1.015963373517306,-1.0162304272806977,1.7461309114715131,1.1924206753212654,-0.4533295316850304,1.6601190044011516,-1.1169181674273414,-1.116948469117354,-0.2168143606184322,-0.4705921100717775,-0.3977486243455462,-0.4622352805572561,-0.979073766855825,-0.9785560465643004,-0.098888736679456,-0.106714613806669,-0.1311553038955873,-0.1836705632417872,-0.1206134067031157,-0.1197924596125166
71450194,42,1,0.9997695,0.909836,0.99077615,HIGH,CRITICAL,BOTH_HIGH,STRONG_CORROBORATION,0.0899335,2,0,0.0,0.0,0.0,"72321311,70853965","Both XGBoost and GraphSAGE assign high fraud risk, providing strong corroborating model evidence.",-0.1729220744632408,0.1247517169588081,1.5735945770991024,-0.1219695997591005,-0.0637245732388369,-0.1130020092847624,-0.0615837940730322,-0.1635754985727855,-0.1693910012987176,-0.0497069643940398,-0.165879221867677,-0.0287412858566647,-0.0353905526008135,-0.0631999532943942,-0.0132816148700588,-0.0565252657432876,-0.1710880662902971,-0.1729081406182527,-0.176120751782582,-0.2432996524586214,-0.2434516511662217,-0.1397318294032158,-0.1489122874359884,-0.0801472696533522,-0.1556619560191903,-0.010763009512837,-0.0121074517774784,-0.1397336292252964,-0.148907586513389,-0.0801467358465918,-0.1556619260533201,-0.0106685610738475,-0.0120051821184178,-0.0246688306562535,-0.0312723904866303,-0.0230451563960962,-0.0262146551774309,0.0014278137097094,0.0014826437872997,-0.2272154464478222,-0.2393683687143703,-0.0752555315462277,-0.2349515175665409,0.0374680287743863,0.0434442213339417,-0.2272033238276858,-0.2432360925423977,-0.0978946778840727,-0.2358964234692872,0.0365766503766988,0.0423451348069101,-0.4140197314151798,-0.4883522869255366,-0.2325526205785921,-0.4675680928962549,0.0487668178548852,0.0529560645235839,-0.0391486884967311,-0.1728951323200499,-0.1631259900993975,-0.1609322383499238,-0.1964346530529631,-0.1961888389129267,-0.0391439725401341,-0.1728840918620565,-0.1631146528780142,-0.1609253524840312,-0.1964085394766894,-0.1961326277610877,-0.0170316758803496,-0.0300262352777919,-0.0176401196299049,-0.0150709000018306,-0.1407632224600331,-0.140334623887323,-0.0950292480159356,-0.2643838400779968,-0.250573517311816,-0.2636703564938549,-0.1691189058033812,-0.1671653815026433,-0.0590130547854711,-0.2624238875355379,-0.2551681497514608,-0.259251046036533,-0.1871909645279049,-0.1852736257916989,-0.2937773825247494,-0.7619369376159003,-0.6942351992761703,-0.7209204289531086,0.0253079828897598,0.0252169034660526,-0.1705905214964189,-0.2027071162296343,-0.1168167152870516,-0.192872232839997,-0.0146587756915064,-0.0188487129543817,1.1891877836869318,1.197740991982524,-0.0834587840195169,1.1985064186187897,-0.0887977253698474,-0.0904370818830761,-0.1591445196608656,-0.2109069936047405,-0.1345464749557279,-0.1877424138782347,-0.0031749902209437,-0.0040940903633603,1.023860363345962,0.7874346980684294,-0.3499327749819623,0.9391059237493712,-0.004357614038573,-0.0041943702405639,-0.0119253896692196,-0.115534281150478,-0.1373232770907919,-0.0556552571284946,-0.0260596888205881,-0.0276597140284855,-0.0931447270142624,-0.1437067244867594,-0.0977185991261648,-0.1274622504830055,0.0031432964315106,0.0024263098865888,-0.1212301529633289,-0.1997646986162933,-0.1887158089232799,-0.2137175966438376,-0.047722125340837,-0.0481706839301534,1.102310406145296,0.8209120100410744,-0.301754266335682,1.0175778247444291,0.1831327449045568,0.1827480852580912,0.1629991908392394,-0.3553441740617712,-0.4246718150208637,-0.24042724084928,0.1430014050880673,0.1425252107913369,1.7461309114715131,0.6697089397432864,-1.0598683976058427,1.3565629720972598,0.1855973669005454,0.1854920038455318,-0.098458108535259,-0.5872166558822707,-0.5770993762832375,-0.5505393959876355,0.241128277049832,0.2414064458179459,-0.098888736679456,-0.106714613806669,-0.1311553038955873,-0.1836705632417872,-0.1206134067031157,-0.1197924596125166
73236121,42,1,0.99828535,0.91408145,0.98986496,HIGH,CRITICAL,BOTH_HIGH,STRONG_CORROBORATION,0.0842039,1,0,0.0,0.0,0.0,73236123,"Both XGBoost and GraphSAGE assign high fraud risk, providing strong corroborating model evidence.",-0.1729693508486769,0.004728020024099,1.018601901343969,-0.1219695997591005,-0.0637245732388369,-0.1130020092847624,-0.0615837940730322,-0.1636268616802122,-0.1694416445540465,-0.0497069643940398,-0.1659305276552578,-0.0287412858566647,-0.0353905526008135,-0.0631999532943942,-0.0132816148700588,-0.0572086781552281,-0.1711366711392856,-0.1729081406182527,-0.1762326921940677,-0.2432996524586214,-0.2434516511662217,-0.139731725902952,-0.1489122213933897,-0.0801472696533522,-0.1556618683189642,-0.010763009512837,-0.0121074517774784,-0.1397335257093235,-0.1489075204663915,-0.0801467358465918,-0.155661838343718,-0.0106685610738475,-0.0120051821184178,-0.0246688306562535,-0.0312723904866303,-0.0230451563960962,-0.0262146551774309,0.0014278137097094,0.0014826437872997,-0.227196524273966,-0.2393505523383234,-0.0752555315462277,-0.2349329965172349,0.0374680287743863,0.0434442213339417,-0.2271836297253252,-0.2432168296810611,-0.0978946778840727,-0.2358768473412729,0.0365766503766988,0.0423451348069101,-0.4138083995328042,-0.4881765230073861,-0.2325526205785921,-0.4673653112549297,0.0487668178548852,0.0529560645235839,-0.039148724737566,-0.1728951376515541,-0.1631259900993975,-0.1609322489799555,-0.1964346530529631,-0.1961888389129267,-0.0391440087884382,-0.1728840971939797,-0.1631146528780142,-0.1609253631144614,-0.1964085394766894,-0.1961326277610877,-0.0170316758803496,-0.0300262352777919,-0.0176401196299049,-0.0150709000018306,-0.1407632224600331,-0.140334623887323,-0.0948798715131735,-0.2643675368008846,-0.250573517311816,-0.2636374601201606,-0.1691189058033812,-0.1671653815026433,-0.0590130547854711,-0.2624238875355379,-0.2551681497514608,-0.259251046036533,-0.1871909645279049,-0.1852736257916989,-0.2902857302919171,-0.7606554306620164,-0.6942351992761703,-0.7186344907708935,0.0253079828897598,0.0252169034660526,-0.1701093783528579,-0.2023293883985696,-0.1168167152870516,-0.192401422590834,-0.0146587756915064,-0.0188487129543817,1.1895080630525252,1.1980666744090347,-0.0834587840195169,1.1988312154627951,-0.0887977253698474,-0.0904370818830761,-0.0947740820467593,-0.161974517316413,-0.1345464749557279,-0.1262511552136603,-0.0031749902209437,-0.0040940903633603,0.4938113490280171,0.2737410450431671,-0.3499327749819623,0.3967192425492039,-0.004357614038573,-0.0041943702405639,-0.1164246038907396,-0.1766172824237854,-0.1373232770907919,-0.1524643713004826,-0.0260596888205881,-0.0276597140284855,-0.0931447270142624,-0.1437067244867594,-0.0977185991261648,-0.1274622504830055,0.0031432964315106,0.0024263098865888,-0.1179057566568577,-0.1991677003148929,-0.1887158089232799,-0.2123453037022744,-0.047722125340837,-0.0481706839301534,1.105905285374648,0.8240727942372028,-0.301754266335682,1.0210942887308838,0.1831327449045568,0.1827480852580912,0.4765784320223322,-0.2581553701985171,-0.4246718150208637,-0.0517590649683327,0.1430014050880673,0.1425252107913369,0.6601173970186788,-0.3757145314126718,-1.0598683976058427,0.1423388428816934,0.1855973669005454,0.1854920038455318,0.0909118947978181,-0.538111583962063,-0.5770993762832375,-0.4496204069243448,0.241128277049832,0.2414064458179459,-0.098888736679456,-0.106714613806669,-0.1311553038955873,-0.1836705632417872,-0.1206134067031157,-0.1197924596125166
106001186,44,1,0.9907917,0.97644466,0.989356996,HIGH,CRITICAL,BOTH_HIGH,STRONG_CORROBORATION,0.014347040000000089,81,0,0.0029412570424374998,0.0144477737,0.0,"105874965,105881147,106001671,105888916,105857055,106001665,105873678,106001215,105588432,105600890","Both XGBoost and GraphSAGE assign high fraud risk, providing strong corroborating model evidence.",-0.1678931042325656,5.652362214459968,2.128587252854236,11.133656656209286,-0.0637245732388369,12.214747060005276,0.2427123366398294,-0.1636458082820718,-0.1692981129097527,-0.0493492175278596,-0.1659140864201931,-0.1465294383939068,0.1473015911974669,-0.0631999532943942,-0.0132816148700588,0.0161719306099099,-0.1659177823023344,-0.1729081406182527,-0.1642132213785981,-0.2432996524586214,-0.2434516511662217,-0.1397318592388843,-0.148912261926939,-0.0801472535896842,-0.1556619682648525,-0.0096207989314653,0.2787863874160562,-0.1397336590654933,-0.1489075610026405,-0.0801467197829364,-0.1556619383002916,-0.0095263644477244,0.2788700017224929,-0.0246688306562535,-0.0312723904866303,-0.0230451563960962,-0.0262146551774309,0.0014278137097094,0.0014826437872997,-0.2272154464478222,-0.2393416441503,-0.0752339136718513,-0.2349505976468734,0.5516633892015114,0.6896934928774706,-0.2272033238276858,-0.2432168296810611,-0.0978820857168584,-0.2358962290044393,0.7013923804494813,0.7469255326090269,-0.4140287571191527,-0.4764891928909758,-0.2284237397636841,-0.4673683876823135,0.5203181370528565,-2.4741231791487523,-0.0391423126436552,-0.1728941943480698,-0.1631259900993975,-0.1609303682075516,-0.1964346530529631,-0.1961888389129267,-0.0391375953729783,-0.1728831538163553,-0.1631146528780142,-0.1609234822715629,-0.1964085394766894,-0.1961326277610877,-0.0170316758803496,-0.0300262352777919,-0.0176401196299049,-0.0150709000018306,-0.1407632224600331,-0.140334623887323,-0.0954026892728408,-0.2644245982707773,-0.250573517311816,-0.2637525974280905,-0.1691189058033812,-0.1671653815026433,-0.0590130547854711,-0.2624238875355379,-0.2551681497514608,-0.259251046036533,-0.1871909645279049,-0.1852736257916989,-0.1951149264808134,-0.7257258217668817,-0.6942351992761703,-0.6563274338944329,0.0253079828897598,0.0252169034660526,-0.171095864886071,-0.1386679635407117,-0.0866066402938449,-0.1873702242464114,0.3852131144029531,0.2213471343096569,1.3183244238941965,1.3291864193222924,-0.0825659713017428,1.329547533659449,2.5956383319831655,2.6278957193658865,-0.1713846500102303,0.1132088805092884,0.2850190267732145,-0.0363807808240061,0.3510247452599317,0.1206000884824485,-1.0963356939258175,1.3011283510936915,1.5421540181361268,0.8924103816592881,-0.1128050786779426,-0.1869464859181541,-0.1164246038907396,0.2509637264893662,0.3802294708263058,0.0193557783557609,1.0275763159557945,0.4452938401255894,-0.0955592697148178,-0.0812610915101058,-0.0414032405846637,-0.0920049018642507,-0.6683047186716166,-0.6181056404040678,0.7073084700558017,-0.0509749319978511,-0.1887158089232799,0.1282986972523798,-0.047722125340837,-0.0481706839301534,1.3022456059510887,0.9967042910824192,-0.301754266335682,1.2131518301244102,0.1831327449045568,0.1827480852580912,3.7726421764617104,0.7634061705798189,-0.4246718150208637,1.9313515896288864,0.1430014050880673,0.1425252107913369,2.289137668697931,1.1924206753212654,-1.0598683976058427,1.9636750367050433,0.1855973669005454,0.1854920038455318,1.0851044122964733,-0.2803099563809727,-0.5770993762832375,0.0802042856579313,0.241128277049832,0.2414064458179459,0.0182794000374458,-0.0874901561101501,-0.1311553038955873,-0.0975235937715251,-0.1206134067031157,-0.1197924596125166
73219265,42,1,0.99987674,0.8926727,0.989156336,HIGH,CRITICAL,BOTH_HIGH,STRONG_CORROBORATION,0.10720404000000006,1,0,0.0848938581,0.0848938581,0.0,73219267,"Both XGBoost and GraphSAGE assign high fraud risk, providing strong corroborating model evidence.",-0.1724812100805873,0.1187981605632372,1.5735945770991024,-0.1219695997591005,-0.0637245732388369,-0.1130020092847624,-0.0615837940730322,-0.1631245777349184,-0.1689464001001275,-0.0497069643940398,-0.1654288042453313,-0.0287412858566647,-0.0353905526008135,-0.0631999532943942,-0.0132816148700588,-0.0501522702549869,-0.1706348136453336,-0.1729081406182527,-0.1750768788225754,-0.2432996524586214,-0.2434516511662217,-0.1397316116675119,-0.1489121485007703,-0.0801472696533522,-0.1556617715223614,-0.010763009512837,-0.0121074517774784,-0.139733411456545,-0.1489074475689172,-0.0801467358465918,-0.1556617415367668,-0.0106685610738475,-0.0120051821184178,-0.0246688306562535,-0.0312723904866303,-0.0230451563960962,-0.0262146551774309,0.0014278137097094,0.0014826437872997,-0.2272059853608941,-0.2393594605263469,-0.0752555315462277,-0.2349422570418879,0.0374680287743863,0.0434442213339417,-0.2271934767765055,-0.2432264611117294,-0.0978946778840727,-0.23588663540528,0.0365766503766988,0.0423451348069101,-0.4139003381675694,-0.4882529880182216,-0.2325526205785921,-0.4674535301599493,0.0487668178548852,0.0529560645235839,-0.0391236228165595,-0.1728914448282926,-0.1631259900993975,-0.1609248861744552,-0.1964346530529631,-0.1961888389129267,-0.039118901693861,-0.1728804040804763,-0.1631146528780142,-0.1609180000329904,-0.1964085394766894,-0.1961326277610877,-0.0170316758803496,-0.0300262352777919,-0.0176401196299049,-0.0150709000018306,-0.1407632224600331,-0.140334623887323,-0.0934607947369336,-0.2642126556683189,-0.250573517311816,-0.2633249445700653,-0.1691189058033812,-0.1671653815026433,-0.0587686729634771,-0.2624052301988505,-0.2551681497514608,-0.2592130458107434,-0.1871909645279049,-0.1852736257916989,-0.2425502023144009,-0.7431355269112101,-0.6942351992761703,-0.6873826767941372,0.0253079828897598,0.0252169034660526,-0.1192904381961093,-0.1624333027963745,-0.1168167152870516,-0.1426738556544714,-0.0146587756915064,-0.0188487129543817,1.1895080630525252,1.1980666744090347,-0.0834587840195169,1.1988312154627951,-0.0887977253698474,-0.0904370818830761,-0.079982118474645,-0.1507301102006897,-0.1345464749557279,-0.1121208107281583,-0.0031749902209437,-0.0040940903633603,1.023860363345962,0.7874346980684294,-0.3499327749819623,0.9391059237493712,-0.004357614038573,-0.0041943702405639,-0.1164246038907396,-0.1766172824237854,-0.1373232770907919,-0.1524643713004826,-0.0260596888205881,-0.0276597140284855,-0.0931447270142624,-0.1437067244867594,-0.0977185991261648,-0.1274622504830055,0.0031432964315106,0.0024263098865888,-0.0919275934337143,-0.1945025166580798,-0.1887158089232799,-0.2016216574400949,-0.047722125340837,-0.0481706839301534,1.1027897233758763,0.8213334479338915,-0.301754266335682,1.01804668660929,0.1831327449045568,0.1827480852580912,0.7284525646246185,-0.1800910647318876,-0.4246718150208637,0.0997835976466418,0.1430014050880673,0.1425252107913369,1.7461309114715131,0.6697089397432864,-1.0598683976058427,1.3565629720972598,0.1855973669005454,0.1854920038455318,0.1855968964643567,-0.5135590480019592,-0.5770993762832375,-0.3991609123926994,0.241128277049832,0.2414064458179459,0.0182794000374458,-0.0874901561101501,-0.1311553038955873,-0.0975235937715251,-0.1206134067031157,-0.1197924596125166
72296563,42,1,0.9980926,0.9081103,0.98909437,HIGH,CRITICAL,BOTH_HIGH,STRONG_CORROBORATION,0.08998229999999996,1,0,0.0,0.0,0.0,72021532,"Both XGBoost and GraphSAGE assign high fraud risk, providing strong corroborating model evidence.",-0.1728645637273034,0.0421163541882842,1.018601901343969,-0.1219695997591005,-0.0637245732388369,-0.1130020092847624,-0.0615837940730322,-0.1635187168493902,-0.1693350153691274,-0.0497069643940398,-0.165822503511157,-0.0287412858566647,-0.0353905526008135,-0.0631999532943942,-0.0132816148700588,-0.0556939088111363,-0.1710289395061815,-0.1729081406182527,-0.1759845786088868,-0.2432996524586214,-0.2434516511662217,-0.1397315895039499,-0.1489121343583983,-0.0801472696533522,-0.1556617527422218,-0.010763009512837,-0.0121074517774784,-0.1397333892896191,-0.1489074334256032,-0.0801467358465918,-0.1556617227546194,-0.0106685610738475,-0.0120051821184178,-0.0246688306562535,-0.0312723904866303,-0.0230451563960962,-0.0262146551774309,0.0014278137097094,0.0014826437872997,-0.2271776021001098,-0.2393327359622765,-0.0752555315462277,-0.2349144754679288,0.0374680287743863,0.0434442213339417,-0.2271639356229646,-0.2431975668197244,-0.0978946778840727,-0.2358572712132586,0.0365766503766988,0.0423451348069101,-0.4139765247182148,-0.4883163520809521,-0.2325526205785921,-0.4675266342917683,0.0487668178548852,0.0529560645235839,-0.0389809541590717,-0.1728704563893234,-0.1631259900993975,-0.1608830391151878,-0.1964346530529631,-0.1961888389129267,-0.0389762036319937,-0.1728594139918952,-0.1631146528780142,-0.1608761514052232,-0.1964085394766894,-0.1961326277610877,-0.0170316758803496,-0.0300262352777919,-0.0176401196299049,-0.0150709000018306,-0.1407632224600331,-0.140334623887323,-0.0884566818944032,-0.2636664958850607,-0.250573517311816,-0.262222916051308,-0.1691189058033812,-0.1671653815026433,-0.0559582820105464,-0.2621906708269438,-0.2551681497514608,-0.2587760432141627,-0.1871909645279049,-0.1852736257916989,2.4561337405490224,0.2473360345447139,-0.6942351992761703,1.0794097341780624,0.0253079828897598,0.0252169034660526,-0.1670058536948732,-0.1998929250437344,-0.1168167152870516,-0.1893645483527535,-0.0146587756915064,-0.0188487129543817,1.1893479233697284,1.1979038331957794,-0.0834587840195169,1.1986688170407924,-0.0887977253698474,-0.0904370818830761,-0.1035654586983051,-0.1686574582049375,-0.1345464749557279,-0.1346493087098149,-0.0031749902209437,-0.0040940903633603,0.4938113490280171,0.2737410450431671,-0.3499327749819623,0.3967192425492039,-0.004357614038573,-0.0041943702405639,-0.1164246038907396,-0.1766172824237854,-0.1373232770907919,-0.1524643713004826,-0.0260596888205881,-0.0276597140284855,-0.0931447270142624,-0.1437067244867594,-0.0977185991261648,-0.1274622504830055,0.0031432964315106,0.0024263098865888,-0.1159257802894905,-0.1988121342453993,-0.1887158089232799,-0.2115279800913348,-0.047722125340837,-0.0481706839301534,1.1688156718883076,0.879386517669451,-0.301754266335682,1.0826324084938386,0.1831327449045568,0.1827480852580912,-0.0368537643215141,-0.417285358648251,-0.4246718150208637,-0.360670826975507,0.1430014050880673,0.1425252107913369,1.7461309114715131,0.6697089397432864,-1.0598683976058427,1.3565629720972598,0.1855973669005454,0.1854920038455318,-0.0747868581186243,-0.5810785218922447,-0.5770993762832375,-0.5379245223547241,0.241128277049832,0.2414064458179459,0.0182794000374458,-0.0874901561101501,-0.1311553038955873,-0.0975235937715251,-0.1206134067031157,-0.1197924596125166
43662693,42,1,0.9953784,0.93070745,0.988911305,HIGH,CRITICAL,BOTH_HIGH,STRONG_CORROBORATION,0.06467095,1,1,0.985023185,0.985023185,1.0,71451822,"Both XGBoost and GraphSAGE assign high fraud risk, providing strong corroborating model evidence.",-0.172971265259771,0.0344958020019534,1.018601901343969,-0.1219695997591005,-0.0637245732388369,-0.1130020092847624,-0.0615837940730322,-0.1636280782438131,-0.1694428440675524,-0.0497069643940398,-0.1659317428612065,-0.0287412858566647,-0.0353905526008135,-0.0631999532943942,-0.0132816148700588,-0.0572363522739481,-0.1711386393452148,-0.1729081406182527,-0.1762372251117949,-0.2432996524586214,-0.2434516511662217,-0.1397318517152073,-0.1489123016730719,-0.0801472696533522,-0.1556619749251005,-0.010763009512837,-0.0121074517774784,-0.1397336515406743,-0.1489076007514208,-0.0801467358465918,-0.1556619449612516,-0.0106685610738475,-0.0120051821184178,-0.0246688306562535,-0.0312723904866303,-0.0230451563960962,-0.0262146551774309,0.0014278137097094,0.0014826437872997,-0.2272154464478222,-0.2393683687143703,-0.0752555315462277,-0.2349515175665409,0.0374680287743863,0.0434442213339417,-0.2272033238276858,-0.2432360925423977,-0.0978946778840727,-0.2358964234692872,0.0365766503766988,0.0423451348069101,-0.4139677049238383,-0.4883090166917081,-0.2325526205785921,-0.4675181713359677,0.0487668178548852,0.0529560645235839,-0.0389809541590717,-0.1728704563893234,-0.1631259900993975,-0.1608830391151878,-0.1964346530529631,-0.1961888389129267,-0.0389762036319937,-0.1728594139918952,-0.1631146528780142,-0.1608761514052232,-0.1964085394766894,-0.1961326277610877,-0.0170316758803496,-0.0300262352777919,-0.0176401196299049,-0.0150709000018306,-0.1407632224600331,-0.140334623887323,-0.0884566818944032,-0.2636664958850607,-0.250573517311816,-0.262222916051308,-0.1691189058033812,-0.1671653815026433,-0.0559582820105464,-0.2621906708269438,-0.2551681497514608,-0.2587760432141627,-0.1871909645279049,-0.1852736257916989,2.4561337405490224,0.2473360345447139,-0.6942351992761703,1.0794097341780624,0.0253079828897598,0.0252169034660526,-0.1710211833513981,-0.2030452130529615,-0.1168167152870516,-0.1932936459224888,-0.0146587756915064,-0.0188487129543817,1.1892518395600504,1.197806128467826,-0.0834587840195169,1.1985713779875906,-0.0887977253698474,-0.0904370818830761,-0.0641654204812002,-0.1387067307083266,-0.1345464749557279,-0.0970115664293245,-0.0031749902209437,-0.0040940903633603,1.023860363345962,0.7874346980684294,-0.3499327749819623,0.9391059237493712,-0.004357614038573,-0.0041943702405639,-0.1164246038907396,-0.1766172824237854,-0.1373232770907919,-0.1524643713004826,-0.0260596888205881,-0.0276597140284855,-0.0931447270142624,-0.1437067244867594,-0.0977185991261648,-0.1274622504830055,0.0031432964315106,0.0024263098865888,-0.1215685522296724,-0.1998254686835711,-0.1887158089232799,-0.213857286043603,-0.047722125340837,-0.0481706839301534,1.5022706777376154,1.1725755917286669,-0.301754266335682,1.4088137471040525,0.1831327449045568,0.1827480852580912,0.0280087437359093,-0.3971822754534329,-0.4246718150208637,-0.3216456318379497,0.1430014050880673,0.1425252107913369,1.7461309114715131,0.6697089397432864,-1.0598683976058427,1.3565629720972598,0.1855973669005454,0.1854920038455318,-0.0037731068687204,-0.5626641199221668,-0.5770993762832375,-0.5000799014559901,0.241128277049832,0.2414064458179459,0.0182794000374458,-0.0874901561101501,-0.1311553038955873,-0.0975235937715251,-0.1206134067031157,-0.1197924596125166
72294265,42,1,0.999526,0.8865726,0.98823066,HIGH,CRITICAL,BOTH_HIGH,STRONG_CORROBORATION,0.11295339999999998,2,0,0.005226030693,0.005226030693,0.0,"72288093,73031052","Both XGBoost and GraphSAGE assign high fraud risk, providing strong corroborating model evidence.",-0.1728324081051075,0.0942695082134852,1.018601901343969,-0.1219695997591005,-0.0637245732388369,-0.1130020092847624,-0.0615837940730322,-0.1634845166399684,-0.169301294474407,-0.0497069643940398,-0.1657883414682487,-0.0287412858566647,-0.0353905526008135,-0.0631999532943942,-0.0132816148700588,-0.0552290773499402,-0.1709958803129597,-0.1729081406182527,-0.175908440944237,-0.2432996524586214,-0.2434516511662217,-0.1397317907953646,-0.1489122628006616,-0.0801472696533522,-0.1556619233050971,-0.010763009512837,-0.0121074517774784,-0.1397335906115854,-0.1489075618764214,-0.0801467358465918,-0.1556618933357295,-0.0106685610738475,-0.0120051821184178,-0.0246688306562535,-0.0312723904866303,-0.0230451563960962,-0.0262146551774309,0.0014278137097094,0.0014826437872997,-0.2272154464478222,-0.2393683687143703,-0.0752555315462277,-0.2349515175665409,0.0374680287743863,0.0434442213339417,-0.2272033238276858,-0.2432360925423977,-0.0978946778840727,-0.2358964234692872,0.0365766503766988,0.0423451348069101,-0.4139997238660689,-0.4883356467234773,-0.2325526205785921,-0.4675488948292051,0.0487668178548852,0.0529560645235839,-0.0391501367570897,-0.1728953453782274,-0.1631259900993975,-0.1609326631484613,-0.1964346530529631,-0.1961888389129267,-0.0391454210989829,-0.1728843049369795,-0.1631146528780142,-0.1609257772984909,-0.1964085394766894,-0.1961326277610877,-0.0170316758803496,-0.0300262352777919,-0.0176401196299049,-0.0150709000018306,-0.1407632224600331,-0.140334623887323,-0.0953280010214598,-0.2644164466322212,-0.250573517311816,-0.2637361492412434,-0.1691189058033812,-0.1671653815026433,-0.0588908638744741,-0.2624145588671942,-0.2551681497514608,-0.2592320459236382,-0.1871909645279049,-0.1852736257916989,-0.2935552781991035,-0.7618554208385058,-0.6942351992761703,-0.7207750202111797,0.0253079828897598,0.0252169034660526,-0.1295827518672274,-0.1705134206815768,-0.1168167152870516,-0.1527451345011358,-0.0146587756915064,-0.0188487129543817,1.1893799513062877,1.1979364014384304,-0.0834587840195169,1.1987012967251929,-0.0887977253698474,-0.0904370818830761,0.1250358970311392,0.0051184369624929,-0.1345464749557279,0.0837271015998635,-0.0031749902209437,-0.0040940903633603,1.5539093776639068,1.3011283510936915,-0.3499327749819623,1.4814926049495385,-0.004357614038573,-0.0041943702405639,-0.1164246038907396,-0.1766172824237854,-0.1373232770907919,-0.1524643713004826,-0.0260596888205881,-0.0276597140284855,-0.0545120438053762,-0.1209992215861581,-0.0977185991261648,-0.0949271368244747,0.0031432964315106,0.0024263098865888,0.0738954548982022,-0.1647238533878524,-0.1887158089232799,-0.1331707936452444,-0.047722125340837,-0.0481706839301534,1.1023703207991185,0.8209646897776766,-0.301754266335682,1.0176364324775369,0.1831327449045568,0.1827480852580912,2.723484911577976,0.4382368792268963,-0.4246718150208637,1.300115329757069,0.1430014050880673,0.1425252107913369,2.289137668697931,1.1924206753212654,-1.0598683976058427,1.9636750367050433,0.1855973669005454,0.1854920038455318,1.0140906610465694,-0.2987243583510506,-0.5770993762832375,0.0423596647591973,0.241128277049832,0.2414064458179459,0.0182794000374458,-0.0874901561101501,-0.1311553038955873,-0.0975235937715251,-0.1206134067031157,-0.1197924596125166
72629365,42,1,0.9995353,0.8854185,0.98812362,HIGH,CRITICAL,BOTH_HIGH,STRONG_CORROBORATION,0.11411680000000002,2,0,0.005226030693,0.005226030693,0.0,"72293911,73031052","Both XGBoost and GraphSAGE assign high fraud risk, providing strong corroborating model evidence.",-0.1727354466618208,0.0761706967709497,1.5735945770991024,-0.1219695997591005,-0.0637245732388369,-0.1130020092847624,-0.0615837940730322,-0.1633857620202859,-0.1692039238971571,-0.0497069643940398,-0.1656896970560644,-0.0287412858566647,-0.0353905526008135,-0.0631999532943942,-0.0132816148700588,-0.05382743352268,-0.1708961942590203,-0.1729081406182527,-0.1756788568980027,-0.2432996524586214,-0.2434516511662217,-0.1397272998060684,-0.1489093971402932,-0.0801472696533522,-0.1556581178966639,-0.010763009512837,-0.0121074517774784,-0.1397290989406554,-0.1489046960251866,-0.0801467358465918,-0.1556580875204613,-0.0106685610738475,-0.0120051821184178,-0.0246688306562535,-0.0312723904866303,-0.0230451563960962,-0.0262146551774309,0.0014278137097094,0.0014826437872997,-0.2270829912308288,-0.2392436540820419,-0.0752555315462277,-0.2348218702213984,0.0374680287743863,0.0434442213339417,-0.2270654651111616,-0.2431012525130412,-0.0978946778840727,-0.2357593905731873,0.0365766503766988,0.0423451348069101,-0.4139826676878388,-0.4883214611652894,-0.2325526205785921,-0.4675325287240186,0.0487668178548852,0.0529560645235839,-0.0391462913341703,-0.1728947796658581,-0.1631259900993975,-0.1609315352227932,-0.1964346530529631,-0.1961888389129267,-0.0391415748835119,-0.1728837391801473,-0.1631146528780142,-0.1609246493305462,-0.1964085394766894,-0.1961326277610877,-0.0170316758803496,-0.0300262352777919,-0.0176401196299049,-0.0150709000018306,-0.1407632224600331,-0.140334623887323,-0.0949545597645546,-0.2643756884394407,-0.250573517311816,-0.2636539083070078,-0.1691189058033812,-0.1671653815026433,-0.0587686729634771,-0.2624052301988505,-0.2551681497514608,-0.2592130458107434,-0.1871909645279049,-0.1852736257916989,-0.2936466648747599,-0.7618889615958713,-0.6942351992761703,-0.7208348498497859,0.0253079828897598,0.0252169034660526,-0.1709331665637095,-0.2029761143018812,-0.1168167152870516,-0.1932075193584989,-0.0146587756915064,-0.0188487129543817,1.189411979242847,1.1979689696810816,-0.0834587840195169,1.1987337764095936,-0.0887977253698474,-0.0904370818830761,-0.0391138870139633,-0.1196633062295224,-0.1345464749557279,-0.0730805449624062,-0.0031749902209437,-0.0040940903633603,1.023860363345962,0.7874346980684294,-0.3499327749819623,0.9391059237493712,-0.004357614038573,-0.0041943702405639,-0.1164246038907396,-0.1766172824237854,-0.1373232770907919,-0.1524643713004826,-0.0260596888205881,-0.0276597140284855,-0.0955592697148178,-0.145125943418047,-0.0977185991261648,-0.1294956950866637,0.0031432964315106,0.0024263098865888,0.0738954548982022,-0.1647238533878524,-0.1887158089232799,-0.1331707936452444,-0.047722125340837,-0.0481706839301534,1.1023703207991185,0.8209646897776766,-0.301754266335682,1.0176364324775369,0.1831327449045568,0.1827480852580912,2.723484911577976,0.4382368792268963,-0.4246718150208637,1.300115329757069,0.1430014050880673,0.1425252107913369,2.289137668697931,1.1924206753212654,-1.0598683976058427,1.9636750367050433,0.1855973669005454,0.1854920038455318,1.0140906610465694,-0.2987243583510506,-0.5770993762832375,0.0423596647591973,0.241128277049832,0.2414064458179459,0.0182794000374458,-0.0874901561101501,-0.1311553038955873,-0.0975235937715251,-0.1206134067031157,-0.1197924596125166
72295265,42,1,0.9997986,0.88134617,0.987953357,HIGH,CRITICAL,BOTH_HIGH,STRONG_CORROBORATION,0.11845242999999994,2,1,0.991360887,0.991360887,1.0,"72631015,71777432","Both XGBoost and GraphSAGE assign high fraud risk, providing strong corroborating model evidence.",-0.1728335096594334,0.0425926386999298,1.018601901343969,-0.1219695997591005,-0.0637245732388369,-0.1130020092847624,-0.0615837940730322,-0.1634869320843722,-0.1693036760664446,-0.0497069643940398,-0.1657907542170815,-0.0287412858566647,-0.0353905526008135,-0.0631999532943942,-0.0132816148700588,-0.0552450010694,-0.1709970128208952,-0.1729081406182527,-0.1759110491902647,-0.2432996524586214,-0.2434516511662217,-0.1397315895039499,-0.1489121343583983,-0.0801472696533522,-0.1556617527422218,-0.010763009512837,-0.0121074517774784,-0.1397333892896191,-0.1489074334256032,-0.0801467358465918,-0.1556617227546194,-0.0106685610738475,-0.0120051821184178,-0.0246688306562535,-0.0312723904866303,-0.0230451563960962,-0.0262146551774309,0.0014278137097094,0.0014826437872997,-0.2271776021001098,-0.2393327359622765,-0.0752555315462277,-0.2349144754679288,0.0374680287743863,0.0434442213339417,-0.2271639356229646,-0.2431975668197244,-0.0978946778840727,-0.2358572712132586,0.0365766503766988,0.0423451348069101,-0.4139765247182148,-0.4883163520809521,-0.2325526205785921,-0.4675266342917683,0.0487668178548852,0.0529560645235839,-0.039132926990371,-0.1728928135948293,-0.1631259900993975,-0.1609276152413699,-0.1964346530529631,-0.1961888389129267,-0.0391282077852867,-0.1728817729545929,-0.1631146528780142,-0.1609207292021953,-0.1964085394766894,-0.1961326277610877,-0.0170316758803496,-0.0300262352777919,-0.0176401196299049,-0.0150709000018306,-0.1407632224600331,-0.140334623887323,-0.0943570537535062,-0.264310475330992,-0.250573517311816,-0.2635223228122308,-0.1691189058033812,-0.1671653815026433,-0.0573023820315132,-0.2622932861787252,-0.2551681497514608,-0.2589850444560057,-0.1871909645279049,-0.1852736257916989,-0.2938054026306468,-0.7619472215611967,-0.6942351992761703,-0.7209387733430047,0.0253079828897598,0.0252169034660526,-0.166617293765116,-0.1995878808973716,-0.1168167152870516,-0.1889843330264166,-0.0146587756915064,-0.0188487129543817,1.1892838674966095,1.197838696710477,-0.0834587840195169,1.1986038576719913,-0.0887977253698474,-0.0904370818830761,-0.0812702607678362,-0.1517093173422573,-0.1345464749557279,-0.1133513366323357,-0.0031749902209437,-0.0040940903633603,0.4938113490280171,0.2737410450431671,-0.3499327749819623,0.3967192425492039,-0.004357614038573,-0.0041943702405639,-0.1164246038907396,-0.1766172824237854,-0.1373232770907919,-0.1524643713004826,-0.0260596888205881,-0.0276597140284855,-0.0883156416131517,-0.1408682866241842,-0.0977185991261648,-0.1233953612756891,0.0031432964315106,0.0024263098865888,-0.1245189546532427,-0.2003553048020539,-0.1887158089232799,-0.2150751963188475,-0.047722125340837,-0.0481706839301534,1.102340363472207,0.8209383499093754,-0.301754266335682,1.017607128610983,0.1831327449045568,0.1827480852580912,-0.0773019417187246,-0.4298216157195165,-0.4246718150208637,-0.3850068889496634,0.1430014050880673,0.1425252107913369,1.203124154245096,0.1469972041653072,-1.0598683976058427,0.7494509074894767,0.1855973669005454,0.1854920038455318,-0.2168143606184322,-0.6179073258324005,-0.5770993762832375,-0.6136137641521922,0.241128277049832,0.2414064458179459,-0.098888736679456,-0.106714613806669,-0.1311553038955873,-0.1836705632417872,-0.1206134067031157,-0.1197924596125166
72628651,42,1,0.999938,0.87897235,0.987841435,HIGH,CRITICAL,BOTH_HIGH,STRONG_CORROBORATION,0.12096565000000004,1,0,0.04543425797,0.04543425797,0.0,72310963,"Both XGBoost and GraphSAGE assign high fraud risk, providing strong corroborating model evidence.",-0.1728350570960045,0.0856963870038631,1.5735945770991024,-0.1219695997591005,-0.0637245732388369,-0.1130020092847624,-0.0615837940730322,-0.1634874406906922,-0.1693041775446654,-0.0497069643940398,-0.1657912622558106,-0.0287412858566647,-0.0353905526008135,-0.0631999532943942,-0.0132816148700588,-0.0552673703209752,-0.1709986037403397,-0.1729081406182527,-0.1759147131904821,-0.2432996524586214,-0.2434516511662217,-0.1397317920361749,-0.1489122635924116,-0.0801472696533522,-0.155661924356489,-0.010763009512837,-0.0121074517774784,-0.139733591852584,-0.1489075626682241,-0.0801467358465918,-0.1556618943872338,-0.0106685610738475,-0.0120051821184178,-0.0246688306562535,-0.0312723904866303,-0.0230451563960962,-0.0262146551774309,0.0014278137097094,0.0014826437872997,-0.2272154464478222,-0.2393683687143703,-0.0752555315462277,-0.2349515175665409,0.0374680287743863,0.0434442213339417,-0.2272033238276858,-0.2432360925423977,-0.0978946778840727,-0.2358964234692872,0.0365766503766988,0.0423451348069101,-0.4139826676878388,-0.4883214611652894,-0.2325526205785921,-0.4675325287240186,0.0487668178548852,0.0529560645235839,-0.0391312267543373,-0.1728925634677106,-0.1631259900993975,-0.1609271165342304,-0.1964346530529631,-0.1961888389129267,-0.0391265071988299,-0.1728815228078151,-0.1631146528780142,-0.1609202304763634,-0.1964085394766894,-0.1961326277610877,-0.0170316758803496,-0.0300262352777919,-0.0176401196299049,-0.0150709000018306,-0.1407632224600331,-0.140334623887323,-0.0937595477424578,-0.2642452622225432,-0.250573517311816,-0.2633907373174538,-0.1691189058033812,-0.1671653815026433,-0.0590130547854711,-0.2624238875355379,-0.2551681497514608,-0.259251046036533,-0.1871909645279049,-0.1852736257916989,-0.2929651850515106,-0.7616388447244905,-0.6942351992761703,-0.7203886940918538,0.0253079828897598,0.0252169034660526,-0.0896919395917485,-0.139196607375854,-0.1168167152870516,-0.1137110060550052,-0.0146587756915064,-0.0188487129543817,1.189411979242847,1.1979689696810816,-0.0834587840195169,1.1987337764095936,-0.0887977253698474,-0.0904370818830761,-0.0799810070490254,-0.1507292653282638,-0.1345464749557279,-0.1121197490146948,-0.0031749902209437,-0.0040940903633603,0.4938113490280171,0.2737410450431671,-0.3499327749819623,0.3967192425492039,-0.004357614038573,-0.0041943702405639,-0.1164246038907396,-0.1766172824237854,-0.1373232770907919,-0.1524643713004826,-0.0260596888205881,-0.0276597140284855,-0.0931447270142624,-0.1437067244867594,-0.0977185991261648,-0.1274622504830055,0.0031432964315106,0.0024263098865888,0.5246644772511616,-0.0837743167321888,-0.1887158089232799,0.0529042379164654,-0.047722125340837,-0.0481706839301534,1.1032690406064565,0.8217548858267086,-0.301754266335682,1.0185155484741504,0.1831327449045568,0.1827480852580912,1.6763396238550032,0.1136911675883609,-0.4246718150208637,0.6700895966388815,0.1430014050880673,0.1425252107913369,2.289137668697931,1.1924206753212654,-1.0598683976058427,1.9636750367050433,0.1855973669005454,0.1854920038455318,0.5643369031305111,-0.4153489041615438,-0.5770993762832375,-0.197322934266118,0.241128277049832,0.2414064458179459,-0.098888736679456,-0.106714613806669,-0.1311553038955873,-0.1836705632417872,-0.1206134067031157,-0.1197924596125166
73002915,42,1,0.9989784,0.88568205,0.987648765,HIGH,CRITICAL,BOTH_HIGH,STRONG_CORROBORATION,0.11329635000000005,1,0,0.0,0.0,0.0,72686308,"Both XGBoost and GraphSAGE assign high fraud risk, providing strong corroborating model evidence.",-0.1724901645617099,0.0530708979561346,1.5735945770991024,-0.1219695997591005,-0.0637245732388369,-0.1130020092847624,-0.0615837940730322,-0.163135378181473,-0.1689570491788132,-0.0497069643940398,-0.165439592638878,-0.0287412858566647,-0.0353905526008135,-0.0631999532943942,-0.0132816148700588,-0.0502817133899733,-0.1706440197468306,-0.1729081406182527,-0.1750980811266911,-0.2432996524586214,-0.2434516511662217,-0.1397316426397341,-0.1489121682638701,-0.0801472696533522,-0.1556617977664576,-0.010763009512837,-0.0121074517774784,-0.139733442433468,-0.1489074673333333,-0.0801467358465918,-0.1556617677836687,-0.0106685610738475,-0.0120051821184178,-0.0246688306562535,-0.0312723904866303,-0.0230451563960962,-0.0262146551774309,0.0014278137097094,0.0014826437872997,-0.2272154464478222,-0.2393683687143703,-0.0752555315462277,-0.2349515175665409,0.0374680287743863,0.0434442213339417,-0.2272033238276858,-0.2432360925423977,-0.0978946778840727,-0.2358964234692872,0.0365766503766988,0.0423451348069101,-0.4140131079898309,-0.488346778248011,-0.2325526205785921,-0.4675617374469571,0.0487668178548852,0.0529560645235839,-0.0391494334173747,-0.1728952419076898,-0.1631259900993975,-0.160932456847377,-0.1964346530529631,-0.1961888389129267,-0.0391447176143077,-0.1728842014583096,-0.1631146528780142,-0.1609255709896741,-0.1964085394766894,-0.1961326277610877,-0.0170316758803496,-0.0300262352777919,-0.0176401196299049,-0.0150709000018306,-0.1407632224600331,-0.140334623887323,-0.0950292480159356,-0.2643838400779968,-0.250573517311816,-0.2636703564938549,-0.1691189058033812,-0.1671653815026433,-0.0590130547854711,-0.2624238875355379,-0.2551681497514608,-0.259251046036533,-0.1871909645279049,-0.1852736257916989,-0.2860922258193918,-0.7591163297480844,-0.6942351992761703,-0.7158890592812118,0.0253079828897598,0.0252169034660526,-0.1707217808192886,-0.2028101631087141,-0.1168167152870516,-0.1930006732746832,-0.0146587756915064,-0.0188487129543817,1.1894440071794063,1.1980015379237323,-0.0834587840195169,1.198766256093994,-0.0887977253698474,-0.0904370818830761,-0.0820593729577979,-0.1523091767646153,-0.1345464749557279,-0.114105153191409,-0.0031749902209437,-0.0040940903633603,0.4938113490280171,0.2737410450431671,-0.3499327749819623,0.3967192425492039,-0.004357614038573,-0.0041943702405639,-0.1164246038907396,-0.1766172824237854,-0.1373232770907919,-0.1524643713004826,-0.0260596888205881,-0.0276597140284855,-0.0931447270142624,-0.1437067244867594,-0.0977185991261648,-0.1274622504830055,0.0031432964315106,0.0024263098865888,-0.1222347889139103,-0.1999451121111752,-0.1887158089232799,-0.2141323049688167,-0.047722125340837,-0.0481706839301534,1.109859652526935,0.8275496568529441,-0.301754266335682,1.0249623991159835,0.1831327449045568,0.1827480852580912,-0.149153694872081,-0.4520909021624132,-0.4246718150208637,-0.4282372352893839,0.1430014050880673,0.1425252107913369,1.203124154245096,0.1469972041653072,-1.0598683976058427,0.7494509074894767,0.1855973669005454,0.1854920038455318,-0.0747868581186243,-0.5810785218922447,-0.5770993762832375,-0.5379245223547241,0.241128277049832,0.2414064458179459,0.0182794000374458,-0.0874901561101501,-0.1311553038955873,-0.0975235937715251,-0.1206134067031157,-0.1197924596125166
71450704,42,1,0.99970645,0.87458754,0.987194559,HIGH,CRITICAL,BOTH_HIGH,STRONG_CORROBORATION,0.12511890999999997,2,0,0.0,0.0,0.0,"72321311,70765297","Both XGBoost and GraphSAGE assign high fraud risk, providing strong corroborating model evidence.",-0.1728066648234022,0.079980972864115,1.018601901343969,-0.1219695997591005,-0.0637245732388369,-0.1130020092847624,-0.0615837940730322,-0.1634585337042585,-0.1692756756886039,-0.0497069643940398,-0.1657623875287959,-0.0287412858566647,-0.0353905526008135,-0.0631999532943942,-0.0132816148700588,-0.0548569406461886,-0.1709694136466059,-0.1729081406182527,-0.1758474863361276,-0.2432996524586214,-0.2434516511662217,-0.1397317797696007,-0.1489122557652196,-0.0801472696533522,-0.155661913962493,-0.010763009512837,-0.0121074517774784,-0.139733579584148,-0.1489075548405108,-0.0801467358465918,-0.1556618839921265,-0.0106685610738475,-0.0120051821184178,-0.0246688306562535,-0.0312723904866303,-0.0230451563960962,-0.0262146551774309,0.0014278137097094,0.0014826437872997,-0.2272154464478222,-0.2393683687143703,-0.0752555315462277,-0.2349515175665409,0.0374680287743863,0.0434442213339417,-0.2272033238276858,-0.2432360925423977,-0.0978946778840727,-0.2358964234692872,0.0365766503766988,0.0423451348069101,-0.4140197314151798,-0.4883522869255366,-0.2325526205785921,-0.4675680928962549,0.0487668178548852,0.0529560645235839,-0.0391486884967311,-0.1728951323200499,-0.1631259900993975,-0.1609322383499238,-0.1964346530529631,-0.1961888389129267,-0.0391439725401341,-0.1728840918620565,-0.1631146528780142,-0.1609253524840312,-0.1964085394766894,-0.1961326277610877,-0.0170316758803496,-0.0300262352777919,-0.0176401196299049,-0.0150709000018306,-0.1407632224600331,-0.140334623887323,-0.0950292480159356,-0.2643838400779968,-0.250573517311816,-0.2636703564938549,-0.1691189058033812,-0.1671653815026433,-0.0590130547854711,-0.2624238875355379,-0.2551681497514608,-0.259251046036533,-0.1871909645279049,-0.1852736257916989,-0.2937773825247494,-0.7619369376159003,-0.6942351992761703,-0.7209204289531086,0.0253079828897598,0.0252169034660526,-0.1709791165218672,-0.2030121879283367,-0.1168167152870516,-0.1932524825083198,-0.0146587756915064,-0.0188487129543817,1.1891877836869318,1.197740991982524,-0.0834587840195169,1.1985064186187897,-0.0887977253698474,-0.0904370818830761,-0.0799798956234057,-0.1507284204558379,-0.1345464749557279,-0.1121186873012313,-0.0031749902209437,-0.0040940903633603,1.023860363345962,0.7874346980684294,-0.3499327749819623,0.9391059237493712,-0.004357614038573,-0.0041943702405639,-0.1164246038907396,-0.1766172824237854,-0.1373232770907919,-0.1524643713004826,-0.0260596888205881,-0.0276597140284855,-0.0931447270142624,-0.1437067244867594,-0.0977185991261648,-0.1274622504830055,0.0031432964315106,0.0024263098865888,-0.1212301529633289,-0.1997646986162933,-0.1887158089232799,-0.2137175966438376,-0.047722125340837,-0.0481706839301534,1.102310406145296,0.8209120100410744,-0.301754266335682,1.0175778247444291,0.1831327449045568,0.1827480852580912,0.1629991908392394,-0.3553441740617712,-0.4246718150208637,-0.24042724084928,0.1430014050880673,0.1425252107913369,1.7461309114715131,0.6697089397432864,-1.0598683976058427,1.3565629720972598,0.1855973669005454,0.1854920038455318,-0.098458108535259,-0.5872166558822707,-0.5770993762832375,-0.5505393959876355,0.241128277049832,0.2414064458179459,-0.098888736679456,-0.106714613806669,-0.1311553038955873,-0.1836705632417872,-0.1206134067031157,-0.1197924596125166
73220317,42,1,0.9996481,0.87504804,0.987188094,HIGH,CRITICAL,BOTH_HIGH,STRONG_CORROBORATION,0.12460006000000001,1,0,0.0,0.0,0.0,36919598,"Both XGBoost and GraphSAGE assign high fraud risk, providing strong corroborating model evidence.",-0.1728006517522017,0.0890303785853828,1.5735945770991024,-0.1219695997591005,-0.0637245732388369,-0.1130020092847624,-0.0615837940730322,-0.1634521558287617,-0.1692693871988021,-0.0497069643940398,-0.1657560167708365,-0.0287412858566647,-0.0353905526008135,-0.0631999532943942,-0.0132816148700588,-0.0547700175987865,-0.1709632316084708,-0.1729081406182527,-0.1758332486642273,-0.2432996524586214,-0.2434516511662217,-0.1397317770631725,-0.1489122540382718,-0.0801472696533522,-0.1556619116692199,-0.010763009512837,-0.0121074517774784,-0.139733576877309,-0.148907553113448,-0.0801467358465918,-0.1556618816986083,-0.0106685610738475,-0.0120051821184178,-0.0246688306562535,-0.0312723904866303,-0.0230451563960962,-0.0262146551774309,0.0014278137097094,0.0014826437872997,-0.2272154464478222,-0.2393683687143703,-0.0752555315462277,-0.2349515175665409,0.0374680287743863,0.0434442213339417,-0.2272033238276858,-0.2432360925423977,-0.0978946778840727,-0.2358964234692872,0.0365766503766988,0.0423451348069101,-0.4139720633436274,-0.4883126415727742,-0.2325526205785921,-0.4675223534191843,0.0487668178548852,0.0529560645235839,-0.0388882645969518,-0.1728568205336849,-0.1631259900993975,-0.1608558517450407,-0.1964346530529631,-0.1961888389129267,-0.0388834977605461,-0.1728457774755459,-0.1631146528780142,-0.1608489638355023,-0.1964085394766894,-0.1961326277610877,-0.0170214698839737,-0.0300257773203724,-0.0176401196299049,-0.0150699439679921,-0.1407632224600331,-0.140334623887323,-0.0703821250601892,-0.2616937993544864,-0.250573517311816,-0.2582424548343038,-0.1691189058033812,-0.1671653815026433,-0.040317845402932,-0.2609966012789419,-0.2551681497514608,-0.256344028763627,-0.1871909645279049,-0.1852736257916989,3.4981379195068785,0.6297726325410351,-0.6942351992761703,1.7615959829429586,0.0253079828897598,0.0252169034660526,0.5708313064870197,0.3793559615387253,-0.1168167152870516,0.5326270291557417,-0.0146587756915064,-0.0188487129543817,1.1895080630525252,1.1980666744090347,-0.0834587840195169,1.1988312154627951,-0.0887977253698474,-0.0904370818830761,0.0699936546428766,-0.0367230250556214,-0.1345464749557279,0.0311468040343062,-0.0031749902209437,-0.0040940903633603,1.5539093776639068,1.3011283510936915,-0.3499327749819623,1.4814926049495385,-0.004357614038573,-0.0041943702405639,-0.1164246038907396,-0.1766172824237854,-0.1373232770907919,-0.1524643713004826,-0.0260596888205881,-0.0276597140284855,-0.0641702146075978,-0.1266760973113084,-0.0977185991261648,-0.1030609152391074,0.0031432964315106,0.0024263098865888,-0.1193559707653142,-0.1994281311659711,-0.1887158089232799,-0.2129439442978365,-0.047722125340837,-0.0481706839301534,1.116570093755059,0.833449787352384,-0.301754266335682,1.0315264652240324,0.1831327449045568,0.1827480852580912,0.0693637568349417,-0.3843649593527876,-0.4246718150208637,-0.2967639628362333,0.1430014050880673,0.1425252107913369,1.7461309114715131,0.6697089397432864,-1.0598683976058427,1.3565629720972598,0.1855973669005454,0.1854920038455318,-0.098458108535259,-0.5872166558822707,-0.5770993762832375,-0.5505393959876355,0.241128277049832,0.2414064458179459,0.0182794000374458,-0.0874901561101501,-0.1311553038955873,-0.0975235937715251,-0.1206134067031157,-0.1197924596125166
71988925,42,1,0.9999417,0.86890656,0.986838186,HIGH,CRITICAL,BOTH_HIGH,STRONG_CORROBORATION,0.13103514000000005,1,0,0.0,0.0,0.0,70807890,"Both XGBoost and GraphSAGE assign high fraud risk, providing strong corroborating model evidence.",-0.1729356104490853,0.1140353154467805,1.5735945770991024,-0.1219695997591005,-0.0637245732388369,-0.1130020092847624,-0.0615837940730322,-0.1635896150602666,-0.1694049199441359,-0.0497069643940398,-0.1658933226015379,-0.0287412858566647,-0.0353905526008135,-0.0631999532943942,-0.0132816148700588,-0.0567209376553565,-0.1711019826365197,-0.1729081406182527,-0.1761528021140809,-0.2432996524586214,-0.2434516511662217,-0.1397318353934957,-0.1489122912583328,-0.0801472696533522,-0.1556619610950121,-0.010763009512837,-0.0121074517774784,-0.1397336352164855,-0.148907590335988,-0.0801467358465918,-0.1556619311296846,-0.0106685610738475,-0.0120051821184178,-0.0246688306562535,-0.0312723904866303,-0.0230451563960962,-0.0262146551774309,0.0014278137097094,0.0014826437872997,-0.2272154464478222,-0.2393683687143703,-0.0752555315462277,-0.2349515175665409,0.0374680287743863,0.0434442213339417,-0.2272033238276858,-0.2432360925423977,-0.0978946778840727,-0.2358964234692872,0.0365766503766988,0.0423451348069101,-0.4139945074896283,-0.4883313082831462,-0.2325526205785921,-0.4675438895012608,0.0487668178548852,0.0529560645235839,-0.0391371018286373,-0.1728934277685357,-0.1631259900993975,-0.1609288397899669,-0.1964346530529631,-0.1961888389129267,-0.039132383483998,-0.172882387176571,-0.1631146528780142,-0.1609219537966905,-0.1964085394766894,-0.1961326277610877,-0.0170316758803496,-0.0300262352777919,-0.0176401196299049,-0.0150709000018306,-0.1407632224600331,-0.140334623887323,-0.0937595477424578,-0.2642452622225432,-0.250573517311816,-0.2633907373174538,-0.1691189058033812,-0.1671653815026433,-0.0590130547854711,-0.2624238875355379,-0.2551681497514608,-0.259251046036533,-0.1871909645279049,-0.1852736257916989,-0.2909147688160555,-0.7608863005165123,-0.6942351992761703,-0.7190463139092035,0.0253079828897598,0.0252169034660526,-0.1587724204377979,-0.1934291586406758,-0.1168167152870516,-0.1813079339852672,-0.0146587756915064,-0.0188487129543817,1.1891877836869318,1.197740991982524,-0.0834587840195169,1.1985064186187897,-0.0887977253698474,-0.0904370818830761,-0.1147586261139459,-0.1771661684057377,-0.1345464749557279,-0.1453418250005573,-0.0031749902209437,-0.0040940903633603,1.023860363345962,0.7874346980684294,-0.3499327749819623,0.9391059237493712,-0.004357614038573,-0.0041943702405639,-0.1164246038907396,-0.1766172824237854,-0.1373232770907919,-0.1524643713004826,-0.0260596888205881,-0.0276597140284855,-0.0931447270142624,-0.1437067244867594,-0.0977185991261648,-0.1274622504830055,0.0031432964315106,0.0024263098865888,-0.1036859029534564,-0.196614085244822,-0.1887158089232799,-0.2064754244615678,-0.047722125340837,-0.0481706839301534,1.1050365228942212,0.8233089380564718,-0.301754266335682,1.0202444766008238,0.1831327449045568,0.1827480852580912,0.4406355135446517,-0.269295295280996,-0.4246718150208637,-0.0733844915732211,0.1430014050880673,0.1425252107913369,-0.968902874660573,-1.943849738146609,-1.0598683976058427,-1.6789973509416565,0.1855973669005454,0.1854920038455318,0.3039531485475299,-0.4828683780518294,-0.5770993762832375,-0.3360865442281427,0.241128277049832,0.2414064458179459,-0.098888736679456,-0.106714613806669,-0.1311553038955873,-0.1836705632417872,-0.1206134067031157,-0.1197924596125166
73220440,42,1,0.9961953,0.8953023,0.986106,HIGH,CRITICAL,BOTH_HIGH,STRONG_CORROBORATION,0.10089300000000001,1,0,0.09264451615,0.09264451615,0.0,73220479,"Both XGBoost and GraphSAGE assign high fraud risk, providing strong corroborating model evidence.",-0.1726922539875461,0.1347536917033672,0.463609225588836,-0.1219695997591005,-0.0438745479173489,-0.1130020092847624,-0.0615837940730322,-0.1633401089723176,-0.1691589106750092,-0.0497069643940398,-0.1656440949556691,-0.0287412858566647,-0.0353905526008135,-0.0429552992580282,-0.0132816148700588,-0.055570798144751,-0.1709819682467144,-0.1728642194702975,-0.1759204070047034,-1.373657177393896,-1.37145982760274,-0.1397315997738737,-0.1489121409115454,-0.0801472696533522,-0.15566176144437,-0.010763009512837,-0.0121074517774784,-0.1397333995611016,-0.1489074399791868,-0.0801467358465918,-0.155661731457698,-0.0106685610738475,-0.0120051821184178,-0.0246688306562535,-0.0312723904866303,-0.0230451563960962,-0.0262146551774309,0.0014278137097094,0.0014826437872997,-0.2271776021001098,-0.2393327359622765,-0.0752555315462277,-0.2349144754679288,0.0374680287743863,0.0434442213339417,-0.2271639356229646,-0.2431975668197244,-0.0978946778840727,-0.2358572712132586,0.0365766503766988,0.0423451348069101,-0.4139720633436274,-0.4883126415727742,-0.2325526205785921,-0.4675223534191843,0.0487668178548852,0.0529560645235839,-0.0391509195284284,-0.1728954177878841,-0.1631259445821338,-0.160932850134024,-1.316342283664295,-1.3153883882753692,-0.0391464236690936,-0.1728844201020061,-0.1631146184786682,-0.1609260391129833,0.9235162990740676,0.9231101257685776,-0.0170316758803496,-0.0299426059661456,-0.0175512689061499,-0.014983607550145,-2.4284255232812764,-2.429065026252751,-0.0954026892728408,-0.2644164466322212,-0.2505651323520971,-0.263744373334667,-1.4717644946197317,-1.470277463738429,-0.059135245696468,-0.2624238875355379,-0.2551585658002615,-0.2592605460929804,1.1255896087380572,1.1280380290020882,-0.2938967893063032,-0.7619179736433814,-0.6941592657913241,-0.7209426021032811,1.135522751490673,1.135278702458467,-0.1501819570307633,-0.1866851009646901,-0.1168167152870516,-0.1729019569465871,-0.0146587756915064,-0.0188487129543817,1.1895080630525252,1.1980666744090347,-0.0834587840195169,1.1988312154627951,-0.0887977253698474,-0.0904370818830761,-0.0837487398996879,-0.1535933828519171,-0.1345464749557279,-0.1157189576559039,-0.0031749902209437,-0.0040940903633603,-0.0362376652899277,-0.2399526079820951,-0.3499327749819623,-0.1456674386509633,-0.004357614038573,-0.0041943702405639,-0.1164246038907396,-0.1766172824237854,-0.1373232770907919,-0.1524643713004826,-0.0260596888205881,-0.0276597140284855,-0.0907301843137071,-0.1422875055554718,-0.0977185991261648,-0.1254288058793473,0.0031432964315106,0.0024263098865888,-0.1245797235156994,-0.2003662177331006,-0.1887158089232799,-0.215100281378909,-0.047722125340837,-0.0481706839301534,1.102759766048965,0.8213071080655905,-0.301754266335682,1.018017382742736,0.1831327449045568,0.1827480852580912,-0.068369919908524,-0.4270532803139625,-0.4246718150208637,-0.3796328461542876,0.1430014050880673,0.1425252107913369,1.203124154245096,0.1469972041653072,-1.0598683976058427,0.7494509074894767,0.1855973669005454,0.1854920038455318,-0.2168143606184322,-0.6179073258324005,-0.5770993762832375,-0.6136137641521922,0.241128277049832,0.2414064458179459,-0.098888736679456,-0.106714613806669,-0.1311553038955873,-0.1836705632417872,-0.1206134067031157,-0.1197924596125166
73220626,42,1,0.9996618,0.8616515,0.98586077,HIGH,CRITICAL,BOTH_HIGH,STRONG_CORROBORATION,0.13801030000000003,1,0,0.0,0.0,0.0,73220628,"Both XGBoost and GraphSAGE assign high fraud risk, providing strong corroborating model evidence.",-0.1728004524329352,0.077123265794241,1.5735945770991024,-0.1219695997591005,-0.0637245732388369,-0.1130020092847624,-0.0615837940730322,-0.1634522487602553,-0.1692694788278642,-0.0497069643940398,-0.165756109598621,-0.0287412858566647,-0.0353905526008135,-0.0631999532943942,-0.0132816148700588,-0.054767136302778,-0.1709630266883451,-0.1729081406182527,-0.1758327767186566,-0.2432996524586214,-0.2434516511662217,-0.1397317771026077,-0.148912254063435,-0.0801472696533522,-0.155661911702635,-0.010763009512837,-0.0121074517774784,-0.1397335769167501,-0.1489075531386129,-0.0801467358465918,-0.155661881732027,-0.0106685610738475,-0.0120051821184178,-0.0246688306562535,-0.0312723904866303,-0.0230451563960962,-0.0262146551774309,0.0014278137097094,0.0014826437872997,-0.2272154464478222,-0.2393683687143703,-0.0752555315462277,-0.2349515175665409,0.0374680287743863,0.0434442213339417,-0.2272033238276858,-0.2432360925423977,-0.0978946778840727,-0.2358964234692872,0.0365766503766988,0.0423451348069101,-0.4139720633436274,-0.4883126415727742,-0.2325526205785921,-0.4675223534191843,0.0487668178548852,0.0529560645235839,-0.0391502123257926,-0.1728953564953791,-0.1631259900993975,-0.1609326853140024,-0.1964346530529631,-0.1961888389129267,-0.0391454966832607,-0.172884316055005,-0.1631146528780142,-0.1609257994648628,-0.1964085394766894,-0.1961326277610877,-0.0170316758803496,-0.0300262352777919,-0.0176401196299049,-0.0150709000018306,-0.1407632224600331,-0.140334623887323,-0.0953280010214598,-0.2644164466322212,-0.250573517311816,-0.2637361492412434,-0.1691189058033812,-0.1671653815026433,-0.0590130547854711,-0.2624238875355379,-0.2551681497514608,-0.259251046036533,-0.1871909645279049,-0.1852736257916989,-0.29379878320196,-0.7619447920970556,-0.6942351992761703,-0.7209344396912631,0.0253079828897598,0.0252169034660526,-0.1696163398659101,-0.2019423219697976,-0.1168167152870516,-0.1919189724593224,-0.0146587756915064,-0.0188487129543817,1.1895080630525252,1.1980666744090347,-0.0834587840195169,1.1988312154627951,-0.0887977253698474,-0.0904370818830761,-0.0888635206013837,-0.1574814857557085,-0.1345464749557279,-0.120604963014855,-0.0031749902209437,-0.0040940903633603,1.023860363345962,0.7874346980684294,-0.3499327749819623,0.9391059237493712,-0.004357614038573,-0.0041943702405639,-0.1164246038907396,-0.1766172824237854,-0.1373232770907919,-0.1524643713004826,-0.0260596888205881,-0.0276597140284855,-0.0931447270142624,-0.1437067244867594,-0.0977185991261648,-0.1274622504830055,0.0031432964315106,0.0024263098865888,-0.1235084372450682,-0.2001738351093336,-0.1887158089232799,-0.2146580601597604,-0.047722125340837,-0.0481706839301534,1.10263993674132,0.8212017485923861,-0.301754266335682,1.0179001672765209,0.1831327449045568,0.1827480852580912,-0.0542685214609443,-0.4226827803958279,-0.4246718150208637,-0.3711485947336974,0.1430014050880673,0.1425252107913369,1.7461309114715131,0.6697089397432864,-1.0598683976058427,1.3565629720972598,0.1855973669005454,0.1854920038455318,-0.1931431102017976,-0.6117691918423745,-0.5770993762832375,-0.6009988905192808,0.241128277049832,0.2414064458179459,-0.098888736679456,-0.106714613806669,-0.1311553038955873,-0.1836705632417872,-0.1206134067031157,-0.1197924596125166
71989395,42,1,0.99748516,0.8775423,0.985490874,HIGH,CRITICAL,BOTH_HIGH,STRONG_CORROBORATION,0.11994285999999998,2,0,0.0,0.0,0.0,"71483049,73209661","Both XGBoost and GraphSAGE assign high fraud risk, providing strong corroborating model evidence.",-0.1727311614868185,0.0811716841432292,0.463609225588836,-0.1219695997591005,-0.0637245732388369,-0.1130020092847624,-0.0615837940730322,-0.1633812529713106,-0.1691994780423405,-0.0497069643940398,-0.1656851930390664,-0.0287412858566647,-0.0353905526008135,-0.0631999532943942,-0.0132816148700588,-0.0537654883939039,-0.1708917886708613,-0.1729081406182527,-0.1756687105162812,-0.2432996524586214,-0.2434516511662217,-0.1397317469758038,-0.1489122348397892,-0.0801472696533522,-0.155661886174898,-0.010763009512837,-0.0121074517774784,-0.1397335467853736,-0.1489075339136866,-0.0801467358465918,-0.1556618562015608,-0.0106685610738475,-0.0120051821184178,-0.0246688306562535,-0.0312723904866303,-0.0230451563960962,-0.0262146551774309,0.0014278137097094,0.0014826437872997,-0.2272154464478222,-0.2393683687143703,-0.0752555315462277,-0.2349515175665409,0.0374680287743863,0.0434442213339417,-0.2272033238276858,-0.2432360925423977,-0.0978946778840727,-0.2358964234692872,0.0365766503766988,0.0423451348069101,-0.4140062443366196,-0.4883410697738911,-0.2325526205785921,-0.4675551514891356,0.0487668178548852,0.0529560645235839,-0.0391500894974029,-0.1728953384257049,-0.1631259900993975,-0.1609326492864194,-0.1964346530529631,-0.1961888389129267,-0.0391453738295557,-0.1728842979839105,-0.1631146528780142,-0.1609257634359294,-0.1964085394766894,-0.1961326277610877,-0.0170316758803496,-0.0300262352777919,-0.0176401196299049,-0.0150709000018306,-0.1407632224600331,-0.140334623887323,-0.0952533127700787,-0.2644082949936651,-0.250573517311816,-0.2637197010543963,-0.1691189058033812,-0.1671653815026433,-0.0590130547854711,-0.2624238875355379,-0.2551681497514608,-0.259251046036533,-0.1871909645279049,-0.1852736257916989,-0.293698849108679,-0.7619081142646341,-0.6942351992761703,-0.7208690141722529,0.0253079828897598,0.0252169034660526,-0.1705338918865986,-0.2026626584004462,-0.1168167152870516,-0.1928168193916994,-0.0146587756915064,-0.0188487129543817,1.1892518395600504,1.197806128467826,-0.0834587840195169,1.1985713779875906,-0.0887977253698474,-0.0904370818830761,-0.1600814514582428,-0.2116192210597375,-0.1345464749557279,-0.1886374383279513,-0.0031749902209437,-0.0040940903633603,0.4938113490280171,0.2737410450431671,-0.3499327749819623,0.3967192425492039,-0.004357614038573,-0.0041943702405639,-0.1164246038907396,-0.1766172824237854,-0.1373232770907919,-0.1524643713004826,-0.0260596888205881,-0.0276597140284855,-0.0931447270142624,-0.1437067244867594,-0.0977185991261648,-0.1274622504830055,0.0031432964315106,0.0024263098865888,-0.1233059506442328,-0.2001374723698733,-0.1887158089232799,-0.2145744747783946,-0.047722125340837,-0.0481706839301534,1.1023703207991185,0.8209646897776766,-0.301754266335682,1.0176364324775369,0.1831327449045568,0.1827480852580912,-0.1539719050645631,-0.4535842283264869,-0.4246718150208637,-0.4311361610109874,0.1430014050880673,0.1425252107913369,0.1171106397922615,-0.898426266990651,-1.0598683976058427,-0.4647732217260898,0.1855973669005454,0.1854920038455318,-0.1694718597851629,-0.6056310578523486,-0.5770993762832375,-0.5883840168863694,0.241128277049832,0.2414064458179459,-0.098888736679456,-0.106714613806669,-0.1311553038955873,-0.1836705632417872,-0.1206134067031157,-0.1197924596125166
72641071,42,1,0.9998202,0.8557941,0.98541759,HIGH,CRITICAL,BOTH_HIGH,STRONG_CORROBORATION,0.14402610000000005,1,0,0.0,0.0,0.0,72409541,"Both XGBoost and GraphSAGE assign high fraud risk, providing strong corroborating model evidence.",-0.1729248397657604,0.004728020024099,1.018601901343969,-0.1219695997591005,-0.0637245732388369,-0.1130020092847624,-0.0615837940730322,-0.1635813202791076,-0.1693967414140356,-0.0497069643940398,-0.1658850370771314,-0.0287412858566647,-0.0353905526008135,-0.0631999532943942,-0.0132816148700588,-0.056565240078196,-0.1710909092976492,-0.1729081406182527,-0.1761272994299766,-0.2432996524586214,-0.2434516511662217,-0.1397318318736356,-0.1489122890123413,-0.0801472696533522,-0.1556619581124833,-0.010763009512837,-0.0121074517774784,-0.1397336316960911,-0.1489075880898469,-0.0801467358465918,-0.1556619281468369,-0.0106685610738475,-0.0120051821184178,-0.0246688306562535,-0.0312723904866303,-0.0230451563960962,-0.0262146551774309,0.0014278137097094,0.0014826437872997,-0.2272154464478222,-0.2393683687143703,-0.0752555315462277,-0.2349515175665409,0.0374680287743863,0.0434442213339417,-0.2272033238276858,-0.2432360925423977,-0.0978946778840727,-0.2358964234692872,0.0365766503766988,0.0423451348069101,-0.4139826676878388,-0.4883214611652894,-0.2325526205785921,-0.4675325287240186,0.0487668178548852,0.0529560645235839,-0.0391312267543373,-0.1728925634677106,-0.1631259900993975,-0.1609271165342304,-0.1964346530529631,-0.1961888389129267,-0.0391265071988299,-0.1728815228078151,-0.1631146528780142,-0.1609202304763634,-0.1964085394766894,-0.1961326277610877,-0.0170316758803496,-0.0300262352777919,-0.0176401196299049,-0.0150709000018306,-0.1407632224600331,-0.140334623887323,-0.0937595477424578,-0.2642452622225432,-0.250573517311816,-0.2633907373174538,-0.1691189058033812,-0.1671653815026433,-0.0590130547854711,-0.2624238875355379,-0.2551681497514608,-0.259251046036533,-0.1871909645279049,-0.1852736257916989,-0.2929651850515106,-0.7616388447244905,-0.6942351992761703,-0.7203886940918538,0.0253079828897598,0.0252169034660526,-0.1706732056294683,-0.2027720285091881,-0.1168167152870516,-0.1929531412719342,-0.0146587756915064,-0.0188487129543817,1.189411979242847,1.1979689696810816,-0.0834587840195169,1.1987337764095936,-0.0887977253698474,-0.0904370818830761,-0.1696619402997504,-0.2189020213706201,-0.1345464749557279,-0.1977894083831791,-0.0031749902209437,-0.0040940903633603,-0.5662866796078726,-0.7536462610073574,-0.3499327749819623,-0.6880541198511307,-0.004357614038573,-0.0041943702405639,-0.1164246038907396,-0.1766172824237854,-0.1373232770907919,-0.1524643713004826,-0.0260596888205881,-0.0276597140284855,-0.0931447270142624,-0.1437067244867594,-0.0977185991261648,-0.1274622504830055,0.0031432964315106,0.0024263098865888,0.5246644772511616,-0.0837743167321888,-0.1887158089232799,0.0529042379164654,-0.047722125340837,-0.0481706839301534,1.1032690406064565,0.8217548858267086,-0.301754266335682,1.0185155484741504,0.1831327449045568,0.1827480852580912,1.6763396238550032,0.1136911675883609,-0.4246718150208637,0.6700895966388815,0.1430014050880673,0.1425252107913369,2.289137668697931,1.1924206753212654,-1.0598683976058427,1.9636750367050433,0.1855973669005454,0.1854920038455318,0.5643369031305111,-0.4153489041615438,-0.5770993762832375,-0.197322934266118,0.241128277049832,0.2414064458179459,-0.098888736679456,-0.106714613806669,-0.1311553038955873,-0.1836705632417872,-0.1206134067031157,-0.1197924596125166
72631022,42,1,0.99974316,0.8549077,0.985259614,HIGH,CRITICAL,BOTH_HIGH,STRONG_CORROBORATION,0.14483545999999992,2,1,0.4826034453465,0.95998086,0.5,"72301118,73031052","Both XGBoost and GraphSAGE assign high fraud risk, providing strong corroborating model evidence.",-0.1726748609846679,0.042354496444107,1.018601901343969,-0.1219695997591005,-0.0637245732388369,-0.1130020092847624,-0.0615837940730322,-0.1633246170341958,-0.1691436358558414,-0.0497069643940398,-0.1656286203061334,-0.0287412858566647,-0.0353905526008135,-0.0631999532943942,-0.0132816148700588,-0.0529516262169791,-0.1708339061280282,-0.1729081406182527,-0.1755354029184297,-0.2432996524586214,-0.2434516511662217,-0.1397317122481239,-0.1489122126803652,-0.0801472696533522,-0.1556618567486409,-0.010763009512837,-0.0121074517774784,-0.1397335120524229,-0.1489075117527867,-0.0801467358465918,-0.1556618267721578,-0.0106685610738475,-0.0120051821184178,-0.0246688306562535,-0.0312723904866303,-0.0230451563960962,-0.0262146551774309,0.0014278137097094,0.0014826437872997,-0.2272059853608941,-0.2393594605263469,-0.0752555315462277,-0.2349422570418879,0.0374680287743863,0.0434442213339417,-0.2271934767765055,-0.2432264611117294,-0.0978946778840727,-0.23588663540528,0.0365766503766988,0.0423451348069101,-0.4139826676878388,-0.4883214611652894,-0.2325526205785921,-0.4675325287240186,0.0487668178548852,0.0529560645235839,-0.0391462913341703,-0.1728947796658581,-0.1631259900993975,-0.1609315352227932,-0.1964346530529631,-0.1961888389129267,-0.0391415748835119,-0.1728837391801473,-0.1631146528780142,-0.1609246493305462,-0.1964085394766894,-0.1961326277610877,-0.0170316758803496,-0.0300262352777919,-0.0176401196299049,-0.0150709000018306,-0.1407632224600331,-0.140334623887323,-0.0949545597645546,-0.2643756884394407,-0.250573517311816,-0.2636539083070078,-0.1691189058033812,-0.1671653815026433,-0.0587686729634771,-0.2624052301988505,-0.2551681497514608,-0.2592130458107434,-0.1871909645279049,-0.1852736257916989,-0.2936466648747599,-0.7618889615958713,-0.6942351992761703,-0.7208348498497859,0.0253079828897598,0.0252169034660526,-0.1697443327004859,-0.2020428044487504,-0.1168167152870516,-0.1920442165558957,-0.0146587756915064,-0.0188487129543817,1.189411979242847,1.1979689696810816,-0.0834587840195169,1.1987337764095936,-0.0887977253698474,-0.0904370818830761,-0.0708117456867936,-0.1437590678149481,-0.1345464749557279,-0.1033606129409559,-0.0031749902209437,-0.0040940903633603,0.4938113490280171,0.2737410450431671,-0.3499327749819623,0.3967192425492039,-0.004357614038573,-0.0041943702405639,-0.1164246038907396,-0.1766172824237854,-0.1373232770907919,-0.1524643713004826,-0.0260596888205881,-0.0276597140284855,-0.0931447270142624,-0.1437067244867594,-0.0977185991261648,-0.1274622504830055,0.0031432964315106,0.0024263098865888,0.0738954548982022,-0.1647238533878524,-0.1887158089232799,-0.1331707936452444,-0.047722125340837,-0.0481706839301534,1.1023703207991185,0.8209646897776766,-0.301754266335682,1.0176364324775369,0.1831327449045568,0.1827480852580912,2.723484911577976,0.4382368792268963,-0.4246718150208637,1.300115329757069,0.1430014050880673,0.1425252107913369,2.289137668697931,1.1924206753212654,-1.0598683976058427,1.9636750367050433,0.1855973669005454,0.1854920038455318,1.0140906610465694,-0.2987243583510506,-0.5770993762832375,0.0423596647591973,0.241128277049832,0.2414064458179459,0.0182794000374458,-0.0874901561101501,-0.1311553038955873,-0.0975235937715251,-0.1206134067031157,-0.1197924596125166
71451822,42,1,0.9928543,0.91454315,0.985023185,HIGH,CRITICAL,BOTH_HIGH,STRONG_CORROBORATION,0.07831115,3,1,0.4948675366445,0.988911305,0.5,"71756544,43662693,70781861","Both XGBoost and GraphSAGE assign high fraud risk, providing strong corroborating model evidence.",-0.1728635525604803,0.0537853247236031,1.018601901343969,-0.1219695997591005,-0.0438745479173489,-0.1130020092847624,-0.0615837940730322,-0.1635173913494274,-0.1693337084459988,-0.0497069643940398,-0.1658211794904165,-0.0287412858566647,-0.0353905526008135,-0.0429552992580282,-0.0132816148700588,-0.0571500337516263,-0.1710457637727454,-0.1728084542322069,-0.1761232062729245,-1.373657177393896,-1.37145982760274,-0.1397318047456276,-0.1489122717022005,-0.0801472696533522,-0.155661935125755,-0.010763009512837,-0.0121074517774784,-0.1397336045639657,-0.1489075707785531,-0.0801467358465918,-0.1556619051576512,-0.0106685610738475,-0.0120051821184178,-0.0246688306562535,-0.0312723904866303,-0.0230451563960962,-0.0262146551774309,0.0014278137097094,0.0014826437872997,-0.2272154464478222,-0.2393683687143703,-0.0752555315462277,-0.2349515175665409,0.0374680287743863,0.0434442213339417,-0.2272033238276858,-0.2432360925423977,-0.0978946778840727,-0.2358964234692872,0.0365766503766988,0.0423451348069101,-0.4140197314151798,-0.4883522869255366,-0.2325526205785921,-0.4675680928962549,0.0487668178548852,0.0529560645235839,-0.0391511089873344,-0.1728952022304946,-0.1631256853730267,-0.1609326630289759,-1.316342283664295,-1.3153883882753692,-0.0391463935296067,-0.1728841617779958,-0.1631143481486091,-0.160925777179001,-1.3163333780274464,-1.315375381290753,-0.0170316758803496,-0.0300262352777919,-0.0176401196299049,-0.0150709000018306,-0.1407632224600331,-0.140334623887323,-0.0954026892728408,-0.2643838400779968,-0.2505315925132212,-0.2637114769609727,-1.4717644946197317,-1.470277463738429,-0.0590130547854711,-0.2624052301988505,-0.2551489818490621,-0.2592320459236382,-1.4999715377938674,-1.498585280585486,-0.2937773825247494,-0.7619369376159003,-0.6942351992761703,-0.7209204289531086,0.0253079828897598,0.0252169034660526,-0.1274544278887572,-0.1688425516045685,-0.1168167152870516,-0.1506625178079267,-0.0146587756915064,-0.0188487129543817,1.1891877836869318,1.197740991982524,-0.0834587840195169,1.1985064186187897,-0.0887977253698474,-0.0904370818830761,0.0849378835248849,-0.0253628704175557,-0.1345464749557279,0.0454226032643054,-0.0031749902209437,-0.0040940903633603,1.5539093776639068,1.3011283510936915,-0.3499327749819623,1.4814926049495385,-0.004357614038573,-0.0041943702405639,-0.1164246038907396,-0.1766172824237854,-0.1373232770907919,-0.1524643713004826,-0.0260596888205881,-0.0276597140284855,-0.0617556719070424,-0.1252568783800208,-0.0977185991261648,-0.1010274706354492,0.0031432964315106,0.0024263098865888,-0.1248652497751597,-0.1761486022396383,-0.1579032796152897,-0.1873252455933725,-1.159648797029665,-1.1601288555070002,1.102190576837651,0.8209120100410744,-0.3014794116325738,1.0175192170113216,1.342003002186918,1.3407327277377104,-0.0812928450807291,-0.000189277469597,0.1021811779884429,0.0308053224003999,-1.015963373517306,-1.0162304272806977,1.203124154245096,0.6697089397432864,-0.4533295316850304,1.0530069397933683,-1.1169181674273414,-1.116948469117354,-0.2168143606184322,-0.4828683780518294,-0.4126945203403537,-0.4748501541901674,-0.979073766855825,-0.9785560465643004,-0.098888736679456,-0.0874901561101501,-0.0846742330262522,-0.1405970785066562,-1.7609264293068194,-1.760984402318598
72302236,42,1,0.9929495,0.9125548,0.98491003,HIGH,CRITICAL,BOTH_HIGH,STRONG_CORROBORATION,0.08039470000000004,2,1,0.995469383,0.995469383,1.0,"72009234,72631257","Both XGBoost and GraphSAGE assign high fraud risk, providing strong corroborating model evidence.",-0.1712622982105257,0.0252082540248629,0.463609225588836,-0.1219695997591005,-0.0438745479173489,-0.1130020092847624,-0.0615837940730322,-0.1618797845148735,-0.167719052612159,-0.0497069643940398,-0.1641854001810242,-0.0287412858566647,-0.0353905526008135,-0.0429552992580282,-0.0132816148700588,-0.0534176174909989,-0.169664966766363,-0.1715265875788809,-0.1742274916452763,0.8870578724766534,0.8845565252702963,-0.1397311098331443,-0.148911828284719,-0.0801472696533522,-0.1556613462965128,-0.010763009512837,-0.0121074517774784,-0.1397329095460099,-0.148907127331538,-0.0801467358465918,-0.1556613162654573,-0.0106685610738475,-0.0120051821184178,-0.0246688306562535,-0.0312723904866303,-0.0230451563960962,-0.0262146551774309,0.0014278137097094,0.0014826437872997,-0.2272154464478222,-0.2393683687143703,-0.0752555315462277,-0.2349515175665409,0.0374680287743863,0.0434442213339417,-0.2272033238276858,-0.2432360925423977,-0.0978946778840727,-0.2358964234692872,0.0365766503766988,0.0423451348069101,-0.4139929288493897,-0.4883299953340986,-0.2325526205785921,-0.4675423747309618,0.0487668178548852,0.0529560645235839,-0.0391499578570601,-0.1728951242304071,-0.1631257826407108,-0.1609324164474103,0.9234729775583688,0.9230107104495158,-0.0391452421620815,-0.1728840837717779,-0.1631144454172618,-0.1609255305881931,0.9235162990740676,0.9231101257685776,-0.0170316758803496,-0.0300262352777919,-0.0176401196299049,-0.0150709000018306,-0.1407632224600331,-0.140334623887323,-0.0954026892728408,-0.2644164466322212,-0.2505651323520971,-0.263744373334667,-1.4717644946197317,-1.470277463738429,-0.0590130547854711,-0.2624238875355379,-0.2551681497514608,-0.259251046036533,-0.1871909645279049,-0.1852736257916989,-0.2938054026306468,-0.7357081597042303,-0.6625029896036422,-0.6975362966016363,-1.0849067857111534,-1.0848448955263614,-0.1665113403258925,-0.1995047007391851,-0.1168167152870516,-0.1888806550133595,-0.0146587756915064,-0.0188487129543817,1.1893479233697284,1.1979038331957794,-0.0834587840195169,1.1986688170407924,-0.0887977253698474,-0.0904370818830761,0.0582058745207154,-0.0456837420042549,-0.1345464749557279,0.0198862710406001,-0.0031749902209437,-0.0040940903633603,1.5539093776639068,1.3011283510936915,-0.3499327749819623,1.4814926049495385,-0.004357614038573,-0.0041943702405639,-0.1164246038907396,-0.1766172824237854,-0.1373232770907919,-0.1524643713004826,-0.0260596888205881,-0.0276597140284855,-0.0665847573081531,-0.128095316242596,-0.0977185991261648,-0.1050943598427655,0.0031432964315106,0.0024263098865888,-0.1211077381425347,-0.1968528032221352,-0.185046687806664,-0.2103456095607014,-1.159648797029665,-1.1601288555070002,1.102340363472207,0.8745926616386561,-0.1617845087778116,1.047453116696016,-0.9757375123778044,-0.9752365572215276,-0.0792023718911077,-0.1591608100884164,-0.0929963135339403,-0.1228678797293695,-1.015963373517306,-1.0162304272806977,1.203124154245096,0.6697089397432864,-0.4533295316850304,1.0530069397933683,-1.1169181674273414,-1.116948469117354,-0.2168143606184322,-0.4644539760817515,-0.3902756763481423,-0.4559278437408004,-0.979073766855825,-0.9785560465643004,-0.098888736679456,-0.0874901561101501,-0.0846742330262522,-0.1405970785066562,-1.7609264293068194,-1.760984402318598
73218914,42,1,0.9986534,0.8585669,0.98464475,HIGH,CRITICAL,BOTH_HIGH,STRONG_CORROBORATION,0.1400865,1,0,0.0,0.0,0.0,73218916,"Both XGBoost and GraphSAGE assign high fraud risk, providing strong corroborating model evidence.",-0.1720983860175931,0.1554720679599539,1.5735945770991024,-0.1219695997591005,-0.0637245732388369,-0.1130020092847624,-0.0615837940730322,-0.1627319779273805,-0.1685593025647303,-0.0497069643940398,-0.1650366425686142,-0.0287412858566647,-0.0353905526008135,-0.0631999532943942,-0.0132816148700588,-0.044618287192916,-0.170241232249478,-0.1729081406182527,-0.1741704329777234,-0.2432996524586214,-0.2434516511662217,-0.1397312856700524,-0.1489119404846878,-0.0801472696533522,-0.1556614952906895,-0.010763009512837,-0.0121074517774784,-0.1397330854096062,-0.1489072395389798,-0.0801467358465918,-0.155661465275563,-0.0106685610738475,-0.0120051821184178,-0.0246688306562535,-0.0312723904866303,-0.0230451563960962,-0.0262146551774309,0.0014278137097094,0.0014826437872997,-0.2272059853608941,-0.2393594605263469,-0.0752555315462277,-0.2349422570418879,0.0374680287743863,0.0434442213339417,-0.2271934767765055,-0.2432264611117294,-0.0978946778840727,-0.23588663540528,0.0365766503766988,0.0423451348069101,-0.4139003381675694,-0.4882529880182216,-0.2325526205785921,-0.4674535301599493,0.0487668178548852,0.0529560645235839,-0.0391418311778426,-0.1728941235181061,-0.1631259900993975,-0.1609302269857251,-0.1964346530529631,-0.1961888389129267,-0.0391371138079344,-0.1728830829808247,-0.1631146528780142,-0.1609233410444431,-0.1964085394766894,-0.1961326277610877,-0.0170316758803496,-0.0300262352777919,-0.0176401196299049,-0.0150709000018306,-0.1407632224600331,-0.140334623887323,-0.0938342359938388,-0.2642534138610993,-0.250573517311816,-0.2634071855043009,-0.1691189058033812,-0.1671653815026433,-0.0588908638744741,-0.2624145588671942,-0.2551681497514608,-0.2592320459236382,-0.1871909645279049,-0.1852736257916989,0.7143921972304351,-0.3919183215000166,-0.6942351992761703,-0.0608852413592135,0.0253079828897598,0.0252169034660526,-0.1690632327201844,-0.201508097840664,-0.1168167152870516,-0.1913777436866008,-0.0146587756915064,-0.0188487129543817,1.1895080630525252,1.1980666744090347,-0.0834587840195169,1.1988312154627951,-0.0887977253698474,-0.0904370818830761,-0.0665216427948888,-0.1404978602511423,-0.1345464749557279,-0.0992623989719095,-0.0031749902209437,-0.0040940903633603,-1.0963356939258175,-1.2673399140326196,-0.3499327749819623,-1.230440801051298,-0.004357614038573,-0.0041943702405639,-0.1164246038907396,-0.1766172824237854,-0.1373232770907919,-0.1524643713004826,-0.0260596888205881,-0.0276597140284855,-0.0931447270142624,-0.1437067244867594,-0.0977185991261648,-0.1274622504830055,0.0031432964315106,0.0024263098865888,-0.0417642015788331,-0.1854941262710635,-0.1887158089232799,-0.1809144786860707,-0.047722125340837,-0.0481706839301534,1.9159514050552944,1.53630283309815,-0.301754266335682,1.8134708403453104,0.1831327449045568,0.1827480852580912,0.6781892850925403,-0.195669353643923,-0.4246718150208637,0.0695421785165586,0.1430014050880673,0.1425252107913369,-0.4258961174341557,-1.4211380025686302,-1.0598683976058427,-1.071885286333873,0.1855973669005454,0.1854920038455318,0.8720631585467615,-0.3355531622912064,-0.5770993762832375,-0.0333295770382706,0.241128277049832,0.2414064458179459,0.0182794000374458,-0.0874901561101501,-0.1311553038955873,-0.0975235937715251,-0.1206134067031157,-0.1197924596125166
73218990,42,1,0.999006,0.8499239,0.98409779,HIGH,CRITICAL,BOTH_HIGH,STRONG_CORROBORATION,0.1490821,1,0,0.0,0.0,0.0,73218994,"Both XGBoost and GraphSAGE assign high fraud risk, providing strong corroborating model evidence.",-0.1723600423846731,0.1230847211680482,1.5735945770991024,-0.1219695997591005,-0.0637245732388369,-0.1130020092847624,-0.0615837940730322,-0.1630004984442723,-0.168824059776264,-0.0497069643940398,-0.1653048634238347,-0.0287412858566647,-0.0353905526008135,-0.0631999532943942,-0.0132816148700588,-0.0484007085281322,-0.1705102411445416,-0.1729081406182527,-0.1747899795257215,-0.2432996524586214,-0.2434516511662217,-0.1397315854040099,-0.148912131742263,-0.0801472696533522,-0.1556617492681662,-0.010763009512837,-0.0121074517774784,-0.1397333851890567,-0.1489074308092937,-0.0801467358465918,-0.1556617192801924,-0.0106685610738475,-0.0120051821184178,-0.0246688306562535,-0.0312723904866303,-0.0230451563960962,-0.0262146551774309,0.0014278137097094,0.0014826437872997,-0.2272154464478222,-0.2393683687143703,-0.0752555315462277,-0.2349515175665409,0.0374680287743863,0.0434442213339417,-0.2272033238276858,-0.2432360925423977,-0.0978946778840727,-0.2358964234692872,0.0365766503766988,0.0423451348069101,-0.4139720633436274,-0.4883126415727742,-0.2325526205785921,-0.4675223534191843,0.0487668178548852,0.0529560645235839,-0.0391491597191418,-0.1728952016430742,-0.1631259900993975,-0.1609323765671923,-0.1964346530529631,-0.1961888389129267,-0.039144443859665,-0.1728841611905293,-0.1631146528780142,-0.1609254907064804,-0.1964085394766894,-0.1961326277610877,-0.0170316758803496,-0.0300262352777919,-0.0176401196299049,-0.0150709000018306,-0.1407632224600331,-0.140334623887323,-0.0953280010214598,-0.2644164466322212,-0.250573517311816,-0.2637361492412434,-0.1691189058033812,-0.1671653815026433,-0.0588908638744741,-0.2624145588671942,-0.2551681497514608,-0.2592320459236382,-0.1871909645279049,-0.1852736257916989,-0.2930341427891895,-0.7616641536082128,-0.6942351992761703,-0.7204338398036852,0.0253079828897598,0.0252169034660526,-0.1705058839635069,-0.2026406704075097,-0.1168167152870516,-0.1927894129588616,-0.0146587756915064,-0.0188487129543817,1.1895080630525252,1.1980666744090347,-0.0834587840195169,1.1988312154627951,-0.0887977253698474,-0.0904370818830761,-0.0970858473356614,-0.1637318519621944,-0.1345464749557279,-0.128459519217706,-0.0031749902209437,-0.0040940903633603,-0.0362376652899277,-0.2399526079820951,-0.3499327749819623,-0.1456674386509633,-0.004357614038573,-0.0041943702405639,-0.1164246038907396,-0.1766172824237854,-0.1373232770907919,-0.1524643713004826,-0.0260596888205881,-0.0276597140284855,-0.0931447270142624,-0.1437067244867594,-0.0977185991261648,-0.1274622504830055,0.0031432964315106,0.0024263098865888,-0.0938630821762119,-0.1948500935969067,-0.1887158089232799,-0.2024206167984103,-0.047722125340837,-0.0481706839301534,1.1035985712024805,0.8220446243780204,-0.301754266335682,1.018837891006242,0.1831327449045568,0.1827480852580912,0.9246224034838948,-0.1192914023535722,-0.4246718150208637,0.2178111989661726,0.1430014050880673,0.1425252107913369,2.289137668697931,1.1924206753212654,-1.0598683976058427,1.9636750367050433,0.1855973669005454,0.1854920038455318,0.2802818981308953,-0.4890065120418553,-0.5770993762832375,-0.3487014178610541,0.241128277049832,0.2414064458179459,0.0182794000374458,-0.0874901561101501,-0.1311553038955873,-0.0975235937715251,-0.1206134067031157,-0.1197924596125166
72628700,42,1,0.9995448,0.8422124,0.98381156,HIGH,CRITICAL,BOTH_HIGH,STRONG_CORROBORATION,0.15733240000000004,2,1,0.4826034453465,0.95998086,0.5,"72301118,73031052","Both XGBoost and GraphSAGE assign high fraud risk, providing strong corroborating model evidence.",-0.1712249264788167,0.0840293912131032,1.5735945770991024,-0.1219695997591005,-0.0637245732388369,-0.1130020092847624,-0.0615837940730322,-0.1618400812121739,-0.1676799057498145,-0.0497069643940398,-0.164145741186142,-0.0287412858566647,-0.0353905526008135,-0.0631999532943942,-0.0132816148700588,-0.0319918335285679,-0.1693432285508435,-0.1729081406182527,-0.1721022668249017,-0.2432996524586214,-0.2434516511662217,-0.1397310929851927,-0.1489118175341908,-0.0801472696533522,-0.1556613320205186,-0.010763009512837,-0.0121074517774784,-0.1397328926955011,-0.1489071165802937,-0.0801467358465918,-0.1556613019879369,-0.0106685610738475,-0.0120051821184178,-0.0246688306562535,-0.0312723904866303,-0.0230451563960962,-0.0262146551774309,0.0014278137097094,0.0014826437872997,-0.2272154464478222,-0.2393683687143703,-0.0752555315462277,-0.2349515175665409,0.0374680287743863,0.0434442213339417,-0.2272033238276858,-0.2432360925423977,-0.0978946778840727,-0.2358964234692872,0.0365766503766988,0.0423451348069101,-0.4139826676878388,-0.4883214611652894,-0.2325526205785921,-0.4675325287240186,0.0487668178548852,0.0529560645235839,-0.0391462913341703,-0.1728947796658581,-0.1631259900993975,-0.1609315352227932,-0.1964346530529631,-0.1961888389129267,-0.0391415748835119,-0.1728837391801473,-0.1631146528780142,-0.1609246493305462,-0.1964085394766894,-0.1961326277610877,-0.0170316758803496,-0.0300262352777919,-0.0176401196299049,-0.0150709000018306,-0.1407632224600331,-0.140334623887323,-0.0949545597645546,-0.2643756884394407,-0.250573517311816,-0.2636539083070078,-0.1691189058033812,-0.1671653815026433,-0.0587686729634771,-0.2624052301988505,-0.2551681497514608,-0.2592130458107434,-0.1871909645279049,-0.1852736257916989,-0.2936466648747599,-0.7618889615958713,-0.6942351992761703,-0.7208348498497859,0.0253079828897598,0.0252169034660526,-0.1697443327004859,-0.2020428044487504,-0.1168167152870516,-0.1920442165558957,-0.0146587756915064,-0.0188487129543817,1.189411979242847,1.1979689696810816,-0.0834587840195169,1.1987337764095936,-0.0887977253698474,-0.0904370818830761,-0.0708117456867936,-0.1437590678149481,-0.1345464749557279,-0.1033606129409559,-0.0031749902209437,-0.0040940903633603,0.4938113490280171,0.2737410450431671,-0.3499327749819623,0.3967192425492039,-0.004357614038573,-0.0041943702405639,-0.1164246038907396,-0.1766172824237854,-0.1373232770907919,-0.1524643713004826,-0.0260596888205881,-0.0276597140284855,-0.0931447270142624,-0.1437067244867594,-0.0977185991261648,-0.1274622504830055,0.0031432964315106,0.0024263098865888,0.0738954548982022,-0.1647238533878524,-0.1887158089232799,-0.1331707936452444,-0.047722125340837,-0.0481706839301534,1.1023703207991185,0.8209646897776766,-0.301754266335682,1.0176364324775369,0.1831327449045568,0.1827480852580912,2.723484911577976,0.4382368792268963,-0.4246718150208637,1.300115329757069,0.1430014050880673,0.1425252107913369,2.289137668697931,1.1924206753212654,-1.0598683976058427,1.9636750367050433,0.1855973669005454,0.1854920038455318,1.0140906610465694,-0.2987243583510506,-0.5770993762832375,0.0423596647591973,0.241128277049832,0.2414064458179459,0.0182794000374458,-0.0874901561101501,-0.1311553038955873,-0.0975235937715251,-0.1206134067031157,-0.1197924596125166
72640345,42,1,0.99314344,0.896833,0.983512396,HIGH,CRITICAL,BOTH_HIGH,STRONG_CORROBORATION,0.09631044,2,0,0.0,0.0,0.0,"73002677,72302225","Both XGBoost and GraphSAGE assign high fraud risk, providing strong corroborating model evidence.",-0.17248282273745,0.0480699105838551,1.018601901343969,-0.1219695997591005,-0.0438745479173489,-0.1130020092847624,-0.0615837940730322,-0.1631279910957702,-0.1689497656228501,-0.0497069643940398,-0.1654322137969642,-0.0287412858566647,-0.0353905526008135,-0.0429552992580282,-0.0132816148700588,-0.0539219883572946,-0.1708839166901704,-0.1728863011555877,-0.1756724627075934,0.8870578724766534,0.8845565252702963,-0.1397316395050512,-0.1489121662636568,-0.0801472696533522,-0.155661795110306,-0.010763009512837,-0.0121074517774784,-0.1397334392983094,-0.1489074653329868,-0.0801467358465918,-0.1556617651272331,-0.0106685610738475,-0.0120051821184178,-0.0246688306562535,-0.0312723904866303,-0.0230451563960962,-0.0262146551774309,0.0014278137097094,0.0014826437872997,-0.2272154464478222,-0.2393683687143703,-0.0752555315462277,-0.2349515175665409,0.0374680287743863,0.0434442213339417,-0.2272033238276858,-0.2432360925423977,-0.0978946778840727,-0.2358964234692872,0.0365766503766988,0.0423451348069101,-0.4139826676878388,-0.4883214611652894,-0.2325526205785921,-0.4675325287240186,0.0487668178548852,0.0529560645235839,-0.0391506896689977,-0.1728921370942637,-0.1631224872314767,-0.160929545875581,-1.316342283664295,-1.3153883882753692,-0.0391459741248475,-0.1728810964008568,-0.1631111499752136,-0.1609226599087698,-1.3163333780274464,-1.315375381290753,-0.0170316758803496,-0.0300262352777919,-0.0176401196299049,-0.0150709000018306,-0.1407632224600331,-0.140334623887323,-0.0954026892728408,-0.2642534138610993,-0.2503974331577179,-0.2635798914661957,-1.4717644946197317,-1.470277463738429,-0.0590130547854711,-0.2624238875355379,-0.2551681497514608,-0.259251046036533,-0.1871909645279049,-0.1852736257916989,-0.2938624068369107,-0.7600350445859078,-0.6918974063820877,-0.719251973032626,-1.0849067857111534,-1.0848448955263614,-0.1706721022110788,-0.2027711622558899,-0.1168167152870516,-0.1929520615502467,-0.0146587756915064,-0.0188487129543817,1.189411979242847,1.1979689696810816,-0.0834587840195169,1.1987337764095936,-0.0887977253698474,-0.0904370818830761,-0.075822052380241,-0.147567752710709,-0.1345464749557279,-0.1081468172343395,-0.0031749902209437,-0.0040940903633603,1.023860363345962,0.7874346980684294,-0.3499327749819623,0.9391059237493712,-0.004357614038573,-0.0041943702405639,-0.1164246038907396,-0.1766172824237854,-0.1373232770907919,-0.1524643713004826,-0.0260596888205881,-0.0276597140284855,-0.0931447270142624,-0.1437067244867594,-0.0977185991261648,-0.1274622504830055,0.0031432964315106,0.0024263098865888,-0.1242300724475965,-0.1900049411522436,-0.1756405347253153,-0.2031196158674794,-1.159648797029665,-1.1601288555070002,1.1023703207991185,0.8254688072571595,-0.2900042277778048,1.0201419130678857,-0.9757375123778044,-0.9752365572215276,-0.0728359308136243,-0.1749900674275973,-0.1147645524983818,-0.1363169686746654,-1.015963373517306,-1.0162304272806977,0.6601173970186788,0.6697089397432864,0.1532093342357819,0.7494509074894767,1.4881129012284324,1.487932476808418,-0.2168143606184322,-0.3785201002213881,-0.2856544043844891,-0.3676237283104211,-0.979073766855825,-0.9785560465643004,-0.098888736679456,-0.106714613806669,-0.1311553038955873,-0.1836705632417872,-0.1206134067031157,-0.1197924596125166
71450190,42,1,0.99872273,0.84608793,0.98345925,HIGH,CRITICAL,BOTH_HIGH,STRONG_CORROBORATION,0.15263479999999996,1,0,0.0,0.0,0.0,72320953,"Both XGBoost and GraphSAGE assign high fraud risk, providing strong corroborating model evidence.",-0.1727085279010489,0.1407072480989381,0.463609225588836,-0.1219695997591005,-0.0637245732388369,-0.1130020092847624,-0.0615837940730322,-0.1633566111532174,-0.169175181578439,-0.0497069643940398,-0.1656605787205791,-0.0287412858566647,-0.0353905526008135,-0.0631999532943942,-0.0132816148700588,-0.0534383044668983,-0.1708685190827097,-0.1729081406182527,-0.1756151190058248,-0.2432996524586214,-0.2434516511662217,-0.1397317365191382,-0.1489122281674837,-0.0801472696533522,-0.1556618773145154,-0.010763009512837,-0.0121074517774784,-0.139733536327121,-0.1489075272409368,-0.0801467358465918,-0.155661847340231,-0.0106685610738475,-0.0120051821184178,-0.0246688306562535,-0.0312723904866303,-0.0230451563960962,-0.0262146551774309,0.0014278137097094,0.0014826437872997,-0.2272154464478222,-0.2393683687143703,-0.0752555315462277,-0.2349515175665409,0.0374680287743863,0.0434442213339417,-0.2272033238276858,-0.2432360925423977,-0.0978946778840727,-0.2358964234692872,0.0365766503766988,0.0423451348069101,-0.4140039106945278,-0.4883391288926904,-0.2325526205785921,-0.4675529122634763,0.0487668178548852,0.0529560645235839,-0.0391502172292102,-0.1728953572167364,-0.1631259900993975,-0.1609326867522553,-0.1964346530529631,-0.1961888389129267,-0.0391455015876888,-0.172884316776419,-0.1631146528780142,-0.1609258009031696,-0.1964085394766894,-0.1961326277610877,-0.0170316758803496,-0.0300262352777919,-0.0176401196299049,-0.0150709000018306,-0.1407632224600331,-0.140334623887323,-0.0953280010214598,-0.2644164466322212,-0.250573517311816,-0.2637361492412434,-0.1691189058033812,-0.1671653815026433,-0.0590130547854711,-0.2624238875355379,-0.2551681497514608,-0.259251046036533,-0.1871909645279049,-0.1852736257916989,-0.2937773825247494,-0.7619369376159003,-0.6942351992761703,-0.7209204289531086,0.0253079828897598,0.0252169034660526,-0.1708649222527437,-0.2029225381969141,-0.1168167152870516,-0.1931407406431004,-0.0146587756915064,-0.0188487129543817,1.1891557557503725,1.1977084237398727,-0.0834587840195169,1.198473938934389,-0.0887977253698474,-0.0904370818830761,-0.0764355593222958,-0.1480341222897817,-0.1345464749557279,-0.1087328830661824,-0.0031749902209437,-0.0040940903633603,0.4938113490280171,0.2737410450431671,-0.3499327749819623,0.3967192425492039,-0.004357614038573,-0.0041943702405639,-0.1164246038907396,-0.1766172824237854,-0.1373232770907919,-0.1524643713004826,-0.0260596888205881,-0.0276597140284855,-0.0931447270142624,-0.1437067244867594,-0.0977185991261648,-0.1274622504830055,0.0031432964315106,0.0024263098865888,-0.123515900530636,-0.2001751753733683,-0.1887158089232799,-0.2146611409639611,-0.047722125340837,-0.0481706839301534,1.102310406145296,0.8209120100410744,-0.301754266335682,1.0175778247444291,0.1831327449045568,0.1827480852580912,-0.0541456132052304,-0.4226446869738505,-0.4246718150208637,-0.3710746457174335,0.1430014050880673,0.1425252107913369,1.7461309114715131,0.6697089397432864,-1.0598683976058427,1.3565629720972598,0.1855973669005454,0.1854920038455318,-0.1931431102017976,-0.6117691918423745,-0.5770993762832375,-0.6009988905192808,0.241128277049832,0.2414064458179459,-0.098888736679456,-0.106714613806669,-0.1311553038955873,-0.1836705632417872,-0.1206134067031157,-0.1197924596125166
73236946,42,1,0.9866796,0.9506083,0.98307247,HIGH,CRITICAL,BOTH_HIGH,STRONG_CORROBORATION,0.03607130000000003,1,0,0.006647983366,0.006647983366,0.0,73236954,"Both XGBoost and GraphSAGE assign high fraud risk, providing strong corroborating model evidence.",-0.1725819337381046,0.0335432329786621,-0.0913834501662971,-0.1219695997591005,-0.0438745479173489,-0.1130020092847624,-0.0615837940730322,-0.16322975843831,-0.1690501066997551,-0.0497069643940398,-0.1655338675698881,-0.0287412858566647,-0.0353905526008135,-0.0429552992580282,-0.0132816148700588,-0.0566995285318499,-0.1707882717778371,-0.1725493423548993,-0.175789799577721,-1.373657177393896,-1.37145982760274,-0.1397316826896516,-0.1489121938193666,-0.0801472696533522,-0.1556618317024757,-0.010763009512837,-0.0121074517774784,-0.1397334824894643,-0.1489074928905319,-0.0801467358465918,-0.1556618017233149,-0.0106685610738475,-0.0120051821184178,-0.0246688306562535,-0.0312723904866303,-0.0230451563960962,-0.0262146551774309,0.0014278137097094,0.0014826437872997,-0.2272154464478222,-0.2393683687143703,-0.0752555315462277,-0.2349515175665409,0.0374680287743863,0.0434442213339417,-0.2272033238276858,-0.2432360925423977,-0.0978946778840727,-0.2358964234692872,0.0365766503766988,0.0423451348069101,-0.4139720633436274,-0.4883126415727742,-0.2325526205785921,-0.4675223534191843,0.0487668178548852,0.0529560645235839,-0.0391510549407908,-0.1728953564953791,-0.1631258581041872,-0.160932808890408,-1.316342283664295,-1.3153883882753692,-0.039146339471924,-0.172884316055005,-0.1631145208814896,-0.1609259230459003,-1.3163333780274464,-1.315375381290753,-0.0170316758803496,-0.0300262352777919,-0.0176401196299049,-0.0150709000018306,-0.1407632224600331,-0.140334623887323,-0.0954026892728408,-0.2644164466322212,-0.2505651323520971,-0.263744373334667,-1.4717644946197317,-1.470277463738429,-0.0590130547854711,-0.2624238875355379,-0.2551681497514608,-0.259251046036533,-0.1871909645279049,-0.1852736257916989,-0.29379878320196,-0.7619314654248253,-0.694219082664999,-0.7209225537046905,1.135522751490673,1.135278702458467,-0.1708334319247764,-0.2028978162956633,-0.1168167152870516,-0.1931099265925316,-0.0146587756915064,-0.0188487129543817,1.1895080630525252,1.1980666744090347,-0.0834587840195169,1.1988312154627951,-0.0887977253698474,-0.0904370818830761,-0.079982118474645,-0.1507301102006897,-0.1345464749557279,-0.1121208107281583,-0.0031749902209437,-0.0040940903633603,1.023860363345962,0.7874346980684294,-0.3499327749819623,0.9391059237493712,-0.004357614038573,-0.0041943702405639,-0.1164246038907396,-0.1766172824237854,-0.1373232770907919,-0.1524643713004826,-0.0260596888205881,-0.0276597140284855,-0.0931447270142624,-0.1437067244867594,-0.0977185991261648,-0.1274622504830055,0.0031432964315106,0.0024263098865888,-0.1247841069484635,-0.2001738351093336,-0.1884249542997506,-0.2149213549610342,-1.159648797029665,-1.1601288555070002,1.10263993674132,0.8212807681972893,-0.3015481253083508,1.0179441230763515,1.342003002186918,1.3407327277377104,-0.075686576072199,-0.4226827803958279,-0.4165548644624399,-0.3775917911633751,-1.015963373517306,-1.0162304272806977,1.7461309114715131,0.6697089397432864,-1.0598683976058427,1.3565629720972598,0.1855973669005454,0.1854920038455318,-0.2168143606184322,-0.6117691918423745,-0.5696264282858337,-0.6073063273357365,-0.979073766855825,-0.9785560465643004,-0.098888736679456,-0.106714613806669,-0.1311553038955873,-0.1836705632417872,-0.1206134067031157,-0.1197924596125166
72628936,42,1,0.9998671,0.830546,0.98293499,HIGH,CRITICAL,BOTH_HIGH,STRONG_CORROBORATION,0.1693211,1,0,0.0,0.0,0.0,72294268,"Both XGBoost and GraphSAGE assign high fraud risk, providing strong corroborating model evidence.",-0.1713507371152014,0.0818861109106977,1.5735945770991024,-0.1219695997591005,-0.0637245732388369,-0.1130020092847624,-0.0615837940730322,-0.1619688574799268,-0.1678068772228201,-0.0497069643940398,-0.1642743737430453,-0.0287412858566647,-0.0353905526008135,-0.0631999532943942,-0.0132816148700588,-0.0338105121281736,-0.1694725744584505,-0.1729081406182527,-0.1724001596159065,-0.2432996524586214,-0.2434516511662217,-0.1397311476309319,-0.1489118524031515,-0.0801472696533522,-0.1556613783242043,-0.010763009512837,-0.0121074517774784,-0.1397329473495344,-0.1489071514515768,-0.0801467358465918,-0.1556613482965729,-0.0106685610738475,-0.0120051821184178,-0.0246688306562535,-0.0312723904866303,-0.0230451563960962,-0.0262146551774309,0.0014278137097094,0.0014826437872997,-0.2272154464478222,-0.2393683687143703,-0.0752555315462277,-0.2349515175665409,0.0374680287743863,0.0434442213339417,-0.2272033238276858,-0.2432360925423977,-0.0978946778840727,-0.2358964234692872,0.0365766503766988,0.0423451348069101,-0.4139826676878388,-0.4883214611652894,-0.2325526205785921,-0.4675325287240186,0.0487668178548852,0.0529560645235839,-0.0391312267543373,-0.1728925634677106,-0.1631259900993975,-0.1609271165342304,-0.1964346530529631,-0.1961888389129267,-0.0391265071988299,-0.1728815228078151,-0.1631146528780142,-0.1609202304763634,-0.1964085394766894,-0.1961326277610877,-0.0170316758803496,-0.0300262352777919,-0.0176401196299049,-0.0150709000018306,-0.1407632224600331,-0.140334623887323,-0.0937595477424578,-0.2642452622225432,-0.250573517311816,-0.2633907373174538,-0.1691189058033812,-0.1671653815026433,-0.0590130547854711,-0.2624238875355379,-0.2551681497514608,-0.259251046036533,-0.1871909645279049,-0.1852736257916989,-0.2929651850515106,-0.7616388447244905,-0.6942351992761703,-0.7203886940918538,0.0253079828897598,0.0252169034660526,-0.1698728107925791,-0.2021436678855783,-0.1168167152870516,-0.1921699354887329,-0.0146587756915064,-0.0188487129543817,1.189411979242847,1.1979689696810816,-0.0834587840195169,1.1987337764095936,-0.0887977253698474,-0.0904370818830761,-0.024696473875676,-0.1087036211213127,-0.1345464749557279,-0.0593079979140982,-0.0031749902209437,-0.0040940903633603,1.5539093776639068,1.3011283510936915,-0.3499327749819623,1.4814926049495385,-0.004357614038573,-0.0041943702405639,-0.1164246038907396,-0.1766172824237854,-0.1373232770907919,-0.1524643713004826,-0.0260596888205881,-0.0276597140284855,-0.0931447270142624,-0.1437067244867594,-0.0977185991261648,-0.1274622504830055,0.0031432964315106,0.0024263098865888,0.5246644772511616,-0.0837743167321888,-0.1887158089232799,0.0529042379164654,-0.047722125340837,-0.0481706839301534,1.1032690406064565,0.8217548858267086,-0.301754266335682,1.0185155484741504,0.1831327449045568,0.1827480852580912,1.6763396238550032,0.1136911675883609,-0.4246718150208637,0.6700895966388815,0.1430014050880673,0.1425252107913369,2.289137668697931,1.1924206753212654,-1.0598683976058427,1.9636750367050433,0.1855973669005454,0.1854920038455318,0.5643369031305111,-0.4153489041615438,-0.5770993762832375,-0.197322934266118,0.241128277049832,0.2414064458179459,-0.098888736679456,-0.106714613806669,-0.1311553038955873,-0.1836705632417872,-0.1206134067031157,-0.1197924596125166
71449174,42,1,0.995271,0.8641576,0.98215966,HIGH,CRITICAL,BOTH_HIGH,STRONG_CORROBORATION,0.13111340000000005,2,0,0.008515126183,0.008515126183,0.0,"70813957,72332073","Both XGBoost and GraphSAGE assign high fraud risk, providing strong corroborating model evidence.",-0.1728868852144241,0.1580916327740051,1.5735945770991024,-0.1219695997591005,-0.0637245732388369,-0.1130020092847624,-0.0615837940730322,-0.1635386635619136,-0.1693546825291944,-0.0497069643940398,-0.165842427963686,-0.0287412858566647,-0.0353905526008135,-0.0631999532943942,-0.0132816148700588,-0.056016581139202,-0.1710518882257312,-0.1729081406182527,-0.1760374311362154,-0.2432996524586214,-0.2434516511662217,-0.1397318137724134,-0.1489122774621123,-0.0801472696533522,-0.1556619427745389,-0.010763009512837,-0.0121074517774784,-0.1397336135921215,-0.1489075765388486,-0.0801467358465918,-0.1556619128072528,-0.0106685610738475,-0.0120051821184178,-0.0246688306562535,-0.0312723904866303,-0.0230451563960962,-0.0262146551774309,0.0014278137097094,0.0014826437872997,-0.2272154464478222,-0.2393683687143703,-0.0752555315462277,-0.2349515175665409,0.0374680287743863,0.0434442213339417,-0.2272033238276858,-0.2432360925423977,-0.0978946778840727,-0.2358964234692872,0.0365766503766988,0.0423451348069101,-0.4140197314151798,-0.4883522869255366,-0.2325526205785921,-0.4675680928962549,0.0487668178548852,0.0529560645235839,-0.0391505506667465,-0.1728954062697905,-0.1631259900993975,-0.1609327845549584,-0.1964346530529631,-0.1961888389129267,-0.0391458350939476,-0.1728843658333285,-0.1631146528780142,-0.1609258987095385,-0.1964085394766894,-0.1961326277610877,-0.0170316758803496,-0.0300262352777919,-0.0176401196299049,-0.0150709000018306,-0.1407632224600331,-0.140334623887323,-0.0953280010214598,-0.2644164466322212,-0.250573517311816,-0.2637361492412434,-0.1691189058033812,-0.1671653815026433,-0.0590130547854711,-0.2624238875355379,-0.2551681497514608,-0.259251046036533,-0.1871909645279049,-0.1852736257916989,-0.2937773825247494,-0.7619369376159003,-0.6942351992761703,-0.7209204289531086,0.0253079828897598,0.0252169034660526,-0.1690593540709843,-0.201505052855467,-0.1168167152870516,-0.1913739483341766,-0.0146587756915064,-0.0188487129543817,1.1891877836869318,1.197740991982524,-0.0834587840195169,1.1985064186187897,-0.0887977253698474,-0.0904370818830761,-0.1347742900984831,-0.1923814759229863,-0.1345464749557279,-0.1644622227644318,-0.0031749902209437,-0.0040940903633603,0.4938113490280171,0.2737410450431671,-0.3499327749819623,0.3967192425492039,-0.004357614038573,-0.0041943702405639,-0.1164246038907396,-0.1766172824237854,-0.1373232770907919,-0.1524643713004826,-0.0260596888205881,-0.0276597140284855,-0.0931447270142624,-0.1437067244867594,-0.0977185991261648,-0.1274622504830055,0.0031432964315106,0.0024263098865888,-0.0352619957321793,-0.1843264538614137,-0.1887158089232799,-0.1782304030328208,-0.047722125340837,-0.0481706839301534,1.102310406145296,0.8209120100410744,-0.301754266335682,1.0175778247444291,0.1831327449045568,0.1827480852580912,1.895298099303117,0.1815537985591997,-0.4246718150208637,0.8018282155621552,0.1430014050880673,0.1425252107913369,2.289137668697931,1.1924206753212654,-1.0598683976058427,1.9636750367050433,0.1855973669005454,0.1854920038455318,0.706364405630319,-0.3785201002213881,-0.5770993762832375,-0.12163369246865,0.241128277049832,0.2414064458179459,0.0182794000374458,-0.0874901561101501,-0.1311553038955873,-0.0975235937715251,-0.1206134067031157,-0.1197924596125166
72294238,42,1,0.99280167,0.88264835,0.981786338,HIGH,CRITICAL,BOTH_HIGH,STRONG_CORROBORATION,0.11015332,3,1,0.496189611312,0.992055156,0.5,"73279924,72629836,72288093","Both XGBoost and GraphSAGE assign high fraud risk, providing strong corroborating model evidence.",-0.1724667465663207,0.1533287876575484,1.5735945770991024,-0.1219695997591005,-0.0438745479173489,-0.1130020092847624,-0.0615837940730322,-0.1631089185201082,-0.168930960348648,-0.0497069643940398,-0.1654131625057834,-0.0287412858566647,-0.0353905526008135,-0.0429552992580282,-0.0132816148700588,-0.0561262636896639,-0.1707106189173919,-0.172506954066247,-0.1756534302329792,-1.373657177393896,-1.37145982760274,-0.1397316314116733,-0.1489121610993443,-0.0801472696533522,-0.1556617882524388,-0.010763009512837,-0.0121074517774784,-0.1397334312037031,-0.1489074601683303,-0.0801467358465918,-0.1556617582686327,-0.0106685610738475,-0.0120051821184178,-0.0246688306562535,-0.0312723904866303,-0.0230451563960962,-0.0262146551774309,0.0014278137097094,0.0014826437872997,-0.2272154464478222,-0.2393683687143703,-0.0752555315462277,-0.2349515175665409,0.0374680287743863,0.0434442213339417,-0.2272033238276858,-0.2432360925423977,-0.0978946778840727,-0.2358964234692872,0.0365766503766988,0.0423451348069101,-0.4139997238660689,-0.4883356467234773,-0.2325526205785921,-0.4675488948292051,0.0487668178548852,0.0529560645235839,-0.03915098616693,-0.1728953453782274,-0.1631258570397787,-0.1609327877213863,-1.316342283664295,-1.3153883882753692,-0.0391462706838887,-0.1728843049369795,-0.1631145198170704,-0.1609259018760851,-1.3163333780274464,-1.315375381290753,-0.0170316758803496,-0.0300262352777919,-0.0176401196299049,-0.0150709000018306,-0.1407632224600331,-0.140334623887323,-0.0954026892728408,-0.2644164466322212,-0.2505651323520971,-0.263744373334667,-1.4717644946197317,-1.470277463738429,-0.0590130547854711,-0.2624145588671942,-0.2551585658002615,-0.2592415459800856,-1.4999715377938674,-1.498585280585486,-0.2938054026306468,-0.7618554208385058,-0.6941241800714291,-0.7208568967770922,-1.0849067857111534,-1.0848448955263614,-0.1295827518672274,-0.1705134206815768,-0.1168167152870516,-0.1527451345011358,-0.0146587756915064,-0.0188487129543817,1.1893799513062877,1.1979364014384304,-0.0834587840195169,1.1987012967251929,-0.0887977253698474,-0.0904370818830761,0.1250358970311392,0.0051184369624929,-0.1345464749557279,0.0837271015998635,-0.0031749902209437,-0.0040940903633603,1.5539093776639068,1.3011283510936915,-0.3499327749819623,1.4814926049495385,-0.004357614038573,-0.0041943702405639,-0.1164246038907396,-0.1766172824237854,-0.1373232770907919,-0.1524643713004826,-0.0260596888205881,-0.0276597140284855,-0.0545120438053762,-0.1209992215861581,-0.0977185991261648,-0.0949271368244747,0.0031432964315106,0.0024263098865888,-0.124680729857423,-0.1598922226849844,-0.1373057513606548,-0.1686032596777048,-1.159648797029665,-1.1601288555070002,1.102340363472207,0.8210173695142786,-0.3015481253083508,1.0176510844108138,-0.9757375123778044,-0.9752365572215276,-0.0693201349947156,0.8625127701663239,1.1525279669345578,0.8717690708604365,-1.015963373517306,-1.0162304272806977,1.203124154245096,1.1924206753212654,0.1532093342357819,1.3565629720972598,-1.1169181674273414,-1.116948469117354,-0.2168143606184322,-0.1452710086004016,-0.0016823804831445,-0.1279411292851057,-0.979073766855825,-0.9785560465643004,-0.098888736679456,-0.0874901561101501,-0.0846742330262522,-0.1405970785066562,-1.7609264293068194,-1.760984402318598
40441445,42,1,0.9857071,0.9448686,0.98162325,HIGH,CRITICAL,BOTH_HIGH,STRONG_CORROBORATION,0.0408385,2,2,0.9262372055,0.998785625,1.0,"73003343,72297803","Both XGBoost and GraphSAGE assign high fraud risk, providing strong corroborating model evidence.",-0.1726476150501507,0.0199691243967605,1.018601901343969,-0.1219695997591005,-0.0438745479173489,-0.1130020092847624,-0.0615837940730322,-0.1632972985309447,-0.1691167002204279,-0.0497069643940398,-0.1656013322895968,-0.0287412858566647,-0.0353905526008135,-0.0429552992580282,-0.0132816148700588,-0.0550435446820533,-0.1709735736548547,-0.1728976688497169,-0.1758675592565705,-1.373657177393896,-1.37145982760274,-0.1397317113500434,-0.148912212107308,-0.0801472696533522,-0.1556618559876587,-0.010763009512837,-0.0121074517774784,-0.1397335111542061,-0.1489075111796913,-0.0801467358465918,-0.1556618260110941,-0.0106685610738475,-0.0120051821184178,-0.0246688306562535,-0.0312723904866303,-0.0230451563960962,-0.0262146551774309,0.0014278137097094,0.0014826437872997,-0.2272154464478222,-0.2393683687143703,-0.0752555315462277,-0.2349515175665409,0.0374680287743863,0.0434442213339417,-0.2272033238276858,-0.2432360925423977,-0.0978946778840727,-0.2358964234692872,0.0365766503766988,0.0423451348069101,-0.4139826676878388,-0.4883214611652894,-0.2325526205785921,-0.4675325287240186,0.0487668178548852,0.0529560645235839,-0.0391508562744949,-0.1728953854462423,-0.1631259200527063,-0.1609328086156942,-1.316342283664295,-1.3153883882753692,-0.0391461407646824,-0.1728843450081436,-0.1631145828306255,-0.1609259227711762,-1.3163333780274464,-1.315375381290753,-0.0170316758803496,-0.0300262352777919,-0.0176401196299049,-0.0150709000018306,-0.1407632224600331,-0.140334623887323,-0.0954026892728408,-0.2643919917165529,-0.2505399774729402,-0.2637197010543963,-1.4717644946197317,-1.470277463738429,-0.0590130547854711,-0.2624145588671942,-0.2551585658002615,-0.2592415459800856,-1.4999715377938674,-1.498585280585486,-0.2938624068369107,-0.7534544517737382,-0.6839391664105675,-0.7133827780487997,-1.0849067857111534,-1.0848448955263614,-0.1708364740307832,-0.2029002045414883,-0.1168167152870516,-0.1931129033671282,-0.0146587756915064,-0.0188487129543817,1.189411979242847,1.1979689696810816,-0.0834587840195169,1.1987337764095936,-0.0887977253698474,-0.0904370818830761,-0.0588483603167254,-0.1346648610230294,-0.1345464749557279,-0.0919323292200194,-0.0031749902209437,-0.0040940903633603,1.5539093776639068,1.3011283510936915,-0.3499327749819623,1.4814926049495385,-0.004357614038573,-0.0041943702405639,-0.1164246038907396,-0.1766172824237854,-0.1373232770907919,-0.1524643713004826,-0.0260596888205881,-0.0276597140284855,-0.0931447270142624,-0.1437067244867594,-0.0977185991261648,-0.1274622504830055,0.0031432964315106,0.0024263098865888,-0.1244825106717797,-0.1987683461539315,-0.1867092667360014,-0.2132437394144115,-1.159648797029665,-1.1601288555070002,1.1023703207991185,0.8269965196186216,-0.2860188345827353,1.0209917251979457,-0.9757375123778044,-0.9752365572215276,-0.0757815975808181,-0.3921997198813414,-0.3792451526754002,-0.3480326915278944,-1.015963373517306,-1.0162304272806977,1.7461309114715131,0.6697089397432864,-1.0598683976058427,1.3565629720972598,0.1855973669005454,0.1854920038455318,-0.2168143606184322,-0.544249717952089,-0.4874240003143918,-0.5379245223547241,-0.979073766855825,-0.9785560465643004,-0.098888736679456,-0.0874901561101501,-0.0846742330262522,-0.1405970785066562,-1.7609264293068194,-1.760984402318598
71451283,42,1,0.997519,0.82353127,0.980120227,HIGH,CRITICAL,BOTH_HIGH,STRONG_CORROBORATION,0.17398773,2,0,0.0,0.0,0.0,"72321162,70893881","Both XGBoost and GraphSAGE assign high fraud risk, providing strong corroborating model evidence.",-0.1729068455251454,0.0428307809557527,1.018601901343969,-0.1219695997591005,-0.0637245732388369,-0.1130020092847624,-0.0615837940730322,-0.1635619595512798,-0.1693776520261099,-0.0497069643940398,-0.1658656979553549,-0.0287412858566647,-0.0353905526008135,-0.0631999532943942,-0.0132816148700588,-0.0563051210511968,-0.1710724094199686,-0.1729081406182527,-0.1760846929007289,-0.2432996524586214,-0.2434516511662217,-0.1397318236579814,-0.1489122837700054,-0.0801472696533522,-0.155661951151006,-0.010763009512837,-0.0121074517774784,-0.13973362347919,-0.1489075828471618,-0.0801467358465918,-0.1556619211846154,-0.0106685610738475,-0.0120051821184178,-0.0246688306562535,-0.0312723904866303,-0.0230451563960962,-0.0262146551774309,0.0014278137097094,0.0014826437872997,-0.2272154464478222,-0.2393683687143703,-0.0752555315462277,-0.2349515175665409,0.0374680287743863,0.0434442213339417,-0.2272033238276858,-0.2432360925423977,-0.0978946778840727,-0.2358964234692872,0.0365766503766988,0.0423451348069101,-0.4140197314151798,-0.4883522869255366,-0.2325526205785921,-0.4675680928962549,0.0487668178548852,0.0529560645235839,-0.0391506092327565,-0.1728954148856221,-0.1631259900993975,-0.1609328017333305,-0.1964346530529631,-0.1961888389129267,-0.0391458936720281,-0.1728843744498373,-0.1631146528780142,-0.1609259158885545,-0.1964085394766894,-0.1961326277610877,-0.0170316758803496,-0.0300262352777919,-0.0176401196299049,-0.0150709000018306,-0.1407632224600331,-0.140334623887323,-0.0953280010214598,-0.2644164466322212,-0.250573517311816,-0.2637361492412434,-0.1691189058033812,-0.1671653815026433,-0.0590130547854711,-0.2624238875355379,-0.2551681497514608,-0.259251046036533,-0.1871909645279049,-0.1852736257916989,-0.2937773825247494,-0.7619369376159003,-0.6942351992761703,-0.7209204289531086,0.0253079828897598,0.0252169034660526,-0.1691719514450694,-0.2015934489231776,-0.1168167152870516,-0.1914841275988248,-0.0146587756915064,-0.0188487129543817,1.1891877836869318,1.197740991982524,-0.0834587840195169,1.1985064186187897,-0.0887977253698474,-0.0904370818830761,-0.1600781171813838,-0.2116166864424599,-0.1345464749557279,-0.1886342531875608,-0.0031749902209437,-0.0040940903633603,1.023860363345962,0.7874346980684294,-0.3499327749819623,0.9391059237493712,-0.004357614038573,-0.0041943702405639,-0.1164246038907396,-0.1766172824237854,-0.1373232770907919,-0.1524643713004826,-0.0260596888205881,-0.0276597140284855,-0.0738283854098193,-0.1323529730364587,-0.0977185991261648,-0.1111946936537401,0.0031432964315106,0.0024263098865888,-0.1241110041079247,-0.2002820446488838,-0.1887158089232799,-0.2149067965246482,-0.047722125340837,-0.0481706839301534,1.102310406145296,0.8209120100410744,-0.301754266335682,1.0175778247444291,0.1831327449045568,0.1827480852580912,-0.0539514388180521,-0.4225845057693819,-0.4246718150208637,-0.3709578187001427,0.1430014050880673,0.1425252107913369,1.203124154245096,0.1469972041653072,-1.0598683976058427,0.7494509074894767,0.1855973669005454,0.1854920038455318,-0.1931431102017976,-0.6117691918423745,-0.5770993762832375,-0.6009988905192808,0.241128277049832,0.2414064458179459,-0.098888736679456,-0.106714613806669,-0.1311553038955873,-0.1836705632417872,-0.1206134067031157,-0.1197924596125166
72292587,42,1,0.9988803,0.8095233,0.9799446,HIGH,CRITICAL,BOTH_HIGH,STRONG_CORROBORATION,0.1893570000000001,1,0,0.0,0.0,0.0,72008232,"Both XGBoost and GraphSAGE assign high fraud risk, providing strong corroborating model evidence.",-0.1727454367831448,0.1490422270527373,1.018601901343969,-0.1219695997591005,-0.0637245732388369,-0.1130020092847624,-0.0615837940730322,-0.1633941665767718,-0.169212210664087,-0.0497069643940398,-0.1656980922332914,-0.0287412858566647,-0.0353905526008135,-0.0631999532943942,-0.0132816148700588,-0.0539718475434779,-0.1709064651021453,-0.1729081406182527,-0.175702511377538,-0.2432996524586214,-0.2434516511662217,-0.1397317524556451,-0.1489122383364272,-0.0801472696533522,-0.1556618908182033,-0.010763009512837,-0.0121074517774784,-0.1397335522660467,-0.1489075374105576,-0.0801467358465918,-0.1556618608453626,-0.0106685610738475,-0.0120051821184178,-0.0246688306562535,-0.0312723904866303,-0.0230451563960962,-0.0262146551774309,0.0014278137097094,0.0014826437872997,-0.2272154464478222,-0.2393683687143703,-0.0752555315462277,-0.2349515175665409,0.0374680287743863,0.0434442213339417,-0.2272033238276858,-0.2432360925423977,-0.0978946778840727,-0.2358964234692872,0.0365766503766988,0.0423451348069101,-0.4139929288493897,-0.4883299953340986,-0.2325526205785921,-0.4675423747309618,0.0487668178548852,0.0529560645235839,-0.0389809541590717,-0.1728704563893234,-0.1631259900993975,-0.1608830391151878,-0.1964346530529631,-0.1961888389129267,-0.0389762036319937,-0.1728594139918952,-0.1631146528780142,-0.1608761514052232,-0.1964085394766894,-0.1961326277610877,-0.0170316758803496,-0.0300262352777919,-0.0176401196299049,-0.0150709000018306,-0.1407632224600331,-0.140334623887323,-0.0884566818944032,-0.2636664958850607,-0.250573517311816,-0.262222916051308,-0.1691189058033812,-0.1671653815026433,-0.0559582820105464,-0.2621906708269438,-0.2551681497514608,-0.2587760432141627,-0.1871909645279049,-0.1852736257916989,2.4561337405490224,0.2473360345447139,-0.6942351992761703,1.0794097341780624,0.0253079828897598,0.0252169034660526,-0.1708803779183719,-0.202934671873001,-0.1168167152870516,-0.1931558643872144,-0.0146587756915064,-0.0188487129543817,1.1893479233697284,1.1979038331957794,-0.0834587840195169,1.1986688170407924,-0.0887977253698474,-0.0904370818830761,-0.0888612977501444,-0.1574797960108568,-0.1345464749557279,-0.1206028395879281,-0.0031749902209437,-0.0040940903633603,-0.0362376652899277,-0.2399526079820951,-0.3499327749819623,-0.1456674386509633,-0.004357614038573,-0.0041943702405639,-0.1164246038907396,-0.1766172824237854,-0.1373232770907919,-0.1524643713004826,-0.0260596888205881,-0.0276597140284855,-0.0931447270142624,-0.1437067244867594,-0.0977185991261648,-0.1274622504830055,0.0031432964315106,0.0024263098865888,-0.1214606206165147,-0.1998060862201755,-0.1887158089232799,-0.2138127324533407,-0.047722125340837,-0.0481706839301534,1.16839626931155,0.879017759513236,-0.301754266335682,1.0822221543620854,0.1831327449045568,0.1827480852580912,-0.0745204969066443,-0.4289595519767832,-0.4246718150208637,-0.3833334040690034,0.1430014050880673,0.1425252107913369,1.7461309114715131,0.6697089397432864,-1.0598683976058427,1.3565629720972598,0.1855973669005454,0.1854920038455318,-0.1458006093685283,-0.5994929238623226,-0.5770993762832375,-0.5757691432534582,0.241128277049832,0.2414064458179459,0.0182794000374458,-0.0874901561101501,-0.1311553038955873,-0.0975235937715251,-0.1206134067031157,-0.1197924596125166
71450339,42,1,0.9993068,0.80313504,0.979689624,HIGH,CRITICAL,BOTH_HIGH,STRONG_CORROBORATION,0.19617176000000003,1,1,0.99962556,0.99962556,1.0,71989973,"Both XGBoost and GraphSAGE assign high fraud risk, providing strong corroborating model evidence.",-0.1728832690835545,0.1107013238652608,1.5735945770991024,-0.1219695997591005,-0.0637245732388369,-0.1130020092847624,-0.0615837940730322,-0.1635361452475093,-0.1693521995088756,-0.0497069643940398,-0.1658399124596528,-0.0287412858566647,-0.0353905526008135,-0.0631999532943942,-0.0132816148700588,-0.0559643074999077,-0.1710481704818044,-0.1729081406182527,-0.176028868908503,-0.2432996524586214,-0.2434516511662217,-0.1397318127037758,-0.1489122767802241,-0.0801472696533522,-0.1556619418690364,-0.010763009512837,-0.0121074517774784,-0.1397336125233218,-0.148907575856915,-0.0801467358465918,-0.1556619119016534,-0.0106685610738475,-0.0120051821184178,-0.0246688306562535,-0.0312723904866303,-0.0230451563960962,-0.0262146551774309,0.0014278137097094,0.0014826437872997,-0.2272154464478222,-0.2393683687143703,-0.0752555315462277,-0.2349515175665409,0.0374680287743863,0.0434442213339417,-0.2272033238276858,-0.2432360925423977,-0.0978946778840727,-0.2358964234692872,0.0365766503766988,0.0423451348069101,-0.4140039106945278,-0.4883391288926904,-0.2325526205785921,-0.4675529122634763,0.0487668178548852,0.0529560645235839,-0.0391508040403978,-0.1728954435443925,-0.1631259900993975,-0.1609328588736096,-0.1964346530529631,-0.1961888389129267,-0.0391460885198197,-0.1728844031108601,-0.1631146528780142,-0.1609259730309753,-0.1964085394766894,-0.1961326277610877,-0.0170316758803496,-0.0300262352777919,-0.0176401196299049,-0.0150709000018306,-0.1407632224600331,-0.140334623887323,-0.0952533127700787,-0.2644082949936651,-0.250573517311816,-0.2637197010543963,-0.1691189058033812,-0.1671653815026433,-0.0587686729634771,-0.2624052301988505,-0.2551681497514608,-0.2592130458107434,-0.1871909645279049,-0.1852736257916989,-0.2938495535773247,-0.7619634258511474,-0.6942351992761703,-0.7209676783793777,0.0253079828897598,0.0252169034660526,-0.1599146818258522,-0.1943259061520826,-0.1168167152870516,-0.1824256644900375,-0.0146587756915064,-0.0188487129543817,1.1891557557503725,1.1977084237398727,-0.0834587840195169,1.198473938934389,-0.0887977253698474,-0.0904370818830761,-0.1648539130690819,-0.2152471032563651,-0.1345464749557279,-0.1931964359401494,-0.0031749902209437,-0.0040940903633603,1.023860363345962,0.7874346980684294,-0.3499327749819623,0.9391059237493712,-0.004357614038573,-0.0041943702405639,-0.1164246038907396,-0.1766172824237854,-0.1373232770907919,-0.1524643713004826,-0.0260596888205881,-0.0276597140284855,-0.0931447270142624,-0.1437067244867594,-0.0977185991261648,-0.1274622504830055,0.0031432964315106,0.0024263098865888,-0.1246504253810729,-0.2003789144424104,-0.1887158089232799,-0.2151294667292291,-0.047722125340837,-0.0481706839301534,1.1022504914914737,0.8208593303044722,-0.301754266335682,1.0175192170113216,0.1831327449045568,0.1827480852580912,-0.0743562749515308,-0.4289086540432167,-0.4246718150208637,-0.3832345982405501,0.1430014050880673,0.1425252107913369,1.7461309114715131,0.6697089397432864,-1.0598683976058427,1.3565629720972598,0.1855973669005454,0.1854920038455318,-0.2168143606184322,-0.6179073258324005,-0.5770993762832375,-0.6136137641521922,0.241128277049832,0.2414064458179459,-0.098888736679456,-0.106714613806669,-0.1311553038955873,-0.1836705632417872,-0.1206134067031157,-0.1197924596125166
71460296,42,1,0.99400336,0.8505437,0.979657394,HIGH,CRITICAL,BOTH_HIGH,STRONG_CORROBORATION,0.14345966,2,1,0.99104333,0.99104333,1.0,"71989992,72321162","Both XGBoost and GraphSAGE assign high fraud risk, providing strong corroborating model evidence.",-0.1726245575324855,0.0042517355124533,1.018601901343969,-0.1219695997591005,-0.0438745479173489,-0.1130020092847624,-0.0615837940730322,-0.1632740991516104,-0.1690938259795581,-0.0497069643940398,-0.1655781588001456,-0.0287412858566647,-0.0353905526008135,-0.0429552992580282,-0.0132816148700588,-0.0555452494377385,-0.1709141865703009,-0.1727884062480784,-0.1758402616111238,-1.373657177393896,-1.37145982760274,-0.1397317015054714,-0.1489122058255741,-0.0801472696533522,-0.1556618476459293,-0.010763009512837,-0.0121074517774784,-0.1397335013081399,-0.1489075048975391,-0.0801467358465918,-0.155661817668473,-0.0106685610738475,-0.0120051821184178,-0.0246688306562535,-0.0312723904866303,-0.0230451563960962,-0.0262146551774309,0.0014278137097094,0.0014826437872997,-0.2272154464478222,-0.2393683687143703,-0.0752555315462277,-0.2349515175665409,0.0374680287743863,0.0434442213339417,-0.2272033238276858,-0.2432360925423977,-0.0978946778840727,-0.2358964234692872,0.0365766503766988,0.0423451348069101,-0.4140039106945278,-0.4883391288926904,-0.2325526205785921,-0.4675529122634763,0.0487668178548852,0.0529560645235839,-0.0391509164633823,-0.1728954148856221,-0.1631259419718765,-0.1609328467912235,-1.316342283664295,-1.3153883882753692,-0.0391462009659749,-0.1728843744498373,-0.163114604750014,-0.1609259609481363,-1.3163333780274464,-1.315375381290753,-0.0170316758803496,-0.0300262352777919,-0.0176401196299049,-0.0150709000018306,-0.1407632224600331,-0.140334623887323,-0.0954026892728408,-0.2644164466322212,-0.2505651323520971,-0.263744373334667,-1.4717644946197317,-1.470277463738429,-0.0590130547854711,-0.2624238875355379,-0.2551681497514608,-0.259251046036533,-0.1871909645279049,-0.1852736257916989,-0.2938495535773247,-0.7619369376159003,-0.6942031657286564,-0.7209440536662431,-1.0849067857111534,-1.0848448955263614,0.5817237672832265,0.387907232915177,-0.1168167152870516,0.5432855665371661,-0.0146587756915064,-0.0188487129543817,1.1891557557503725,1.1977084237398727,-0.0834587840195169,1.198473938934389,-0.0887977253698474,-0.0904370818830761,0.0173220831013584,-0.0767623741893841,-0.1345464749557279,-0.0191688587136406,-0.0031749902209437,-0.0040940903633603,1.5539093776639068,1.3011283510936915,-0.3499327749819623,1.4814926049495385,-0.004357614038573,-0.0041943702405639,-0.1164246038907396,-0.1766172824237854,-0.1373232770907919,-0.1524643713004826,-0.0260596888205881,-0.0276597140284855,-0.0738283854098193,-0.1323529730364587,-0.0977185991261648,-0.1111946936537401,0.0031432964315106,0.0024263098865888,-0.1245735429953115,-0.2002820446488838,-0.1886103493567476,-0.2150022633089668,-1.159648797029665,-1.1601288555070002,1.1022504914914737,0.8209120100410744,-0.3016168389841279,1.0175485208778754,-0.9757375123778044,-0.9752365572215276,-0.0778720707704395,-0.4225845057693819,-0.4156064451538098,-0.3781538658290108,-1.015963373517306,-1.0162304272806977,0.6601173970186788,0.1469972041653072,-0.4533295316850304,0.445894875185585,-1.1169181674273414,-1.116948469117354,-0.2168143606184322,-0.6117691918423745,-0.5696264282858337,-0.6073063273357365,-0.979073766855825,-0.9785560465643004,-0.098888736679456,-0.106714613806669,-0.1311553038955873,-0.1836705632417872,-0.1206134067031157,-0.1197924596125166
71748770,42,1,0.9950165,0.8345071,0.97896556,HIGH,CRITICAL,BOTH_HIGH,STRONG_CORROBORATION,0.16050940000000002,3,1,0.999441044,0.999441044,1.0,"70781785,71989402,72320953","Both XGBoost and GraphSAGE assign high fraud risk, providing strong corroborating model evidence.",-0.1724930687569589,0.1280857085403278,1.5735945770991024,-0.1219695997591005,-0.0438745479173489,-0.1130020092847624,-0.0615837940730322,-0.1631364793551361,-0.1689581349195671,-0.0497069643940398,-0.165440692583661,-0.0287412858566647,-0.0353905526008135,-0.0429552992580282,-0.0132816148700588,-0.054045220293417,-0.1708856862662435,-0.1728782620475101,-0.1756845929035606,-1.373657177393896,-1.37145982760274,-0.1397316431070131,-0.1489121685620367,-0.0801472696533522,-0.1556617981624032,-0.010763009512837,-0.0121074517774784,-0.139733442900818,-0.1489074676315197,-0.0801467358465918,-0.1556617681796567,-0.0106685610738475,-0.0120051821184178,-0.0246688306562535,-0.0312723904866303,-0.0230451563960962,-0.0262146551774309,0.0014278137097094,0.0014826437872997,-0.2272154464478222,-0.2393683687143703,-0.0752555315462277,-0.2349515175665409,0.0374680287743863,0.0434442213339417,-0.2272033238276858,-0.2432360925423977,-0.0978946778840727,-0.2358964234692872,0.0365766503766988,0.0423451348069101,-0.4140109116208033,-0.4883449515362926,-0.2325526205785921,-0.4675596299404542,0.0487668178548852,0.0529560645235839,-0.0391507365067758,-0.1728953572167364,-0.1631259087548313,-0.1609327629085725,-1.316342283664295,-1.3153883882753692,-0.039146020972279,-0.172884316776419,-0.1631145715326381,-0.1609258770623413,-1.3163333780274464,-1.315375381290753,-0.0170316758803496,-0.0300262352777919,-0.0176401196299049,-0.0150709000018306,-0.1407632224600331,-0.140334623887323,-0.0954026892728408,-0.2644164466322212,-0.2505651323520971,-0.263744373334667,-1.4717644946197317,-1.470277463738429,-0.0590130547854711,-0.2624238875355379,-0.2551681497514608,-0.259251046036533,-0.1871909645279049,-0.1852736257916989,-0.2938660700158927,-0.7619369376159003,-0.6941958348099465,-0.7209494602123478,-1.0849067857111534,-1.0848448955263614,-0.0992691918316488,-0.146715356763746,-0.1168167152870516,-0.123082579927996,-0.0146587756915064,-0.0188487129543817,1.1891877836869318,1.197740991982524,-0.0834587840195169,1.1985064186187897,-0.0887977253698474,-0.0904370818830761,0.0574200966076126,-0.0462810668093354,-0.1345464749557279,0.0191356396219173,-0.0031749902209437,-0.0040940903633603,1.5539093776639068,1.3011283510936915,-0.3499327749819623,1.4814926049495385,-0.004357614038573,-0.0041943702405639,-0.1164246038907396,-0.1766172824237854,-0.1373232770907919,-0.1524643713004826,-0.0260596888205881,-0.0276597140284855,-0.0665847573081531,-0.128095316242596,-0.0977185991261648,-0.1050943598427655,0.0031432964315106,0.0024263098865888,-0.1243028081392384,-0.2001751753733683,-0.1885363927972692,-0.2148235565813238,-1.159648797029665,-1.1601288555070002,1.1022504914914737,0.8209120100410744,-0.3016168389841279,1.0175485208778754,-0.9757375123778044,-0.9752365572215276,-0.0626686293913747,-0.4226446869738505,-0.421441787726264,-0.3736386258947832,-1.015963373517306,-1.0162304272806977,0.6601173970186788,0.6697089397432864,0.1532093342357819,0.7494509074894767,-1.1169181674273414,-1.116948469117354,-0.2168143606184322,-0.6117691918423745,-0.5696264282858337,-0.6073063273357365,-0.979073766855825,-0.9785560465643004,-0.098888736679456,-0.106714613806669,-0.1311553038955873,-0.1836705632417872,-0.1206134067031157,-0.1197924596125166
73404067,42,1,0.99467295,0.8326023,0.978465885,HIGH,CRITICAL,BOTH_HIGH,STRONG_CORROBORATION,0.16207064999999998,2,0,0.0010098862708,0.0010098862708,0.0,"73404024,73085776","Both XGBoost and GraphSAGE assign high fraud risk, providing strong corroborating model evidence.",-0.1729379689763044,0.0892685208412056,1.5735945770991024,-0.1219695997591005,-0.0637245732388369,-0.1130020092847624,-0.0615837940730322,-0.1635926456595293,-0.1694079080696592,-0.0497069643940398,-0.1658963498187333,-0.0287412858566647,-0.0353905526008135,-0.0631999532943942,-0.0132816148700588,-0.0567550317757208,-0.1711044074382101,-0.1729081406182527,-0.1761583866042016,-0.2432996524586214,-0.2434516511662217,-0.1397318365559834,-0.1489122920001059,-0.0801472696533522,-0.155661962080038,-0.010763009512837,-0.0121074517774784,-0.1397336363791496,-0.1489075910778104,-0.0801467358465918,-0.1556619321148158,-0.0106685610738475,-0.0120051821184178,-0.0246688306562535,-0.0312723904866303,-0.0230451563960962,-0.0262146551774309,0.0014278137097094,0.0014826437872997,-0.2272059853608941,-0.2393594605263469,-0.0752555315462277,-0.2349422570418879,0.0374680287743863,0.0434442213339417,-0.2271934767765055,-0.2432264611117294,-0.0978946778840727,-0.23588663540528,0.0365766503766988,0.0423451348069101,-0.4024378313951188,-0.4787196649838293,-0.2325526205785921,-0.456454783019246,0.0487668178548852,0.0529560645235839,-0.0391187679286631,-0.1728907306103269,-0.1631259900993975,-0.1609234621561381,-0.1964346530529631,-0.1961888389129267,-0.0391140458053595,-0.1728796898063758,-0.1631146528780142,-0.1609165759612986,-0.1964085394766894,-0.1961326277610877,-0.0170316758803496,-0.0300262352777919,-0.0176401196299049,-0.0150709000018306,-0.1407632224600331,-0.140334623887323,-0.0920417179606936,-0.2640577745357531,-0.250573517311816,-0.2630124290199699,-0.1691189058033812,-0.1671653815026433,-0.0582799093194891,-0.2623679155254754,-0.2551681497514608,-0.2591370453591641,-0.1871909645279049,-0.1852736257916989,-0.2936875382402433,-0.7619039629472668,-0.6942351992761703,-0.7208616090974325,0.0253079828897598,0.0252169034660526,-0.1710649077742528,-0.2030795394932953,-0.1168167152870516,-0.193336431331975,-0.0146587756915064,-0.0188487129543817,1.1894760351159657,1.1980341061663835,-0.0834587840195169,1.1987987357783945,-0.0887977253698474,-0.0904370818830761,-0.1136460890686618,-0.1763204511074554,-0.1345464749557279,-0.1442790498236103,-0.0031749902209437,-0.0040940903633603,-0.0362376652899277,-0.2399526079820951,-0.3499327749819623,-0.1456674386509633,-0.004357614038573,-0.0041943702405639,-0.1164246038907396,-0.1766172824237854,-0.1373232770907919,-0.1524643713004826,-0.0260596888205881,-0.0276597140284855,-0.0955592697148178,-0.145125943418047,-0.0977185991261648,-0.1294956950866637,0.0031432964315106,0.0024263098865888,4.9115326389470395,0.7040237071983544,-0.1887158089232799,1.8637798552863192,-0.047722125340837,-0.0481706839301534,1.1024601927798523,0.8210437093825798,-0.301754266335682,1.017724344077198,0.1831327449045568,0.1827480852580912,0.4324698608583143,-0.2718261069965729,-0.4246718150208637,-0.0782974405024811,0.1430014050880673,0.1425252107913369,1.7461309114715131,0.6697089397432864,-1.0598683976058427,1.3565629720972598,0.1855973669005454,0.1854920038455318,0.0198981435479142,-0.5565259859321409,-0.5770993762832375,-0.4874650278230787,0.241128277049832,0.2414064458179459,0.0182794000374458,-0.0874901561101501,-0.1311553038955873,-0.0975235937715251,-0.1206134067031157,-0.1197924596125166
106364914,44,0,0.9892692,0.8732017,0.97766245,HIGH,CRITICAL,BOTH_HIGH,STRONG_CORROBORATION,0.11606749999999999,2,0,0.002183118425,0.00244282952,0.0,"106364654,261387986","Both XGBoost and GraphSAGE assign high fraud risk, providing strong corroborating model evidence.",-0.1714745160196581,0.0218716739405625,1.018601901343969,-0.1219695997591005,-0.0637245732388369,-0.1130020092847624,-0.0615837940730322,-0.1620969978123063,-0.1679332216730637,-0.0497069643940398,-0.164402371074262,-0.0287412858566647,-0.0353905526008135,-0.0631999532943942,-0.0132816148700588,-0.0355998206563453,-0.1695998315425859,-0.1729081406182527,-0.1726932416984369,-0.2432996524586214,-0.2434516511662217,-0.1397258377871086,-0.1489084642389847,-0.0801472696533522,-0.1556568790651031,-0.010763009512837,-0.0121074517774784,-0.1397276366997931,-0.1489037630617425,-0.0801467358465918,-0.1556568485564574,-0.0106685610738475,-0.0120051821184178,-0.0246688306562535,-0.0312723904866303,-0.0230451563960962,-0.0262146551774309,0.0014278137097094,0.0014826437872997,-0.2271302966654693,-0.2392881950221592,-0.0752555315462277,-0.2348681728446636,0.0374680287743863,0.0434442213339417,-0.2271639356229646,-0.2431975668197244,-0.0978946778840727,-0.2358572712132586,0.0365766503766988,0.0423451348069101,-0.4135920915018504,-0.4879966204454987,-0.2325526205785921,-0.467157754794184,0.0487668178548852,0.0529560645235839,0.0430244506733092,-0.1608063810361181,-0.1631259900993975,-0.1368295076900379,-0.1964346530529631,-0.1961888389129267,0.0430461027264767,-0.1607943904480385,-0.1631146528780142,-0.1368217184123184,-0.1964085394766894,-0.1961326277610877,-0.0170316758803496,-0.0300262352777919,-0.0176401196299049,-0.0150709000018306,-0.1407632224600331,-0.140334623887323,2.3122477822466747,-0.0016483777765935,-0.250573517311816,0.2664711537758172,-0.1691189058033812,-0.1671653815026433,0.1975878583082025,-0.2428336840136315,-0.2551681497514608,-0.2193508089574306,-0.1871909645279049,-0.1852736257916989,2.10104522111819,0.1170113697295544,-0.6942351992761703,0.8469380129108125,0.0253079828897598,0.0252169034660526,-0.170071052050024,-0.2022992998242317,-0.1168167152870516,-0.1923639193728661,-0.0146587756915064,-0.0188487129543817,1.3184205077038746,1.3291538510796412,-0.0834587840195169,1.329561945175042,-0.0887977253698474,-0.0904370818830761,-0.1554356923680454,-0.2080876543196576,-0.1345464749557279,-0.1841994760505902,-0.0031749902209437,-0.0040940903633603,-1.0963356939258175,-1.2673399140326196,-0.3499327749819623,-1.230440801051298,-0.004357614038573,-0.0041943702405639,0.1970730387738202,0.0066317213961366,-0.1373232770907919,0.1379629712154814,-0.0260596888205881,-0.0276597140284855,-0.0931447270142624,-0.1437067244867594,-0.0977185991261648,-0.1274622504830055,0.0031432964315106,0.0024263098865888,0.0563064253409765,-0.1678825083137123,-0.1887158089232799,-0.140431450584172,-0.047722125340837,-0.0481706839301534,1.2230983482515223,0.9271143590309908,-0.301754266335682,1.1357310146893025,0.1831327449045568,0.1827480852580912,2.6051428524902125,0.4015586758928346,-0.4246718150208637,1.2289136126604736,0.1430014050880673,0.1425252107913369,1.7461309114715131,0.6697089397432864,-1.0598683976058427,1.3565629720972598,0.1855973669005454,0.1854920038455318,2.102968180211763,-0.0163701948098565,-0.5770993762832375,0.6226438518731189,0.241128277049832,0.2414064458179459,0.0182794000374458,-0.0874901561101501,-0.1311553038955873,-0.0975235937715251,-0.1206134067031157,-0.1197924596125166
71748300,42,1,0.99929965,0.7740628,0.976775965,HIGH,CRITICAL,BOTH_HIGH,STRONG_CORROBORATION,0.22523684999999993,1,0,0.01714101425,0.01714101425,0.0,71994276,"Both XGBoost and GraphSAGE assign high fraud risk, providing strong corroborating model evidence.",-0.1729453676317855,0.1223702944005798,1.5735945770991024,-0.1219695997591005,-0.0637245732388369,-0.1130020092847624,-0.0615837940730322,-0.1635993902917469,-0.1694145581760996,-0.0497069643940398,-0.1659030869241229,-0.0287412858566647,-0.0353905526008135,-0.0631999532943942,-0.0132816148700588,-0.056861984389395,-0.1711120139954598,-0.1729081406182527,-0.1761759050445679,-0.2432996524586214,-0.2434516511662217,-0.1397318395415795,-0.1489122939051883,-0.0801472696533522,-0.155661964609862,-0.010763009512837,-0.0121074517774784,-0.1397336393651989,-0.1489075929830197,-0.0801467358465918,-0.1556619346449103,-0.0106685610738475,-0.0120051821184178,-0.0246688306562535,-0.0312723904866303,-0.0230451563960962,-0.0262146551774309,0.0014278137097094,0.0014826437872997,-0.2272154464478222,-0.2393683687143703,-0.0752555315462277,-0.2349515175665409,0.0374680287743863,0.0434442213339417,-0.2272033238276858,-0.2432360925423977,-0.0978946778840727,-0.2358964234692872,0.0365766503766988,0.0423451348069101,-0.4139950909001513,-0.4883317935034463,-0.2325526205785921,-0.4675444493076756,0.0487668178548852,0.0529560645235839,-0.0391491637121248,-0.1728952022304946,-0.1631259900993975,-0.1609323777383998,-0.1964346530529631,-0.1961888389129267,-0.0391444478534708,-0.1728841617779958,-0.1631146528780142,-0.1609254918777317,-0.1964085394766894,-0.1961326277610877,-0.0170316758803496,-0.0300262352777919,-0.0176401196299049,-0.0150709000018306,-0.1407632224600331,-0.140334623887323,-0.0950292480159356,-0.2643838400779968,-0.250573517311816,-0.2636703564938549,-0.1691189058033812,-0.1671653815026433,-0.0587686729634771,-0.2624052301988505,-0.2551681497514608,-0.2592130458107434,-0.1871909645279049,-0.1852736257916989,-0.2937773825247494,-0.7619369376159003,-0.6942351992761703,-0.7209204289531086,0.0253079828897598,0.0252169034660526,-0.1705538754717112,-0.2026783467800117,-0.1168167152870516,-0.1928363738149764,-0.0146587756915064,-0.0188487129543817,1.1891557557503725,1.1977084237398727,-0.0834587840195169,1.198473938934389,-0.0887977253698474,-0.0904370818830761,-0.0217311903224112,-0.1064495014891277,-0.1345464749557279,-0.0564753463935242,-0.0031749902209437,-0.0040940903633603,0.4938113490280171,0.2737410450431671,-0.3499327749819623,0.3967192425492039,-0.004357614038573,-0.0041943702405639,-0.1164246038907396,-0.1766172824237854,-0.1373232770907919,-0.1524643713004826,-0.0260596888205881,-0.0276597140284855,-0.0931447270142624,-0.1437067244867594,-0.0977185991261648,-0.1274622504830055,0.0031432964315106,0.0024263098865888,-0.0406258448721772,-0.1852896990735785,-0.1887158089232799,-0.1804445711511345,-0.047722125340837,-0.0481706839301534,1.1022504914914737,0.8208593303044722,-0.301754266335682,1.0175192170113216,0.1831327449045568,0.1827480852580912,1.1637130446494497,-0.0451891328853863,-0.4246718150208637,0.3616625424694028,0.1430014050880673,0.1425252107913369,2.289137668697931,1.1924206753212654,-1.0598683976058427,1.9636750367050433,0.1855973669005454,0.1854920038455318,0.232939397297626,-0.5012827800219073,-0.5770993762832375,-0.3739311651268767,0.241128277049832,0.2414064458179459,0.0182794000374458,-0.0874901561101501,-0.1311553038955873,-0.0975235937715251,-0.1206134067031157,-0.1197924596125166
71450731,42,1,0.9993735,0.7684861,0.97628476,HIGH,CRITICAL,BOTH_HIGH,STRONG_CORROBORATION,0.23088740000000008,1,0,0.01714101425,0.01714101425,0.0,71994276,"Both XGBoost and GraphSAGE assign high fraud risk, providing strong corroborating model evidence.",-0.172866144530929,0.0766469812825953,1.5735945770991024,-0.1219695997591005,-0.0637245732388369,-0.1130020092847624,-0.0615837940730322,-0.1635194733375622,-0.169335761255145,-0.0497069643940398,-0.1658232591551086,-0.0287412858566647,-0.0353905526008135,-0.0631999532943942,-0.0132816148700588,-0.0557167604062521,-0.1710305647302927,-0.1729081406182527,-0.1759883216151824,-0.2432996524586214,-0.2434516511662217,-0.1397318056291117,-0.1489122722659438,-0.0801472696533522,-0.1556619358743691,-0.010763009512837,-0.0121074517774784,-0.1397336054475839,-0.148907571342334,-0.0801467358465918,-0.1556619059063453,-0.0106685610738475,-0.0120051821184178,-0.0246688306562535,-0.0312723904866303,-0.0230451563960962,-0.0262146551774309,0.0014278137097094,0.0014826437872997,-0.2272154464478222,-0.2393683687143703,-0.0752555315462277,-0.2349515175665409,0.0374680287743863,0.0434442213339417,-0.2272033238276858,-0.2432360925423977,-0.0978946778840727,-0.2358964234692872,0.0365766503766988,0.0423451348069101,-0.4140039106945278,-0.4883391288926904,-0.2325526205785921,-0.4675529122634763,0.0487668178548852,0.0529560645235839,-0.0391491637121248,-0.1728952022304946,-0.1631259900993975,-0.1609323777383998,-0.1964346530529631,-0.1961888389129267,-0.0391444478534708,-0.1728841617779958,-0.1631146528780142,-0.1609254918777317,-0.1964085394766894,-0.1961326277610877,-0.0170316758803496,-0.0300262352777919,-0.0176401196299049,-0.0150709000018306,-0.1407632224600331,-0.140334623887323,-0.0950292480159356,-0.2643838400779968,-0.250573517311816,-0.2636703564938549,-0.1691189058033812,-0.1671653815026433,-0.0587686729634771,-0.2624052301988505,-0.2551681497514608,-0.2592130458107434,-0.1871909645279049,-0.1852736257916989,-0.2937773825247494,-0.7619369376159003,-0.6942351992761703,-0.7209204289531086,0.0253079828897598,0.0252169034660526,-0.1697384532681308,-0.202038188722098,-0.1168167152870516,-0.192038463388571,-0.0146587756915064,-0.0188487129543817,1.1891557557503725,1.1977084237398727,-0.0834587840195169,1.198473938934389,-0.0887977253698474,-0.0904370818830761,-0.0665216427948888,-0.1404978602511423,-0.1345464749557279,-0.0992623989719095,-0.0031749902209437,-0.0040940903633603,-1.0963356939258175,-1.2673399140326196,-0.3499327749819623,-1.230440801051298,-0.004357614038573,-0.0041943702405639,-0.1164246038907396,-0.1766172824237854,-0.1373232770907919,-0.1524643713004826,-0.0260596888205881,-0.0276597140284855,-0.0931447270142624,-0.1437067244867594,-0.0977185991261648,-0.1274622504830055,0.0031432964315106,0.0024263098865888,-0.0406258448721772,-0.1852896990735785,-0.1887158089232799,-0.1804445711511345,-0.047722125340837,-0.0481706839301534,1.1022504914914737,0.8208593303044722,-0.301754266335682,1.0175192170113216,0.1831327449045568,0.1827480852580912,1.1637130446494497,-0.0451891328853863,-0.4246718150208637,0.3616625424694028,0.1430014050880673,0.1425252107913369,2.289137668697931,1.1924206753212654,-1.0598683976058427,1.9636750367050433,0.1855973669005454,0.1854920038455318,0.232939397297626,-0.5012827800219073,-0.5770993762832375,-0.3739311651268767,0.241128277049832,0.2414064458179459,0.0182794000374458,-0.0874901561101501,-0.1311553038955873,-0.0975235937715251,-0.1206134067031157,-0.1197924596125166
73220620,42,1,0.99958426,0.75966626,0.97559246,HIGH,CRITICAL,BOTH_HIGH,STRONG_CORROBORATION,0.23991799999999996,1,0,0.0,0.0,0.0,45390123,"Both XGBoost and GraphSAGE assign high fraud risk, providing strong corroborating model evidence.",-0.1724920760713209,0.078552119329178,1.5735945770991024,-0.1219695997591005,-0.0637245732388369,-0.1130020092847624,-0.0615837940730322,-0.1631366986476466,-0.168958351138701,-0.0497069643940398,-0.165440911631447,-0.0287412858566647,-0.0353905526008135,-0.0631999532943942,-0.0132816148700588,-0.0503093455657768,-0.1706459849697453,-0.1729081406182527,-0.1751026071743244,-0.2432996524586214,-0.2434516511662217,-0.1397316432000691,-0.1489121686214149,-0.0801472696533522,-0.1556617982412536,-0.010763009512837,-0.0121074517774784,-0.1397334429938881,-0.1489074676909018,-0.0801467358465918,-0.1556617682585154,-0.0106685610738475,-0.0120051821184178,-0.0246688306562535,-0.0312723904866303,-0.0230451563960962,-0.0262146551774309,0.0014278137097094,0.0014826437872997,-0.2272154464478222,-0.2393683687143703,-0.0752555315462277,-0.2349515175665409,0.0374680287743863,0.0434442213339417,-0.2272033238276858,-0.2432360925423977,-0.0978946778840727,-0.2358964234692872,0.0365766503766988,0.0423451348069101,-0.4139720633436274,-0.4883126415727742,-0.2325526205785921,-0.4675223534191843,0.0487668178548852,0.0529560645235839,-0.0391418311778426,-0.1728941235181061,-0.1631259900993975,-0.1609302269857251,-0.1964346530529631,-0.1961888389129267,-0.0391371138079344,-0.1728830829808247,-0.1631146528780142,-0.1609233410444431,-0.1964085394766894,-0.1961326277610877,-0.0170316758803496,-0.0300262352777919,-0.0176401196299049,-0.0150709000018306,-0.1407632224600331,-0.140334623887323,-0.0938342359938388,-0.2642534138610993,-0.250573517311816,-0.2634071855043009,-0.1691189058033812,-0.1671653815026433,-0.0588908638744741,-0.2624145588671942,-0.2551681497514608,-0.2592320459236382,-0.1871909645279049,-0.1852736257916989,0.7143921972304351,-0.3919183215000166,-0.6942351992761703,-0.0608852413592135,0.0253079828897598,0.0252169034660526,-0.1696864820565058,-0.2019973880304377,-0.1168167152870516,-0.1919876082960234,-0.0146587756915064,-0.0188487129543817,1.1895080630525252,1.1980666744090347,-0.0834587840195169,1.1988312154627951,-0.0887977253698474,-0.0904370818830761,0.1152008917227284,-0.0023578391339107,-0.1345464749557279,0.0743319991614979,-0.0031749902209437,-0.0040940903633603,1.5539093776639068,1.3011283510936915,-0.3499327749819623,1.4814926049495385,-0.004357614038573,-0.0041943702405639,-0.0119253896692196,-0.115534281150478,-0.1373232770907919,-0.0556552571284946,-0.0260596888205881,-0.0276597140284855,-0.0665847573081531,-0.128095316242596,-0.0977185991261648,-0.1050943598427655,0.0031432964315106,0.0024263098865888,-0.0417642015788331,-0.1854941262710635,-0.1887158089232799,-0.1809144786860707,-0.047722125340837,-0.0481706839301534,1.9159514050552944,1.53630283309815,-0.301754266335682,1.8134708403453104,0.1831327449045568,0.1827480852580912,0.6781892850925403,-0.195669353643923,-0.4246718150208637,0.0695421785165586,0.1430014050880673,0.1425252107913369,-0.4258961174341557,-1.4211380025686302,-1.0598683976058427,-1.071885286333873,0.1855973669005454,0.1854920038455318,0.8720631585467615,-0.3355531622912064,-0.5770993762832375,-0.0333295770382706,0.241128277049832,0.2414064458179459,0.0182794000374458,-0.0874901561101501,-0.1311553038955873,-0.0975235937715251,-0.1206134067031157,-0.1197924596125166
71748458,42,1,0.99888426,0.75890905,0.974886739,HIGH,CRITICAL,BOTH_HIGH,STRONG_CORROBORATION,0.23997521,2,1,0.506496095725,0.999254265,0.5,"71988265,70891960","Both XGBoost and GraphSAGE assign high fraud risk, providing strong corroborating model evidence.",-0.172946938406372,0.1059384787488041,1.5735945770991024,-0.1219695997591005,-0.0637245732388369,-0.1130020092847624,-0.0615837940730322,-0.1636014070987647,-0.1694165467176399,-0.0497069643940398,-0.1659051014804383,-0.0287412858566647,-0.0353905526008135,-0.0631999532943942,-0.0132816148700588,-0.0568846910079079,-0.1711136289087165,-0.1729081406182527,-0.1761796243042351,-0.2432996524586214,-0.2434516511662217,-0.1397318403974042,-0.1489122944512824,-0.0801472696533522,-0.1556619653350391,-0.010763009512837,-0.0121074517774784,-0.1397336402211535,-0.1489075935291502,-0.0801467358465918,-0.1556619353701649,-0.0106685610738475,-0.0120051821184178,-0.0246688306562535,-0.0312723904866303,-0.0230451563960962,-0.0262146551774309,0.0014278137097094,0.0014826437872997,-0.2272154464478222,-0.2393683687143703,-0.0752555315462277,-0.2349515175665409,0.0374680287743863,0.0434442213339417,-0.2272033238276858,-0.2432360925423977,-0.0978946778840727,-0.2358964234692872,0.0365766503766988,0.0423451348069101,-0.4140109116208033,-0.4883449515362926,-0.2325526205785921,-0.4675596299404542,0.0487668178548852,0.0529560645235839,-0.0391508040403978,-0.1728954435443925,-0.1631259900993975,-0.1609328588736096,-0.1964346530529631,-0.1961888389129267,-0.0391460885198197,-0.1728844031108601,-0.1631146528780142,-0.1609259730309753,-0.1964085394766894,-0.1961326277610877,-0.0170316758803496,-0.0300262352777919,-0.0176401196299049,-0.0150709000018306,-0.1407632224600331,-0.140334623887323,-0.0952533127700787,-0.2644082949936651,-0.250573517311816,-0.2637197010543963,-0.1691189058033812,-0.1671653815026433,-0.0587686729634771,-0.2624052301988505,-0.2551681497514608,-0.2592130458107434,-0.1871909645279049,-0.1852736257916989,-0.2938495535773247,-0.7619634258511474,-0.6942351992761703,-0.7209676783793777,0.0253079828897598,0.0252169034660526,-0.1669596283136226,-0.1998566351927127,-0.1168167152870516,-0.1893193156947482,-0.0146587756915064,-0.0188487129543817,1.1891877836869318,1.197740991982524,-0.0834587840195169,1.1985064186187897,-0.0887977253698474,-0.0904370818830761,-0.1556702031737946,-0.2082659224015133,-0.1345464749557279,-0.1844234975913852,-0.0031749902209437,-0.0040940903633603,1.023860363345962,0.7874346980684294,-0.3499327749819623,0.9391059237493712,-0.004357614038573,-0.0041943702405639,-0.0119253896692196,-0.115534281150478,-0.1373232770907919,-0.0556552571284946,-0.0260596888205881,-0.0276597140284855,-0.0834865562120409,-0.1380298487616091,-0.0977185991261648,-0.1193284720683728,0.0031432964315106,0.0024263098865888,-0.1248244428976012,-0.2004101646761985,-0.1887158089232799,-0.2152013002254869,-0.047722125340837,-0.0481706839301534,1.1022504914914737,0.8208593303044722,-0.301754266335682,1.0175192170113216,0.1831327449045568,0.1827480852580912,-0.0345422628401047,-0.4165689462248433,-0.4246718150208637,-0.359280088333503,0.1430014050880673,0.1425252107913369,1.7461309114715131,0.6697089397432864,-1.0598683976058427,1.3565629720972598,0.1855973669005454,0.1854920038455318,-0.2168143606184322,-0.6179073258324005,-0.5770993762832375,-0.6136137641521922,0.241128277049832,0.2414064458179459,-0.098888736679456,-0.106714613806669,-0.1311553038955873,-0.1836705632417872,-0.1206134067031157,-0.1197924596125166
190135471,49,1,0.97495645,0.96941155,0.97440196,HIGH,CRITICAL,BOTH_HIGH,STRONG_CORROBORATION,0.005544899999999964,25,0,0.00011690850699216666,0.0004092994056,0.0,"171746189,171596143,158311519,158724567,188659085,194079659,194011547,188679803,171748320,124241011","Both XGBoost and GraphSAGE assign high fraud risk, providing strong corroborating model evidence.",-0.1672054603953496,4.292945266614775,2.128587252854236,11.959069248313634,-0.0637245732388369,13.221093922804464,-0.0615837940730322,-0.1636443717160669,-0.1675807043093687,-0.047806649296359,-0.1659123619585705,0.1546371434129878,-0.0587348960231261,-0.0631999532943942,-0.0132816148700588,0.0261122915112802,-0.1652108157151606,-0.1729081406182527,-0.1625850272308545,-0.2432996524586214,-0.2434516511662217,-0.1397318586292827,-0.1489117902914484,-0.0801471835351541,-0.1556619664462618,0.0769832410947753,0.0396061752420097,-0.1397336584557992,-0.1489070893357369,-0.0801466497284612,-0.1556619364815064,0.0770766174715977,0.0397051284473764,-0.0246688306562535,-0.0312723904866303,-0.0230451563960962,-0.0262146551774309,0.0014278137097094,0.0014826437872997,-0.2272154464478222,-0.2392525622700654,-0.0752120940518803,-0.2349505457830897,-0.3698834843653138,0.1984306092311633,-0.2272033238276858,-0.2431301468050462,-0.0978347125373037,-0.235895758847657,-0.4411851068951618,-0.4332161642819859,-0.4140149954944641,0.0359748000342932,-0.097815133806733,-0.4638046052311734,-0.3149567098493762,-1.9107741402875924,-0.0391411201110826,-0.1728940189108185,-0.1631259900993975,-0.1609300184181716,-0.1964346530529631,-0.1961888389129267,-0.0391364025946217,-0.1728829783653153,-0.1631146528780142,-0.1609231324690722,-0.1964085394766894,-0.1961326277610877,-0.0170316758803496,-0.0300262352777919,-0.0176401196299049,-0.0150709000018306,-0.1407632224600331,-0.140334623887323,-0.0954026892728408,-0.2644245982707773,-0.250573517311816,-0.2637525974280905,-0.1691189058033812,-0.1671653815026433,-0.0590130547854711,-0.2624238875355379,-0.2551681497514608,-0.259251046036533,-0.1871909645279049,-0.1852736257916989,-0.1328464106883115,-0.7028720177007776,-0.6942351992761703,-0.6155610664820402,0.0253079828897598,0.0252169034660526,-0.1710919653602772,-0.154749451208073,-0.06814629654403,-0.1837746342442226,-0.1389278035332234,0.1033264339049131,1.6409738567930026,1.6574091687599004,-0.0819706716619789,1.6567863448517397,1.7025436443609518,1.7574949528556671,-0.1572250876157051,0.1543862728006797,0.2693195866597164,-0.0058879112140728,1.1063352669419462,1.180722711117528,-0.5662866796078726,1.3011283510936915,1.2469162726676202,1.1935589346827835,0.2444612334401423,0.4765815044955778,-0.1164246038907396,0.1898807252160588,0.2368751564336761,-0.0096410485405742,1.6398147626112418,1.6704932071333765,-0.0955592697148178,-0.0869379672352561,-0.0501875353670179,-0.0881238838912479,0.6132310071613863,0.7348098967603675,0.5417280840319942,-0.0807100177362803,-0.1887158089232799,0.0599480031550932,-0.047722125340837,-0.0481706839301534,1.6614639129440856,1.3125456518805558,-0.301754266335682,1.5645344939708816,0.1831327449045568,0.1827480852580912,0.657626424058858,-0.202042479174586,-0.4246718150208637,0.0571703216695263,0.1430014050880673,0.1425252107913369,1.7461309114715131,0.6697089397432864,-1.0598683976058427,1.3565629720972598,0.1855973669005454,0.1854920038455318,1.440173168545993,-0.1882379465305833,-0.5770993762832375,0.2694273901516014,0.241128277049832,0.2414064458179459,0.0182794000374458,-0.0874901561101501,-0.1311553038955873,-0.0975235937715251,-0.1206134067031157,-0.1197924596125166
71993480,42,1,0.99989057,0.74393326,0.974294839,HIGH,CRITICAL,BOTH_HIGH,STRONG_CORROBORATION,0.25595731,2,0,2.119097487e-05,2.119097487e-05,0.0,"73160850,71783466","Both XGBoost and GraphSAGE assign high fraud risk, providing strong corroborating model evidence.",-0.1725496328525319,0.0111578609313156,1.018601901343969,-0.1219695997591005,-0.0637245732388369,-0.1130020092847624,-0.0615837940730322,-0.1631972679747626,-0.1690180715888824,-0.0497069643940398,-0.1655014133648238,-0.0287412858566647,-0.0353905526008135,-0.0631999532943942,-0.0132816148700588,-0.0511413681137782,-0.1707051590930038,-0.1729081406182527,-0.1752388893734204,-0.2432996524586214,-0.2434516511662217,-0.1397316689024419,-0.1489121850218707,-0.0801472696533522,-0.1556618200199798,-0.010763009512837,-0.0121074517774784,-0.139733468700162,-0.14890748409245,-0.0801467358465918,-0.1556617900395701,-0.0106685610738475,-0.0120051821184178,-0.0246688306562535,-0.0312723904866303,-0.0230451563960962,-0.0262146551774309,0.0014278137097094,0.0014826437872997,-0.2272154464478222,-0.2393683687143703,-0.0752555315462277,-0.2349515175665409,0.0374680287743863,0.0434442213339417,-0.2272033238276858,-0.2432360925423977,-0.0978946778840727,-0.2358964234692872,0.0365766503766988,0.0423451348069101,-0.4140150641309962,-0.4883484051631351,-0.2325526205785921,-0.4675636144449362,0.0487668178548852,0.0529560645235839,-0.0391168419451955,-0.1728904472727868,-0.1631259900993975,-0.1609228972335704,-0.1964346530529631,-0.1961888389129267,-0.0391121194249417,-0.1728794064465664,-0.1631146528780142,-0.1609160110175567,-0.1964085394766894,-0.1961326277610877,-0.0170316758803496,-0.0300262352777919,-0.0176401196299049,-0.0150709000018306,-0.1407632224600331,-0.140334623887323,-0.0918176532065505,-0.2640333196200848,-0.250573517311816,-0.2629630844594285,-0.1691189058033812,-0.1671653815026433,-0.0590130547854711,-0.2624238875355379,-0.2551681497514608,-0.259251046036533,-0.1871909645279049,-0.1852736257916989,-0.2936728855243152,-0.7618985851043136,-0.6942351992761703,-0.7208520161595969,0.0253079828897598,0.0252169034660526,-0.1209124533657538,-0.1637066874017322,-0.1168167152870516,-0.1442610368839796,-0.0146587756915064,-0.0188487129543817,1.1892838674966095,1.197838696710477,-0.0834587840195169,1.1986038576719913,-0.0887977253698474,-0.0904370818830761,0.3815551529009351,0.2001166825950113,-0.1345464749557279,0.3287726923987841,-0.0031749902209437,-0.0040940903633603,1.5539093776639068,1.3011283510936915,-0.3499327749819623,1.4814926049495385,-0.004357614038573,-0.0041943702405639,0.3015722529953402,0.067714722669444,-0.1373232770907919,0.2347720853874694,-0.0260596888205881,-0.0276597140284855,-0.059341129206487,-0.1238376594487332,-0.0977185991261648,-0.098994026031791,0.0031432964315106,0.0024263098865888,-0.0730746351691853,-0.1911168841935064,-0.1887158089232799,-0.1938392575187512,-0.047722125340837,-0.0481706839301534,1.1023703207991185,0.8209646897776766,-0.301754266335682,1.0176364324775369,0.1831327449045568,0.1827480852580912,1.3350771055467014,0.0079223806220699,-0.4246718150208637,0.4647654923300368,0.1430014050880673,0.1425252107913369,0.6601173970186788,-0.3757145314126718,-1.0598683976058427,0.1423388428816934,0.1855973669005454,0.1854920038455318,0.9194056593800308,-0.3232768943111545,-0.5770993762832375,-0.0080998297724479,0.241128277049832,0.2414064458179459,0.0182794000374458,-0.0874901561101501,-0.1311553038955873,-0.0975235937715251,-0.1206134067031157,-0.1197924596125166
71450516,42,1,0.99727964,0.7582808,0.973379756,HIGH,CRITICAL,BOTH_HIGH,STRONG_CORROBORATION,0.23899884000000005,2,2,0.9995914205,0.999636135,1.0,"71988430,71988753","Both XGBoost and GraphSAGE assign high fraud risk, providing strong corroborating model evidence.",-0.172830681848878,0.1528525031459027,1.5735945770991024,-0.1219695997591005,-0.0438745479173489,-0.1130020092847624,-0.0615837940730322,-0.1634812898519971,-0.1692981129097527,-0.0497069643940398,-0.1657851182812859,-0.0287412858566647,-0.0353905526008135,-0.0429552992580282,-0.0132816148700588,-0.0565615682493902,-0.1710538215433605,-0.1728658157546631,-0.1760842908508946,0.8870578724766534,0.8845565252702963,-0.139731789426089,-0.148912261926939,-0.0801472696533522,-0.1556619221448509,-0.010763009512837,-0.0121074517774784,-0.1397335892421019,-0.1489075610026405,-0.0801467358465918,-0.1556618921753592,-0.0106685610738475,-0.0120051821184178,-0.0246688306562535,-0.0312723904866303,-0.0230451563960962,-0.0262146551774309,0.0014278137097094,0.0014826437872997,-0.2272154464478222,-0.2393683687143703,-0.0752555315462277,-0.2349515175665409,0.0374680287743863,0.0434442213339417,-0.2272033238276858,-0.2432360925423977,-0.0978946778840727,-0.2358964234692872,0.0365766503766988,0.0423451348069101,-0.4140039106945278,-0.4883391288926904,-0.2325526205785921,-0.4675529122634763,0.0487668178548852,0.0529560645235839,-0.0391509762696311,-0.1728954435443925,-0.1631259631197758,-0.1609328841324403,-1.316342283664295,-1.3153883882753692,-0.03914626078455,-0.1728844031108601,-0.1631146258981239,-0.1609259982907528,-1.3163333780274464,-1.315375381290753,-0.0170316758803496,-0.0300262352777919,-0.0176401196299049,-0.0150709000018306,-0.1407632224600331,-0.140334623887323,-0.0954026892728408,-0.2644082949936651,-0.2505567473923781,-0.2637361492412434,-1.4717644946197317,-1.470277463738429,-0.0590130547854711,-0.2624052301988505,-0.2551489818490621,-0.2592320459236382,-1.4999715377938674,-1.498585280585486,-0.2938495535773247,-0.7619634258511474,-0.6942351992761703,-0.7209676783793777,0.0253079828897598,0.0252169034660526,0.5008758098033109,0.3244364674400927,-0.1168167152870516,0.4641738769810666,-0.0146587756915064,-0.0188487129543817,1.1891557557503725,1.1977084237398727,-0.0834587840195169,1.198473938934389,-0.0887977253698474,-0.0904370818830761,0.0448443157211093,-0.055840798307901,-0.1345464749557279,0.0071223517826014,-0.0031749902209437,-0.0040940903633603,1.5539093776639068,1.3011283510936915,-0.3499327749819623,1.4814926049495385,-0.004357614038573,-0.0041943702405639,-0.1164246038907396,-0.1766172824237854,-0.1373232770907919,-0.1524643713004826,-0.0260596888205881,-0.0276597140284855,-0.0689993000087085,-0.1295145351738836,-0.0977185991261648,-0.1071278044464237,0.0031432964315106,0.0024263098865888,-0.1247653526724525,-0.2003823251154325,-0.1886939356221502,-0.2151571073933181,1.0642045463479908,1.0637874876466933,1.1022504914914737,0.8208593303044722,-0.301754266335682,1.0175192170113216,0.1831327449045568,0.1827480852580912,-0.0462299084002608,-0.4170401522513206,-0.4208186414037965,-0.3632534497619989,-1.015963373517306,-1.0162304272806977,1.203124154245096,0.6697089397432864,-0.4533295316850304,1.0530069397933683,1.4881129012284324,1.487932476808418,-0.2168143606184322,-0.6179073258324005,-0.5770993762832375,-0.6136137641521922,0.241128277049832,0.2414064458179459,-0.098888736679456,-0.106714613806669,-0.1311553038955873,-0.1836705632417872,-0.1206134067031157,-0.1197924596125166
72632811,42,1,0.9886805,0.8237795,0.9721904,HIGH,CRITICAL,BOTH_HIGH,STRONG_CORROBORATION,0.16490099999999996,3,1,0.5017663828465,0.998306735,0.5,"72384062,73000659,73031052","Both XGBoost and GraphSAGE assign high fraud risk, providing strong corroborating model evidence.",-0.1728460448228725,0.0578337430725913,1.5735945770991024,-0.1219695997591005,-0.0438745479173489,-0.1130020092847624,-0.0615837940730322,-0.163499377418363,-0.1693159469795284,-0.0497069643940398,-0.1658031856624144,-0.0287412858566647,-0.0353905526008135,-0.0429552992580282,-0.0132816148700588,-0.0570117534264771,-0.1710375986784568,-0.1728103730080492,-0.1761024789760518,0.8870578724766534,0.8845565252702963,-0.1397317971014817,-0.1489122668245389,-0.0801472696533522,-0.1556619286485414,-0.010763009512837,-0.0121074517774784,-0.1397335969186596,-0.1489075659005667,-0.0801467358465918,-0.155661898679745,-0.0106685610738475,-0.0120051821184178,-0.0246688306562535,-0.0312723904866303,-0.0230451563960962,-0.0262146551774309,0.0014278137097094,0.0014826437872997,-0.2272154464478222,-0.2393683687143703,-0.0752555315462277,-0.2349515175665409,0.0374680287743863,0.0434442213339417,-0.2272033238276858,-0.2432360925423977,-0.0978946778840727,-0.2358964234692872,0.0365766503766988,0.0423451348069101,-0.4139826676878388,-0.4883214611652894,-0.2325526205785921,-0.4675325287240186,0.0487668178548852,0.0529560645235839,-0.0391509489044131,-0.1728947796658581,-0.1631252604933912,-0.1609322182936983,-1.316342283664295,-1.3153883882753692,-0.0391462334136919,-0.1728837391801473,-0.1631139232647429,-0.160925332427054,-1.3163333780274464,-1.315375381290753,-0.0170316758803496,-0.0300262352777919,-0.0176401196299049,-0.0150709000018306,-0.1407632224600331,-0.140334623887323,-0.0954026892728408,-0.2643756884394407,-0.2505232075535023,-0.2637032528675492,-1.4717644946197317,-1.470277463738429,-0.0590130547854711,-0.2624052301988505,-0.2551489818490621,-0.2592320459236382,-1.4999715377938674,-1.498585280585486,-0.2938624068369107,-0.7618889615958713,-0.6941394409333347,-0.720905471543457,-1.0849067857111534,-1.0848448955263614,-0.1710045437609884,-0.2030321499209615,-0.1168167152870516,-0.1932773636792279,-0.0146587756915064,-0.0188487129543817,1.189411979242847,1.1979689696810816,-0.0834587840195169,1.1987337764095936,-0.0887977253698474,-0.0904370818830761,-0.1249159448520594,-0.1848874575056397,-0.1345464749557279,-0.1550448243433331,-0.0031749902209437,-0.0040940903633603,0.4938113490280171,0.2737410450431671,-0.3499327749819623,0.3967192425492039,-0.004357614038573,-0.0041943702405639,-0.1164246038907396,-0.1766172824237854,-0.1373232770907919,-0.1524643713004826,-0.0260596888205881,-0.0276597140284855,-0.0931447270142624,-0.1437067244867594,-0.0977185991261648,-0.1274622504830055,0.0031432964315106,0.0024263098865888,-0.124629938998448,-0.1647238533878524,-0.1434517185798919,-0.1741459018528743,-1.159648797029665,-1.1601288555070002,1.1023703207991185,0.8209646897776766,-0.301754266335682,1.0176364324775369,0.1831327449045568,0.1827480852580912,-0.0334020047366748,0.4382368792268963,0.620124979134882,0.4707606447199983,-1.015963373517306,-1.0162304272806977,1.7461309114715131,1.1924206753212654,-0.4533295316850304,1.6601190044011516,-1.1169181674273414,-1.116948469117354,-0.2168143606184322,-0.2987243583510506,-0.1885060804182396,-0.2856270496964974,-0.979073766855825,-0.9785560465643004,-0.098888736679456,-0.0874901561101501,-0.0846742330262522,-0.1405970785066562,-1.7609264293068194,-1.760984402318598
72294609,42,1,0.99846774,0.7288654,0.971507506,HIGH,CRITICAL,BOTH_HIGH,STRONG_CORROBORATION,0.26960234000000005,1,0,0.0,0.0,0.0,71467415,"Both XGBoost and GraphSAGE assign high fraud risk, providing strong corroborating model evidence.",-0.1728629319584984,0.0806953996315835,1.5735945770991024,-0.1219695997591005,-0.0637245732388369,-0.1130020092847624,-0.0615837940730322,-0.1635160854683354,-0.1693324208667832,-0.0497069643940398,-0.1658198750666526,-0.0287412858566647,-0.0353905526008135,-0.0631999532943942,-0.0132816148700588,-0.0556703204795727,-0.1710272618847724,-0.1729081406182527,-0.175980714927901,-0.2432996524586214,-0.2434516511662217,-0.1397318041914818,-0.1489122713486049,-0.0801472696533522,-0.1556619346562034,-0.010763009512837,-0.0121074517774784,-0.1397336040097357,-0.148907570424934,-0.0801467358465918,-0.1556619046880493,-0.0106685610738475,-0.0120051821184178,-0.0246688306562535,-0.0312723904866303,-0.0230451563960962,-0.0262146551774309,0.0014278137097094,0.0014826437872997,-0.2272154464478222,-0.2393683687143703,-0.0752555315462277,-0.2349515175665409,0.0374680287743863,0.0434442213339417,-0.2272033238276858,-0.2432360925423977,-0.0978946778840727,-0.2358964234692872,0.0365766503766988,0.0423451348069101,-0.4139677049238383,-0.4883090166917081,-0.2325526205785921,-0.4675181713359677,0.0487668178548852,0.0529560645235839,-0.039150695143529,-0.1728954275242285,-0.1631259900993975,-0.1609328269323704,-0.1964346530529631,-0.1961888389129267,-0.0391459796005071,-0.172884387089437,-0.1631146528780142,-0.1609259410885389,-0.1964085394766894,-0.1961326277610877,-0.0170316758803496,-0.0300262352777919,-0.0176401196299049,-0.0150709000018306,-0.1407632224600331,-0.140334623887323,-0.0952533127700787,-0.2644082949936651,-0.250573517311816,-0.2637197010543963,-0.1691189058033812,-0.1671653815026433,-0.0588908638744741,-0.2624145588671942,-0.2551681497514608,-0.2592320459236382,-0.1871909645279049,-0.1852736257916989,-0.2910580826604393,-0.7609388995945185,-0.6942351992761703,-0.7191401395731217,0.0253079828897598,0.0252169034660526,-0.1708653608255949,-0.2029228825043703,-0.1168167152870516,-0.1931411697972848,-0.0146587756915064,-0.0188487129543817,1.1892518395600504,1.197806128467826,-0.0834587840195169,1.1985713779875906,-0.0887977253698474,-0.0904370818830761,-0.1023095477480843,-0.1677027523637197,-0.1345464749557279,-0.1334495724960785,-0.0031749902209437,-0.0040940903633603,-0.0362376652899277,-0.2399526079820951,-0.3499327749819623,-0.1456674386509633,-0.004357614038573,-0.0041943702405639,-0.1164246038907396,-0.1766172824237854,-0.1373232770907919,-0.1524643713004826,-0.0260596888205881,-0.0276597140284855,-0.0931447270142624,-0.1437067244867594,-0.0977185991261648,-0.1274622504830055,0.0031432964315106,0.0024263098865888,-0.1144336917439491,-0.1985441835424421,-0.1887158089232799,-0.2109120539530317,-0.047722125340837,-0.0481706839301534,1.1047669069520198,0.8230718792417622,-0.301754266335682,1.0199807418018398,0.1831327449045568,0.1827480852580912,0.6213437004036155,-0.2132877213648848,-0.4246718150208637,0.0353404477843791,0.1430014050880673,0.1425252107913369,1.7461309114715131,0.6697089397432864,-1.0598683976058427,1.3565629720972598,0.1855973669005454,0.1854920038455318,0.1382543956310874,-0.525835315982011,-0.5770993762832375,-0.4243906596585221,0.241128277049832,0.2414064458179459,0.0182794000374458,-0.0874901561101501,-0.1311553038955873,-0.0975235937715251,-0.1206134067031157,-0.1197924596125166
73223970,42,1,0.98871124,0.8109742,0.970937536,HIGH,CRITICAL,BOTH_HIGH,STRONG_CORROBORATION,0.17773704,1,0,0.0102071521,0.0102071521,0.0,73223972,"Both XGBoost and GraphSAGE assign high fraud risk, providing strong corroborating model evidence.",-0.1725769326537116,0.0725985629336071,1.5735945770991024,-0.1219695997591005,-0.0438745479173489,-0.1130020092847624,-0.0615837940730322,-0.1632236678760141,-0.1690441014964702,-0.0497069643940398,-0.1655277838044959,-0.0287412858566647,-0.0353905526008135,-0.0429552992580282,-0.0132816148700588,-0.0562185289881147,-0.1708173392437362,-0.1726220661579607,-0.1757838788263811,-1.373657177393896,-1.37145982760274,-0.1397316801051437,-0.1489121921702151,-0.0801472696533522,-0.155661829512511,-0.010763009512837,-0.0121074517774784,-0.1397334799045641,-0.1489074912412706,-0.0801467358465918,-0.155661799533116,-0.0106685610738475,-0.0120051821184178,-0.0246688306562535,-0.0312723904866303,-0.0230451563960962,-0.0262146551774309,0.0014278137097094,0.0014826437872997,-0.2272154464478222,-0.2393683687143703,-0.0752555315462277,-0.2349515175665409,0.0374680287743863,0.0434442213339417,-0.2272033238276858,-0.2432360925423977,-0.0978946778840727,-0.2358964234692872,0.0365766503766988,0.0423451348069101,-0.4139720633436274,-0.4883126415727742,-0.2325526205785921,-0.4675223534191843,0.0487668178548852,0.0529560645235839,-0.0391509972358816,-0.1728953765765694,-0.1631258885265452,-0.1609328204465962,-1.316342283664295,-1.3153883882753692,-0.0391462817551217,-0.1728843361377736,-0.1631145513041505,-0.1609259346025217,-1.3163333780274464,-1.315375381290753,-0.0170316758803496,-0.0300262352777919,-0.0176401196299049,-0.0150709000018306,-0.1407632224600331,-0.140334623887323,-0.0954026892728408,-0.2644164466322212,-0.2505651323520971,-0.263744373334667,-1.4717644946197317,-1.470277463738429,-0.0590130547854711,-0.2624238875355379,-0.2551681497514608,-0.259251046036533,-0.1871909645279049,-0.1852736257916989,-0.2937257124212137,-0.678166773262912,-0.5929506844072293,-0.646189360536628,-1.0849067857111534,-1.0848448955263614,-0.1625642108435978,-0.1964059541847931,-0.1168167152870516,-0.1850182929701551,-0.0146587756915064,-0.0188487129543817,1.1895080630525252,1.1980666744090347,-0.0834587840195169,1.1988312154627951,-0.0887977253698474,-0.0904370818830761,-0.0200596061904359,-0.1051788133606396,-0.1345464749557279,-0.054878529344445,-0.0031749902209437,-0.0040940903633603,1.5539093776639068,1.3011283510936915,-0.3499327749819623,1.4814926049495385,-0.004357614038573,-0.0041943702405639,-0.1164246038907396,-0.1766172824237854,-0.1373232770907919,-0.1524643713004826,-0.0260596888205881,-0.0276597140284855,-0.0859010989125963,-0.1394490676928966,-0.0977185991261648,-0.1213619166720309,0.0031432964315106,0.0024263098865888,-0.1247034602903574,-0.1992212154221689,-0.1872338666290603,-0.2138098378546048,-1.159648797029665,-1.1601288555070002,1.102759766048965,0.9887496508554958,0.1350585705790858,1.1111597225839511,-0.9757375123778044,-0.9752365572215276,-0.0324517896504832,-0.4114893964774647,-0.4192529471262396,-0.3537208622873153,-1.015963373517306,-1.0162304272806977,0.6601173970186788,0.6697089397432864,0.1532093342357819,0.7494509074894767,1.4881129012284324,1.487932476808418,-0.2168143606184322,-0.5933547898722966,-0.5472075842936223,-0.5883840168863694,-0.979073766855825,-0.9785560465643004,-0.098888736679456,-0.106714613806669,-0.1311553038955873,-0.1836705632417872,-0.1206134067031157,-0.1197924596125166
75078587,46,1,0.9740189,0.9413814,0.97075515,HIGH,CRITICAL,BOTH_HIGH,STRONG_CORROBORATION,0.032637499999999986,45,0,1.8759064651327502e-05,4.509104989e-05,0.0,"16729638,15629510,195422155,66576074,11306533,29454726,195422125,194348508,66536378,81543747","Both XGBoost and GraphSAGE assign high fraud risk, providing strong corroborating model evidence.",-0.1600261917832408,73.59505187347129,2.683579928609369,37.32174707842907,-0.0637245732388369,41.48266831974829,-0.0615837940730322,-0.1636440270951116,-0.1688558754228069,-0.0491714261597479,-0.1659193415388764,-0.0909005232999652,-0.0721437672867082,-0.0631999532943942,-0.0132816148700588,0.1298935182887439,-0.1578298100921695,-0.1729081406182527,-0.1455860482439429,-0.2432996524586214,-0.2434516511662217,-0.1397318584830441,-0.1489121316586477,-0.0801472421465805,-0.1556619699474441,-0.1086535614462642,-0.0482372189199066,-0.1397336583095384,-0.1489074307256728,-0.0801467083398417,-0.155661939983063,-0.1085579170045221,-0.0481326322178034,-0.0246688306562535,-0.0312723904866303,-0.0230451563960962,-0.0262146551774309,0.0014278137097094,0.0014826437872997,-0.2272154464478222,-0.2392881950221592,-0.0752363759778267,-0.2349511471455548,-0.0023927803560931,-0.0835624071771752,-0.2272033238276858,-0.2431494096663828,-0.0978639906599046,-0.235896149403495,0.0051908150024338,-0.1212097558069537,-0.4140241241532351,-0.4263558318823395,-0.2231840933249091,-0.4670762473753421,-0.0797086163808196,-2.1742554854369347,-0.0391286696080699,-0.172892187277808,-0.1631259900993975,-0.1609263664812525,-0.1964346530529631,-0.1961888389129267,-0.0391239495255281,-0.1728811465883454,-0.1631146528780142,-0.1609194803952722,-0.1964085394766894,-0.1961326277610877,-0.0170316758803496,-0.0300262352777919,-0.0176401196299049,-0.0150709000018306,-0.1407632224600331,-0.140334623887323,-0.0954026892728408,-0.2644245982707773,-0.250573517311816,-0.2637525974280905,-0.1691189058033812,-0.1671653815026433,-0.0590130547854711,-0.2624238875355379,-0.2551681497514608,-0.259251046036533,-0.1871909645279049,-0.1852736257916989,-0.2669300722982138,-0.7520834320391214,-0.6942351992761703,-0.7033438527524402,0.0253079828897598,0.0252169034660526,-0.1710968574694737,0.1547521609752979,-0.0334328053089495,-0.1841602309622208,-0.1770662084381826,-0.423659581429851,1.4469486171165118,1.4605667101767583,-0.0800089734794356,1.4601769822514512,1.9591687983890784,2.1352733445166403,-0.1043190052684377,1.0621890212970382,1.159658697124983,0.5366186591013482,0.0553525713874879,0.0851762517063556,-0.5662866796078726,1.8148220041189536,1.336731216185538,1.4261691634671232,0.0833616248746931,0.2214071560675348,-0.1164246038907396,0.3731297290359809,0.2855384893309912,0.0456070762954051,-0.0848486435977879,0.0462212665715301,-0.0955592697148178,-0.0826803104413933,-0.0515292598463931,-0.0816975462330746,0.2279154042480152,0.2207270112702281,1.3548293164035834,0.0653074873510391,-0.1887158089232799,0.3955918250988736,-0.047722125340837,-0.0481706839301534,1.3622800890812667,1.0494893871577644,-0.301754266335682,1.2718767786982013,0.1831327449045568,0.1827480852580912,0.2053178459767683,-0.3422281927283113,-0.4246718150208637,-0.2149657867032428,0.1430014050880673,0.1425252107913369,1.7461309114715131,0.6697089397432864,-1.0598683976058427,1.3565629720972598,0.1855973669005454,0.1854920038455318,1.1797894139630118,-0.2557574204208689,-0.5770993762832375,0.1306637801895767,0.241128277049832,0.2414064458179459,0.0182794000374458,-0.0874901561101501,-0.1311553038955873,-0.0975235937715251,-0.1206134067031157,-0.1197924596125166
72630340,42,1,0.98579794,0.8328801,0.970506156,HIGH,CRITICAL,BOTH_HIGH,STRONG_CORROBORATION,0.15291783999999997,2,1,0.999047509,0.999047509,1.0,"73001046,72294364","Both XGBoost and GraphSAGE assign high fraud risk, providing strong corroborating model evidence.",-0.1716070351370258,0.0978416420508277,1.018601901343969,-0.1219695997591005,-0.0438745479173489,-0.1130020092847624,-0.0615837940730322,-0.1622306903496765,-0.1680650405143453,-0.0497069643940398,-0.164535914414358,-0.0287412858566647,-0.0353905526008135,-0.0429552992580282,-0.0132816148700588,-0.0527412186641527,-0.1700674968165956,-0.1720445041206771,-0.1746356234541144,-1.373657177393896,-1.37145982760274,-0.1397272998060684,-0.1489093971402932,-0.0801472696533522,-0.1556581178966639,-0.010763009512837,-0.0121074517774784,-0.1397290989406554,-0.1489046960251866,-0.0801467358465918,-0.1556580875204613,-0.0106685610738475,-0.0120051821184178,-0.0246688306562535,-0.0312723904866303,-0.0230451563960962,-0.0262146551774309,0.0014278137097094,0.0014826437872997,-0.2270829912308288,-0.2392436540820419,-0.0752555315462277,-0.2348218702213984,0.0374680287743863,0.0434442213339417,-0.2270654651111616,-0.2431012525130412,-0.0978946778840727,-0.2357593905731873,0.0365766503766988,0.0423451348069101,-0.4139826676878388,-0.4883214611652894,-0.2325526205785921,-0.4675325287240186,0.0487668178548852,0.0529560645235839,-0.0391505800673434,-0.1728925634677106,-0.1631229584127725,-0.1609299548564332,-1.316342283664295,-1.3153883882753692,-0.039145864500604,-0.1728815228078151,-0.1631116211612012,-0.1609230689049514,-1.3163333780274464,-1.315375381290753,-0.0170316758803496,-0.0300262352777919,-0.0176401196299049,-0.0150709000018306,-0.1407632224600331,-0.140334623887323,-0.0954026892728408,-0.2642452622225432,-0.250389048197999,-0.2635716673727721,-1.4717644946197317,-1.470277463738429,-0.0590130547854711,-0.2624238875355379,-0.2551681497514608,-0.259251046036533,-0.1871909645279049,-0.1852736257916989,-0.2938624068369107,-0.7616388447244905,-0.6938369620928734,-0.7206823936644909,-1.0849067857111534,-1.0848448955263614,-0.1701976297145565,-0.2023986713050997,-0.1168167152870516,-0.1924877786911887,-0.0146587756915064,-0.0188487129543817,1.189411979242847,1.1979689696810816,-0.0834587840195169,1.1987337764095936,-0.0887977253698474,-0.0904370818830761,-0.0494412538718854,-0.1275138608105805,-0.1345464749557279,-0.082945986465095,-0.0031749902209437,-0.0040940903633603,1.5539093776639068,1.3011283510936915,-0.3499327749819623,1.4814926049495385,-0.004357614038573,-0.0041943702405639,-0.1164246038907396,-0.1766172824237854,-0.1373232770907919,-0.1524643713004826,-0.0260596888205881,-0.0276597140284855,-0.0955592697148178,-0.145125943418047,-0.0977185991261648,-0.1294956950866637,0.0031432964315106,0.0024263098865888,-0.1240680327198006,-0.0837743167321888,-0.0408038145750647,-0.0809924101249719,-1.159648797029665,-1.1601288555070002,1.1023703207991185,0.8217548858267086,-0.2996928560623702,1.0180759904758436,-0.9757375123778044,-0.9752365572215276,-0.0458498223657842,0.1136911675883609,0.22799841301506,0.1520030994045524,-1.015963373517306,-1.0162304272806977,1.7461309114715131,1.1924206753212654,-0.4533295316850304,1.6601190044011516,-1.1169181674273414,-1.116948469117354,-0.2168143606184322,-0.4153489041615438,-0.3304920923689119,-0.4054683492091551,-0.979073766855825,-0.9785560465643004,-0.098888736679456,-0.106714613806669,-0.1311553038955873,-0.1836705632417872,-0.1206134067031157,-0.1197924596125166
40441436,42,1,0.9998822,0.6904632,0.9689403,HIGH,CRITICAL,BOTH_HIGH,STRONG_CORROBORATION,0.309419,1,0,0.0,0.0,0.0,37974972,"Both XGBoost and GraphSAGE assign high fraud risk, providing strong corroborating model evidence.",-0.1728411175370686,0.0830768221898119,1.5735945770991024,-0.1219695997591005,-0.0637245732388369,-0.1130020092847624,-0.0615837940730322,-0.1634937067257179,-0.1693103557614363,-0.0497069643940398,-0.1657975212981098,-0.0287412858566647,-0.0353905526008135,-0.0631999532943942,-0.0132816148700588,-0.0553549781320806,-0.1710048344794287,-0.1729081406182527,-0.1759290630241304,-0.2432996524586214,-0.2434516511662217,-0.139731794695144,-0.1489122652890762,-0.0801472696533522,-0.1556619266095479,-0.010763009512837,-0.0121074517774784,-0.1397335945119567,-0.1489075643650017,-0.0801467358465918,-0.1556618966405336,-0.0106685610738475,-0.0120051821184178,-0.0246688306562535,-0.0312723904866303,-0.0230451563960962,-0.0262146551774309,0.0014278137097094,0.0014826437872997,-0.2272154464478222,-0.2393683687143703,-0.0752555315462277,-0.2349515175665409,0.0374680287743863,0.0434442213339417,-0.2272033238276858,-0.2432360925423977,-0.0978946778840727,-0.2358964234692872,0.0365766503766988,0.0423451348069101,-0.4139826676878388,-0.4883214611652894,-0.2325526205785921,-0.4675325287240186,0.0487668178548852,0.0529560645235839,-0.0391504091189318,-0.1728953854462423,-0.1631259900993975,-0.1609327430366607,-0.1964346530529631,-0.1961888389129267,-0.0391456935169595,-0.1728843450081436,-0.1631146528780142,-0.1609258571896846,-0.1964085394766894,-0.1961326277610877,-0.0170316758803496,-0.0300262352777919,-0.0176401196299049,-0.0150709000018306,-0.1407632224600331,-0.140334623887323,-0.0951039362673167,-0.2643919917165529,-0.250573517311816,-0.263686804680702,-0.1691189058033812,-0.1671653815026433,-0.0588908638744741,-0.2624145588671942,-0.2551681497514608,-0.2592320459236382,-0.1871909645279049,-0.1852736257916989,-0.2706656151316902,-0.7534544517737382,-0.6942351992761703,-0.7057894628604711,0.0253079828897598,0.0252169034660526,-0.1376952237566337,-0.1768822247523987,-0.1168167152870516,-0.1606833852331562,-0.0146587756915064,-0.0188487129543817,1.189411979242847,1.1979689696810816,-0.0834587840195169,1.1987337764095936,-0.0887977253698474,-0.0904370818830761,0.0440540921055279,-0.0564415026026849,-0.1345464749557279,0.0063674735100646,-0.0031749902209437,-0.0040940903633603,1.023860363345962,0.7874346980684294,-0.3499327749819623,0.9391059237493712,-0.004357614038573,-0.0041943702405639,-0.1164246038907396,-0.1766172824237854,-0.1373232770907919,-0.1524643713004826,-0.0260596888205881,-0.0276597140284855,-0.0689993000087085,-0.1295145351738836,-0.0977185991261648,-0.1071278044464237,0.0031432964315106,0.0024263098865888,-0.1156819454758882,-0.1987683461539315,-0.1887158089232799,-0.2114273263898003,-0.047722125340837,-0.0481706839301534,1.1092305486617986,0.8269965196186216,-0.301754266335682,1.0243470179183545,0.1831327449045568,0.1827480852580912,0.0440849370147914,-0.3921997198813414,-0.4246718150208637,-0.3119732247947001,0.1430014050880673,0.1425252107913369,1.7461309114715131,0.6697089397432864,-1.0598683976058427,1.3565629720972598,0.1855973669005454,0.1854920038455318,0.0672406443811835,-0.544249717952089,-0.5770993762832375,-0.4622352805572561,0.241128277049832,0.2414064458179459,0.0182794000374458,-0.0874901561101501,-0.1311553038955873,-0.0975235937715251,-0.1206134067031157,-0.1197924596125166
49177809,44,0,0.98477364,0.7756841,0.963864686,HIGH,CRITICAL,BOTH_HIGH,STRONG_CORROBORATION,0.20908954000000002,2,1,0.58108695,0.958704694,0.5,"105876162,106451980","Both XGBoost and GraphSAGE assign high fraud risk, providing strong corroborating model evidence.",-0.1668133633819364,-0.131569593892764,1.018601901343969,-0.1219695997591005,-0.0438745479173489,-0.1130020092847624,-0.0615837940730322,-0.1573317769149567,-0.1632347851746981,-0.0497069643940398,-0.1596424680352083,-0.0287412858566647,-0.0353905526008135,-0.0429552992580282,-0.0132816148700588,-0.0281535807005684,-0.1668878160736476,-0.1703998682435441,-0.1689604265895287,-1.373657177393896,-1.37145982760274,-0.1397291799027185,-0.1489105968132613,-0.0801472696533522,-0.1556597109834373,-0.010763009512837,-0.0121074517774784,-0.1397309793226629,-0.1489058957780586,-0.0801467358465918,-0.1556596807775511,-0.0106685610738475,-0.0120051821184178,-0.0246688306562535,-0.0312723904866303,-0.0230451563960962,-0.0262146551774309,0.0014278137097094,0.0014826437872997,-0.2272154464478222,-0.2393683687143703,-0.0752555315462277,-0.2349515175665409,0.0374680287743863,0.0434442213339417,-0.2272033238276858,-0.2432360925423977,-0.0978946778840727,-0.2358964234692872,0.0365766503766988,0.0423451348069101,-0.4139879870190776,-0.4883258852327323,-0.2325526205785921,-0.4675376328413303,0.0487668178548852,0.0529560645235839,-0.0391476303193972,-0.1728891971428643,-0.1631198359491673,-0.160926166337614,-1.316342283664295,-1.3153883882753692,-0.0391429141447071,-0.1728781562183885,-0.1631084986665041,-0.160919280244132,-1.3163333780274464,-1.315375381290753,-0.0170316758803496,-0.0300262352777919,-0.0176401196299049,-0.0150709000018306,-0.1407632224600331,-0.140334623887323,-0.0954026892728408,-0.2643593851623285,-0.2505064376340644,-0.263686804680702,-1.4717644946197317,-1.470277463738429,-0.0590130547854711,-0.2623865728621629,-0.2551298139466634,-0.2592130458107434,-1.4999715377938674,-1.498585280585486,-0.2937653004607385,-0.4530465876688778,-0.320684014722637,-0.4454188487243004,-1.0849067857111534,-1.0848448955263614,-0.1654754282515252,-0.1986914441724833,-0.1168167152870516,-0.1878669898944216,-0.0146587756915064,-0.0188487129543817,1.318452535640434,1.3291864193222924,-0.0834587840195169,1.329594424859443,-0.0887977253698474,-0.0904370818830761,-0.1440513597458223,-0.1994336260616101,-0.1345464749557279,-0.1733243450441286,-0.0031749902209437,-0.0040940903633603,1.023860363345962,0.7874346980684294,-0.3499327749819623,0.9391059237493712,-0.004357614038573,-0.0041943702405639,-0.1164246038907396,-0.1766172824237854,-0.1373232770907919,-0.1524643713004826,-0.0260596888205881,-0.0276597140284855,-0.0931447270142624,-0.1437067244867594,-0.0977185991261648,-0.1274622504830055,0.0031432964315106,0.0024263098865888,-0.1195738811021976,-0.1965093710077149,-0.1849603774400494,-0.2096343095523103,-1.159648797029665,-1.1601288555070002,1.2230983482515223,1.045591086649206,0.0073198473095321,1.2016354105687714,-0.9757375123778044,-0.9752365572215276,-0.1475558875478002,-0.3291829563213809,-0.2749894849685871,-0.3084587822612533,-1.015963373517306,-1.0162304272806977,1.203124154245096,0.6697089397432864,-0.4533295316850304,1.0530069397933683,-1.1169181674273414,-1.116948469117354,-0.2168143606184322,-0.5872166558822707,-0.5397346362962184,-0.5820765800699138,-0.979073766855825,-0.9785560465643004,0.0182794000374458,-0.0874901561101501,-0.1311553038955873,-0.0975235937715251,-0.1206134067031157,-0.1197924596125166
196269119,46,0,0.99624395,0.6558685,0.962206405,HIGH,CRITICAL,BOTH_HIGH,STRONG_CORROBORATION,0.34037545,1,0,0.0,0.0,0.0,89571156,"Both XGBoost and GraphSAGE assign high fraud risk, providing strong corroborating model evidence.",-0.171829995560789,1.4444325586177351,1.018601901343969,0.7034429923452478,-0.0637245732388369,0.8094826149478254,-0.0615837940730322,-0.1635813129865668,-0.1690708879801327,-0.0485012175333063,-0.1658478962400398,-1.1819280592073778,-0.583802406479996,-0.0631999532943942,-0.0132816148700588,-0.0407385199955276,-0.1699653000371789,-0.1729081406182527,-0.1735349415395278,-0.2432996524586214,-0.2434516511662217,-0.139731831870541,-0.1489121995263308,-0.0801472177674365,-0.1556619447429469,-1.257664216226555,-0.6112648118212561,-0.1397336316929961,-0.1489074985978762,-0.0801466839607168,-0.1556619147758712,-1.2575545334544669,-0.6111241175195153,-0.0246688306562535,-0.0312723904866303,-0.0230451563960962,-0.0262146551774309,0.0014278137097094,0.0014826437872997,-0.2272154464478222,-0.2393683687143703,-0.0752555315462277,-0.2349515175665409,0.0374680287743863,0.0434442213339417,-0.2272033238276858,-0.2432360925423977,-0.0978946778840727,-0.2358964234692872,0.0365766503766988,0.0423451348069101,-0.4138666033120359,-0.4882249308679225,-0.2325526205785921,-0.4674211601772564,0.0487668178548852,0.0529560645235839,-0.0391472628568947,-0.1728949225896492,-0.1631259900993975,-0.1609318201863566,-0.1964346530529631,-0.1961888389129267,-0.0391425466064696,-0.1728838821151718,-0.1631146528780142,-0.1609249343047906,-0.1964085394766894,-0.1961326277610877,-0.0170316758803496,-0.0300262352777919,-0.0176401196299049,-0.0150709000018306,-0.1407632224600331,-0.140334623887323,-0.0952533127700787,-0.2644082949936651,-0.250573517311816,-0.2637197010543963,-0.1691189058033812,-0.1671653815026433,-0.0587686729634771,-0.2624052301988505,-0.2551681497514608,-0.2592130458107434,-0.1871909645279049,-0.1852736257916989,0.1189783785656937,-0.6104472293570664,-0.6942351992761703,-0.4506947331252826,0.0253079828897598,0.0252169034660526,-0.1710264457324639,-0.1993997816237869,-0.1123709796186426,-0.1922183130992137,-0.6186042896558663,-0.9108546053851188,1.4473009244186648,1.4602084595075968,-0.0834587840195169,1.4602601952028884,-0.0887977253698474,-0.0904370818830761,-0.0450044427981849,0.7664473427329719,0.7133777206636908,0.1854979995465629,1.5651172689972233,1.3210371960974612,0.4938113490280171,1.3011283510936915,0.571011245063257,0.8939070336493574,1.1641546187455651,1.127622076099842,-0.1164246038907396,0.2509637264893662,0.2569885334088683,0.1056932664914854,1.5377932652873585,1.318719254802984,-0.0931447270142624,-0.1437067244867594,-0.0977185991261648,-0.1274622504830055,0.0031432964315106,0.0024263098865888,-0.1218752554892829,-0.1998805467513288,-0.1887158089232799,-0.2139838915020131,-0.047722125340837,-0.0481706839301534,1.3438263757039266,1.0332640282843049,-0.301754266335682,1.253825596901068,0.1831327449045568,0.1827480852580912,-0.088735508027573,-0.4333652643017878,-0.4246718150208637,-0.3918860117231149,0.1430014050880673,0.1425252107913369,1.203124154245096,0.1469972041653072,-1.0598683976058427,0.7494509074894767,0.1855973669005454,0.1854920038455318,-0.2168143606184322,-0.6179073258324005,-0.5770993762832375,-0.6136137641521922,0.241128277049832,0.2414064458179459,0.0182794000374458,-0.0874901561101501,-0.1311553038955873,-0.0975235937715251,-0.1206134067031157,-0.1197924596125166
73007033,42,1,0.9989435,0.6273864,0.96178779,HIGH,CRITICAL,BOTH_HIGH,STRONG_CORROBORATION,0.3715571,1,0,0.0,0.0,0.0,72743120,"Both XGBoost and GraphSAGE assign high fraud risk, providing strong corroborating model evidence.",-0.172931888981768,0.0159207060477723,1.018601901343969,-0.1219695997591005,-0.0637245732388369,-0.1130020092847624,-0.0615837940730322,-0.1635882536138858,-0.169403577578377,-0.0497069643940398,-0.1658919626744946,-0.0287412858566647,-0.0353905526008135,-0.0631999532943942,-0.0132816148700588,-0.0566671413058298,-0.1710981565961974,-0.1729081406182527,-0.1761439904720955,-0.2432996524586214,-0.2434516511662217,-0.1397318348157709,-0.1489122908896918,-0.0801472696533522,-0.1556619606054811,-0.010763009512837,-0.0121074517774784,-0.139733634638673,-0.1489075899673224,-0.0801467358465918,-0.1556619306401012,-0.0106685610738475,-0.0120051821184178,-0.0246688306562535,-0.0312723904866303,-0.0230451563960962,-0.0262146551774309,0.0014278137097094,0.0014826437872997,-0.2272154464478222,-0.2393683687143703,-0.0752555315462277,-0.2349515175665409,0.0374680287743863,0.0434442213339417,-0.2272033238276858,-0.2432360925423977,-0.0978946778840727,-0.2358964234692872,0.0365766503766988,0.0423451348069101,-0.4140131079898309,-0.488346778248011,-0.2325526205785921,-0.4675617374469571,0.0487668178548852,0.0529560645235839,-0.0391494334173747,-0.1728952419076898,-0.1631259900993975,-0.160932456847377,-0.1964346530529631,-0.1961888389129267,-0.0391447176143077,-0.1728842014583096,-0.1631146528780142,-0.1609255709896741,-0.1964085394766894,-0.1961326277610877,-0.0170316758803496,-0.0300262352777919,-0.0176401196299049,-0.0150709000018306,-0.1407632224600331,-0.140334623887323,-0.0950292480159356,-0.2643838400779968,-0.250573517311816,-0.2636703564938549,-0.1691189058033812,-0.1671653815026433,-0.0590130547854711,-0.2624238875355379,-0.2551681497514608,-0.259251046036533,-0.1871909645279049,-0.1852736257916989,-0.2860922258193918,-0.7591163297480844,-0.6942351992761703,-0.7158890592812118,0.0253079828897598,0.0252169034660526,-0.1631958025571876,-0.1969017936689165,-0.1168167152870516,-0.1856363207983057,-0.0146587756915064,-0.0188487129543817,1.1894440071794063,1.1980015379237323,-0.0834587840195169,1.198766256093994,-0.0887977253698474,-0.0904370818830761,0.1860665006581538,0.0515120716111218,-0.1345464749557279,0.1420279113066699,-0.0031749902209437,-0.0040940903633603,1.5539093776639068,1.3011283510936915,-0.3499327749819623,1.4814926049495385,-0.004357614038573,-0.0041943702405639,0.3015722529953402,0.067714722669444,-0.1373232770907919,0.2347720853874694,-0.0260596888205881,-0.0276597140284855,-0.0786574708109301,-0.1351914108990339,-0.0977185991261648,-0.1152615828610564,0.0031432964315106,0.0024263098865888,-0.1222347889139103,-0.1999451121111752,-0.1887158089232799,-0.2141323049688167,-0.047722125340837,-0.0481706839301534,1.109859652526935,0.8275496568529441,-0.301754266335682,1.0249623991159835,0.1831327449045568,0.1827480852580912,-0.149153694872081,-0.4520909021624132,-0.4246718150208637,-0.4282372352893839,0.1430014050880673,0.1425252107913369,1.203124154245096,0.1469972041653072,-1.0598683976058427,0.7494509074894767,0.1855973669005454,0.1854920038455318,-0.0747868581186243,-0.5810785218922447,-0.5770993762832375,-0.5379245223547241,0.241128277049832,0.2414064458179459,0.0182794000374458,-0.0874901561101501,-0.1311553038955873,-0.0975235937715251,-0.1206134067031157,-0.1197924596125166
72301118,42,1,0.9968334,0.628308,0.95998086,HIGH,CRITICAL,BOTH_HIGH,STRONG_CORROBORATION,0.3685254,3,2,0.984535587,0.985259614,1.0,"72628700,72631022,72011928","Both XGBoost and GraphSAGE assign high fraud risk, providing strong corroborating model evidence.",-0.1709037768429308,0.0383060780951188,0.463609225588836,-0.1219695997591005,-0.0438745479173489,-0.1130020092847624,-0.0615837940730322,-0.1615126377399247,-0.1673570513860173,-0.0497069643940398,-0.1638186631319969,-0.0287412858566647,-0.0353905526008135,-0.0429552992580282,-0.0132816148700588,-0.0528625394621631,-0.1693358485729987,-0.1711937033353998,-0.1738030405261313,0.8870578724766534,0.8845565252702963,-0.1397309540357503,-0.1489117288717862,-0.0801472696533522,-0.1556612142826784,-0.010763009512837,-0.0121074517774784,-0.1397327537249693,-0.1489070279119838,-0.0801467358465918,-0.1556611842375095,-0.0106685610738475,-0.0120051821184178,-0.0246688306562535,-0.0312723904866303,-0.0230451563960962,-0.0262146551774309,0.0014278137097094,0.0014826437872997,-0.2272154464478222,-0.2393683687143703,-0.0752555315462277,-0.2349515175665409,0.0374680287743863,0.0434442213339417,-0.2272033238276858,-0.2432360925423977,-0.0978946778840727,-0.2358964234692872,0.0365766503766988,0.0423451348069101,-0.4139929288493897,-0.4883299953340986,-0.2325526205785921,-0.4675423747309618,0.0487668178548852,0.0529560645235839,-0.0391505519045789,-0.1728950425581015,-0.1631256026169202,-0.1609324221496308,0.9234729775583688,0.9230107104495158,-0.039145836332035,-0.1728840020930531,-0.1631142653916785,-0.1609255362906274,0.9235162990740676,0.9231101257685776,-0.0170316758803496,-0.0300262352777919,-0.0176401196299049,-0.0150709000018306,-0.1407632224600331,-0.140334623887323,-0.0954026892728408,-0.2644164466322212,-0.2505651323520971,-0.263744373334667,-1.4717644946197317,-1.470277463738429,-0.0590130547854711,-0.2624145588671942,-0.2551585658002615,-0.2592415459800856,-1.4999715377938674,-1.498585280585486,-0.2938054026306468,-0.7619472215611967,-0.6942351992761703,-0.7209387733430047,0.0253079828897598,0.0252169034660526,-0.1697403817640252,-0.202039702713477,-0.1168167152870516,-0.1920403504686317,-0.0146587756915064,-0.0188487129543817,1.1893479233697284,1.1979038331957794,-0.0834587840195169,1.1986688170407924,-0.0887977253698474,-0.0904370818830761,-0.1052281514253232,-0.1699213873540187,-0.1345464749557279,-0.1362376320511862,-0.0031749902209437,-0.0040940903633603,1.023860363345962,0.7874346980684294,-0.3499327749819623,0.9391059237493712,-0.004357614038573,-0.0041943702405639,-0.1164246038907396,-0.1766172824237854,-0.1373232770907919,-0.1524643713004826,-0.0260596888205881,-0.0276597140284855,-0.0955592697148178,-0.145125943418047,-0.0977185991261648,-0.1294956950866637,0.0031432964315106,0.0024263098865888,-0.1240849330057489,-0.1995918821775086,-0.1878455016902459,-0.2141081929205613,1.0642045463479908,1.0637874876466933,1.102340363472207,0.8209383499093754,-0.301754266335682,1.017607128610983,0.1831327449045568,0.1827480852580912,-0.078157135296297,-0.4249328531948148,-0.4183698955536976,-0.3805189915088443,1.3019661836934409,1.3012808488633716,1.203124154245096,0.6697089397432864,-0.4533295316850304,1.0530069397933683,1.4881129012284324,1.487932476808418,-0.2168143606184322,-0.6179073258324005,-0.5770993762832375,-0.6136137641521922,0.241128277049832,0.2414064458179459,-0.098888736679456,-0.106714613806669,-0.1311553038955873,-0.1836705632417872,-0.1206134067031157,-0.1197924596125166
72295228,42,1,0.99839514,0.6075345,0.959309076,HIGH,CRITICAL,BOTH_HIGH,STRONG_CORROBORATION,0.39086064,1,0,0.0,0.0,0.0,71993659,"Both XGBoost and GraphSAGE assign high fraud risk, providing strong corroborating model evidence.",-0.1728120694662341,0.0475936260722094,1.018601901343969,-0.1219695997591005,-0.0637245732388369,-0.1130020092847624,-0.0615837940730322,-0.1634648709222269,-0.169281924090691,-0.0497069643940398,-0.1657687176745995,-0.0287412858566647,-0.0353905526008135,-0.0631999532943942,-0.0132816148700588,-0.0549350684463443,-0.1709749701595723,-0.1729081406182527,-0.1758602833792382,-0.2432996524586214,-0.2434516511662217,-0.139731782458776,-0.1489122574811585,-0.0801472696533522,-0.1556619162411469,-0.010763009512837,-0.0121074517774784,-0.1397335822737315,-0.1489075565565639,-0.0801467358465918,-0.1556618862710241,-0.0106685610738475,-0.0120051821184178,-0.0246688306562535,-0.0312723904866303,-0.0230451563960962,-0.0262146551774309,0.0014278137097094,0.0014826437872997,-0.2272154464478222,-0.2393683687143703,-0.0752555315462277,-0.2349515175665409,0.0374680287743863,0.0434442213339417,-0.2272033238276858,-0.2432360925423977,-0.0978946778840727,-0.2358964234692872,0.0365766503766988,0.0423451348069101,-0.4139929288493897,-0.4883299953340986,-0.2325526205785921,-0.4675423747309618,0.0487668178548852,0.0529560645235839,-0.0389809541590717,-0.1728704563893234,-0.1631259900993975,-0.1608830391151878,-0.1964346530529631,-0.1961888389129267,-0.0389762036319937,-0.1728594139918952,-0.1631146528780142,-0.1608761514052232,-0.1964085394766894,-0.1961326277610877,-0.0170316758803496,-0.0300262352777919,-0.0176401196299049,-0.0150709000018306,-0.1407632224600331,-0.140334623887323,-0.0884566818944032,-0.2636664958850607,-0.250573517311816,-0.262222916051308,-0.1691189058033812,-0.1671653815026433,-0.0559582820105464,-0.2621906708269438,-0.2551681497514608,-0.2587760432141627,-0.1871909645279049,-0.1852736257916989,2.4561337405490224,0.2473360345447139,-0.6942351992761703,1.0794097341780624,0.0253079828897598,0.0252169034660526,-0.1362599049648097,-0.1757554086242303,-0.1168167152870516,-0.1592788909427343,-0.0146587756915064,-0.0188487129543817,1.1893479233697284,1.1979038331957794,-0.0834587840195169,1.1986688170407924,-0.0887977253698474,-0.0904370818830761,-0.0665216427948888,-0.1404978602511423,-0.1345464749557279,-0.0992623989719095,-0.0031749902209437,-0.0040940903633603,-1.0963356939258175,-1.2673399140326196,-0.3499327749819623,-1.230440801051298,-0.004357614038573,-0.0041943702405639,-0.1164246038907396,-0.1766172824237854,-0.1373232770907919,-0.1524643713004826,-0.0260596888205881,-0.0276597140284855,-0.0931447270142624,-0.1437067244867594,-0.0977185991261648,-0.1274622504830055,0.0031432964315106,0.0024263098865888,-0.1214606206165147,-0.1998060862201755,-0.1887158089232799,-0.2138127324533407,-0.047722125340837,-0.0481706839301534,1.16839626931155,0.879017759513236,-0.301754266335682,1.0822221543620854,0.1831327449045568,0.1827480852580912,-0.0745204969066443,-0.4289595519767832,-0.4246718150208637,-0.3833334040690034,0.1430014050880673,0.1425252107913369,1.7461309114715131,0.6697089397432864,-1.0598683976058427,1.3565629720972598,0.1855973669005454,0.1854920038455318,-0.1458006093685283,-0.5994929238623226,-0.5770993762832375,-0.5757691432534582,0.241128277049832,0.2414064458179459,0.0182794000374458,-0.0874901561101501,-0.1311553038955873,-0.0975235937715251,-0.1206134067031157,-0.1197924596125166
105876162,44,0,0.95688206,0.9751084,0.958704694,HIGH,CRITICAL,BOTH_HIGH,STRONG_CORROBORATION,0.018226340000000008,2,1,0.48198116464484997,0.963864686,0.5,"49177809,78837451","Both XGBoost and GraphSAGE assign high fraud risk, providing strong corroborating model evidence.",-0.1643516438478659,-0.1322684896435484,1.018601901343969,-0.1219695997591005,-0.0438745479173489,-0.1130020092847624,-0.0615837940730322,-0.1548130922689779,-0.160751399803178,-0.0497069643940398,-0.1571265941735201,-0.0287412858566647,-0.0353905526008135,-0.0429552992580282,-0.0132816148700588,-0.0218431959568939,-0.1648057220882158,-0.1685227213778111,-0.1660460128175774,0.8870578724766534,0.8845565252702963,-0.1397281111080816,-0.1489099148248996,-0.0801472696533522,-0.1556588053477618,-0.010763009512837,-0.0121074517774784,-0.1397299103658064,-0.1489052137442732,-0.0801467358465918,-0.1556587750450545,-0.0106685610738475,-0.0120051821184178,-0.0246688306562535,-0.0312723904866303,-0.0230451563960962,-0.0262146551774309,0.0014278137097094,0.0014826437872997,-0.2272154464478222,-0.2393683687143703,-0.0752555315462277,-0.2349515175665409,0.0374680287743863,0.0434442213339417,-0.2272033238276858,-0.2432360925423977,-0.0978946778840727,-0.2358964234692872,0.0365766503766988,0.0423451348069101,-0.4138411734768881,-0.4882037809713084,-0.2325526205785921,-0.4673967592035276,0.0487668178548852,0.0529560645235839,-0.0391450443394899,-0.1728939183848336,-0.1631252683286356,-0.1609304937233815,0.9234729775583688,0.9230107104495158,-0.0391403276318227,-0.1728828778314295,-0.1631139311000653,-0.1609236077920973,0.9235162990740676,0.9231101257685776,-0.0170316758803496,-0.0300262352777919,-0.0176401196299049,-0.0150709000018306,-0.1407632224600331,-0.140334623887323,-0.0954026892728408,-0.2644082949936651,-0.2505567473923781,-0.2637361492412434,-1.4717644946197317,-1.470277463738429,-0.0590130547854711,-0.2624145588671942,-0.2551585658002615,-0.2592415459800856,-1.4999715377938674,-1.498585280585486,-0.293815363906826,-0.7106872264502049,-0.632239502395893,-0.6752235229018146,-1.0849067857111534,-1.0848448955263614,-0.1653932269513495,-0.1986269109473056,-0.1168167152870516,-0.1877865539261756,-0.0146587756915064,-0.0188487129543817,1.318068200401722,1.3287956004104793,-0.0834587840195169,1.329204668646636,-0.0887977253698474,-0.0904370818830761,-0.1437534976797523,-0.1992072002514806,-0.1345464749557279,-0.173039805835915,-0.0031749902209437,-0.0040940903633603,1.023860363345962,0.7874346980684294,-0.3499327749819623,0.9391059237493712,-0.004357614038573,-0.0041943702405639,-0.1164246038907396,-0.1766172824237854,-0.1373232770907919,-0.1524643713004826,-0.0260596888205881,-0.0276597140284855,-0.0931447270142624,-0.1437067244867594,-0.0977185991261648,-0.1274622504830055,0.0031432964315106,0.0024263098865888,-0.1086538975671352,-0.1969575000741286,-0.1880191086517758,-0.207895501262352,-1.159648797029665,-1.1601288555070002,1.2230683909246114,0.9271406988992918,-0.3016168389841279,1.1357310146893025,-0.9757375123778044,-0.9752365572215276,-0.1475548547053152,-0.359040516444742,-0.3114987355562258,-0.3374390288828704,-1.015963373517306,-1.0162304272806977,1.203124154245096,0.6697089397432864,-0.4533295316850304,1.0530069397933683,-1.1169181674273414,-1.116948469117354,-0.2168143606184322,-0.5626641199221668,-0.5098428443066032,-0.5568468328040912,-0.979073766855825,-0.9785560465643004,0.0182794000374458,0.0086321323724447,0.1012500504510882,0.11784382990413,-1.7609264293068194,-1.760984402318598
71988968,42,1,0.9760055,0.79031557,0.957436507,HIGH,CRITICAL,BOTH_HIGH,STRONG_CORROBORATION,0.18568993,3,0,0.0,0.0,0.0,"72298055,71462116,73209661","Both XGBoost and GraphSAGE assign high fraud risk, providing strong corroborating model evidence.",-0.1685151199936408,0.1619019088671704,1.5735945770991024,-0.1219695997591005,-0.0438745479173489,-0.1130020092847624,-0.0615837940730322,-0.1590656081156732,-0.1649443167936798,-0.0497069643940398,-0.1613743643269598,-0.0287412858566647,-0.0353905526008135,-0.0429552992580282,-0.0132816148700588,-0.0540544139983708,-0.1667953035210718,-0.1681764292549257,-0.1709751251922812,0.8870578724766534,0.8845565252702963,-0.1397299156476604,-0.1489110662855718,-0.0801472696533522,-0.1556603344117783,-0.010763009512837,-0.0121074517774784,-0.1397317151792748,-0.1489063652816381,-0.0801467358465918,-0.1556603042725427,-0.0106685610738475,-0.0120051821184178,-0.0246688306562535,-0.0312723904866303,-0.0230451563960962,-0.0262146551774309,0.0014278137097094,0.0014826437872997,-0.2272154464478222,-0.2393683687143703,-0.0752555315462277,-0.2349515175665409,0.0374680287743863,0.0434442213339417,-0.2272033238276858,-0.2432360925423977,-0.0978946778840727,-0.2358964234692872,0.0365766503766988,0.0423451348069101,-0.4140062443366196,-0.4883410697738911,-0.2325526205785921,-0.4675551514891356,0.0487668178548852,0.0529560645235839,-0.0391500894974029,-0.1728944121092955,-0.1631250037363804,-0.1609317258347578,0.9234729775583688,0.9230107104495158,-0.0391453738295557,-0.1728833715946963,-0.1631136665051754,-0.1609248399496552,0.9235162990740676,0.9231101257685776,-0.0170316758803496,-0.0300262352777919,-0.0176401196299049,-0.0150709000018306,-0.1407632224600331,-0.140334623887323,-0.0954026892728408,-0.2644082949936651,-0.2505567473923781,-0.2637361492412434,-1.4717644946197317,-1.470277463738429,-0.0590130547854711,-0.2624238875355379,-0.2551681497514608,-0.259251046036533,-0.1871909645279049,-0.1852736257916989,-0.2938246182537279,-0.7619081142646341,-0.694179375899069,-0.7209101838637973,-1.0849067857111534,-1.0848448955263614,-0.1591025008367366,-0.1936882926527399,-0.1168167152870516,-0.1816309256706895,-0.0146587756915064,-0.0188487129543817,1.1892518395600504,1.197806128467826,-0.0834587840195169,1.1985713779875906,-0.0887977253698474,-0.0904370818830761,-0.0888190635765971,-0.1574476908586742,-0.1345464749557279,-0.1205624944763157,-0.0031749902209437,-0.0040940903633603,1.023860363345962,0.7874346980684294,-0.3499327749819623,0.9391059237493712,-0.004357614038573,-0.0041943702405639,-0.1164246038907396,-0.1766172824237854,-0.1373232770907919,-0.1524643713004826,-0.0260596888205881,-0.0276597140284855,-0.0931447270142624,-0.1437067244867594,-0.0977185991261648,-0.1274622504830055,0.0031432964315106,0.0024263098865888,-0.1233059506442328,-0.1984233454623124,-0.1865395007227273,-0.2126043818562948,1.0642045463479908,1.0637874876466933,1.102310406145296,0.8209646897776766,-0.3016168389841279,1.017607128610983,-0.9757375123778044,-0.9752365572215276,-0.1539719050645631,-0.4279367916136074,-0.3933109586414011,-0.4062420636031762,1.3019661836934409,1.3012808488633716,0.1171106397922615,0.1469972041653072,0.1532093342357819,0.1423388428816934,1.4881129012284324,1.487932476808418,-0.2168143606184322,-0.6056310578523486,-0.5621534802884299,-0.6009988905192808,-0.979073766855825,-0.9785560465643004,-0.098888736679456,-0.0874901561101501,-0.0846742330262522,-0.1405970785066562,1.5196996159005878,1.5213994830935649
71450904,42,1,0.98356587,0.71363425,0.956572708,HIGH,CRITICAL,BOTH_HIGH,STRONG_CORROBORATION,0.2699316199999999,3,1,0.5022812460915,0.996047366,0.5,"71992858,70817033,72332073","Both XGBoost and GraphSAGE assign high fraud risk, providing strong corroborating model evidence.",-0.1720426399509971,0.1209414408656427,1.5735945770991024,-0.1219695997591005,-0.0438745479173489,-0.1130020092847624,-0.0615837940730322,-0.1626758023883734,-0.168503914323876,-0.0497069643940398,-0.1649805297199971,-0.0287412858566647,-0.0353905526008135,-0.0429552992580282,-0.0132816148700588,-0.0538807785299521,-0.1704342956708023,-0.172372919692107,-0.1751513331649062,0.8870578724766534,0.8845565252702963,-0.1397314476204236,-0.1489120438237808,-0.0801472696533522,-0.1556616325182062,-0.010763009512837,-0.0121074517774784,-0.1397332473845579,-0.1489073428849557,-0.0801467358465918,-0.1556616025177506,-0.0106685610738475,-0.0120051821184178,-0.0246688306562535,-0.0312723904866303,-0.0230451563960962,-0.0262146551774309,0.0014278137097094,0.0014826437872997,-0.2272154464478222,-0.2393683687143703,-0.0752555315462277,-0.2349515175665409,0.0374680287743863,0.0434442213339417,-0.2272033238276858,-0.2432360925423977,-0.0978946778840727,-0.2358964234692872,0.0365766503766988,0.0423451348069101,-0.4140197314151798,-0.4883522869255366,-0.2325526205785921,-0.4675680928962549,0.0487668178548852,0.0529560645235839,-0.0391505506667465,-0.1728953151431756,-0.163125893065682,-0.1609326937101637,0.9234729775583688,0.9230107104495158,-0.0391458350939476,-0.1728842746995514,-0.1631145558433326,-0.1609258078613388,0.9235162990740676,0.9231101257685776,-0.0170316758803496,-0.0300262352777919,-0.0176401196299049,-0.0150709000018306,-0.1407632224600331,-0.140334623887323,-0.0954026892728408,-0.2644164466322212,-0.2505651323520971,-0.263744373334667,-1.4717644946197317,-1.470277463738429,-0.0590130547854711,-0.2624238875355379,-0.2551681497514608,-0.259251046036533,-0.1871909645279049,-0.1852736257916989,-0.2938495535773247,-0.7619369376159003,-0.6942031657286564,-0.7209440536662431,-1.0849067857111534,-1.0848448955263614,-0.1704810721318486,-0.2026211915487077,-0.1168167152870516,-0.1927651339790995,-0.0146587756915064,-0.0188487129543817,1.1891877836869318,1.197740991982524,-0.0834587840195169,1.1985064186187897,-0.0887977253698474,-0.0904370818830761,-0.1462030797454927,-0.2010692990780681,-0.1345464749557279,-0.1753798223094327,-0.0031749902209437,-0.0040940903633603,1.023860363345962,0.7874346980684294,-0.3499327749819623,0.9391059237493712,-0.004357614038573,-0.0041943702405639,-0.1164246038907396,-0.1766172824237854,-0.1373232770907919,-0.1524643713004826,-0.0260596888205881,-0.0276597140284855,-0.0955592697148178,-0.145125943418047,-0.0977185991261648,-0.1294956950866637,0.0031432964315106,0.0024263098865888,-0.1230762577978211,-0.1843264538614137,-0.1686940242358942,-0.1963550309188937,-1.159648797029665,-1.1601288555070002,1.1022504914914737,0.8209120100410744,-0.3016168389841279,1.0175485208778754,-0.9757375123778044,-0.9752365572215276,-0.0883244367185466,0.1815537985591997,0.327075546898854,0.2050947645601629,-1.015963373517306,-1.0162304272806977,0.6601173970186788,1.1924206753212654,0.759748200156594,1.0530069397933683,-1.1169181674273414,-1.116948469117354,-0.2168143606184322,-0.3785201002213881,-0.2856544043844891,-0.3676237283104211,-0.979073766855825,-0.9785560465643004,-0.098888736679456,-0.0874901561101501,-0.0846742330262522,-0.1405970785066562,-1.7609264293068194,-1.760984402318598
71450697,42,1,0.97616255,0.76558554,0.955104849,HIGH,CRITICAL,BOTH_HIGH,STRONG_CORROBORATION,0.21057700999999995,2,1,0.99956963,0.99956963,1.0,"70782417,71988421","Both XGBoost and GraphSAGE assign high fraud risk, providing strong corroborating model evidence.",-0.1725726910640299,0.1342774071917215,1.5735945770991024,-0.1219695997591005,-0.0438745479173489,-0.1130020092847624,-0.0615837940730322,-0.1632177903462601,-0.1690383063400837,-0.0497069643940398,-0.1655219128339069,-0.0287412858566647,-0.0353905526008135,-0.0429552992580282,-0.0132816148700588,-0.0557202243440801,-0.1708484182989708,-0.1726985163884192,-0.1757788572358985,0.8870578724766534,0.8845565252702963,-0.1397316776110354,-0.1489121905787468,-0.0801472696533522,-0.1556618273991457,-0.010763009512837,-0.0121074517774784,-0.1397334774100772,-0.1489074896496962,-0.0801467358465918,-0.1556617974195248,-0.0106685610738475,-0.0120051821184178,-0.0246688306562535,-0.0312723904866303,-0.0230451563960962,-0.0262146551774309,0.0014278137097094,0.0014826437872997,-0.2272154464478222,-0.2393683687143703,-0.0752555315462277,-0.2349515175665409,0.0374680287743863,0.0434442213339417,-0.2272033238276858,-0.2432360925423977,-0.0978946778840727,-0.2358964234692872,0.0365766503766988,0.0423451348069101,-0.4140197314151798,-0.4883522869255366,-0.2325526205785921,-0.4675680928962549,0.0487668178548852,0.0529560645235839,-0.0391509235968889,-0.1728954179097517,-0.163125944074579,-0.1609328508521879,0.9234729775583688,0.9230107104495158,-0.0391462081009518,-0.1728843774742045,-0.1631146068527374,-0.1609259650092529,0.9235162990740676,0.9231101257685776,-0.0170316758803496,-0.0300262352777919,-0.0176401196299049,-0.0150709000018306,-0.1407632224600331,-0.140334623887323,-0.0954026892728408,-0.2644164466322212,-0.2505651323520971,-0.263744373334667,-1.4717644946197317,-1.470277463738429,-0.0590130547854711,-0.2624238875355379,-0.2551681497514608,-0.259251046036533,-0.1871909645279049,-0.1852736257916989,-0.2938495535773247,-0.7585534016782643,-0.690111286514648,-0.7179262963426105,-1.0849067857111534,-1.0848448955263614,-0.1701052054176584,-0.2023261123802303,-0.1168167152870516,-0.1923973392724134,-0.0146587756915064,-0.0188487129543817,1.1891877836869318,1.197740991982524,-0.0834587840195169,1.1985064186187897,-0.0887977253698474,-0.0904370818830761,-0.0888612977501444,-0.1574797960108568,-0.1345464749557279,-0.1206028395879281,-0.0031749902209437,-0.0040940903633603,-0.0362376652899277,-0.2399526079820951,-0.3499327749819623,-0.1456674386509633,-0.004357614038573,-0.0041943702405639,-0.1164246038907396,-0.1766172824237854,-0.1373232770907919,-0.1524643713004826,-0.0260596888205881,-0.0276597140284855,-0.0931447270142624,-0.1437067244867594,-0.0977185991261648,-0.1274622504830055,0.0031432964315106,0.0024263098865888,-0.1241454368464286,-0.2002101707721504,-0.1886167049240399,-0.2148312967377268,-1.159648797029665,-1.1601288555070002,1.1022504914914737,0.828234493428772,-0.2825144371181053,1.021621758328852,-0.9757375123778044,-0.9752365572215276,-0.0338771122797706,-0.397234773950948,-0.4012826910555815,-0.3403137192125892,-1.015963373517306,-1.0162304272806977,1.203124154245096,0.6697089397432864,-0.4533295316850304,1.0530069397933683,1.4881129012284324,1.487932476808418,-0.2168143606184322,-0.5994929238623226,-0.554680532291026,-0.5946914537028252,-0.979073766855825,-0.9785560465643004,-0.098888736679456,-0.106714613806669,-0.1311553038955873,-0.1836705632417872,-0.1206134067031157,-0.1197924596125166
73223960,42,1,0.9866692,0.59733605,0.947735885,HIGH,CRITICAL,BOTH_HIGH,STRONG_CORROBORATION,0.38933315,1,0,0.09264451615,0.09264451615,0.0,73220479,"Both XGBoost and GraphSAGE assign high fraud risk, providing strong corroborating model evidence.",-0.1728522921572867,0.0297329568854967,1.018601901343969,-0.1219695997591005,-0.0637245732388369,-0.1130020092847624,-0.0615837940730322,-0.1635064699628597,-0.1693229401222699,-0.0497069643940398,-0.1658102702918223,-0.0287412858566647,-0.0353905526008135,-0.0631999532943942,-0.0132816148700588,-0.055516514892671,-0.1710163231057946,-0.1729081406182527,-0.1759555221447648,-0.2432996524586214,-0.2434516511662217,-0.1397318001111771,-0.1489122687449988,-0.0801472696533522,-0.1556619311987857,-0.010763009512837,-0.0121074517774784,-0.1397335999288118,-0.1489075678211545,-0.0801467358465918,-0.155661901230262,-0.0106685610738475,-0.0120051821184178,-0.0246688306562535,-0.0312723904866303,-0.0230451563960962,-0.0262146551774309,0.0014278137097094,0.0014826437872997,-0.2272154464478222,-0.2393683687143703,-0.0752555315462277,-0.2349515175665409,0.0374680287743863,0.0434442213339417,-0.2272033238276858,-0.2432360925423977,-0.0978946778840727,-0.2358964234692872,0.0365766503766988,0.0423451348069101,-0.4139720633436274,-0.4883126415727742,-0.2325526205785921,-0.4675223534191843,0.0487668178548852,0.0529560645235839,-0.0391506289608465,-0.1728954177878841,-0.1631259900993975,-0.1609328075199031,-0.1964346530529631,-0.1961888389129267,-0.0391464236690936,-0.172884452409448,-0.1631146528780142,-0.1609260713191863,-0.1964085394766894,-0.1961326277610877,-0.0151679208339431,-0.0299426059661456,-0.0176401196299049,-0.0148963150984594,-0.1407632224600331,-0.140334623887323,-0.0953280010214598,-0.2644164466322212,-0.250573517311816,-0.2637361492412434,-0.1691189058033812,-0.1671653815026433,-0.059135245696468,-0.2624332162038817,-0.2551681497514608,-0.2592700461494278,-0.1871909645279049,-0.1852736257916989,-0.2938967893063032,-0.761980762318562,-0.6942351992761703,-0.7209986029816108,0.0253079828897598,0.0252169034660526,-0.1501819570307633,-0.1866851009646901,-0.1168167152870516,-0.1729019569465871,-0.0146587756915064,-0.0188487129543817,1.1895080630525252,1.1980666744090347,-0.0834587840195169,1.1988312154627951,-0.0887977253698474,-0.0904370818830761,-0.0837487398996879,-0.1535933828519171,-0.1345464749557279,-0.1157189576559039,-0.0031749902209437,-0.0040940903633603,-0.0362376652899277,-0.2399526079820951,-0.3499327749819623,-0.1456674386509633,-0.004357614038573,-0.0041943702405639,-0.1164246038907396,-0.1766172824237854,-0.1373232770907919,-0.1524643713004826,-0.0260596888205881,-0.0276597140284855,-0.0907301843137071,-0.1422875055554718,-0.0977185991261648,-0.1254288058793473,0.0031432964315106,0.0024263098865888,-0.1248952729564658,-0.2004228844066193,-0.1887158089232799,-0.2152305384933917,-0.047722125340837,-0.0481706839301534,-13.09335839600819,-11.660577002709108,-0.301754266335682,-12.868440292033196,0.1831327449045568,0.1827480852580912,-0.1790699774498401,-0.4613629691168385,-0.4246718150208637,-0.4462366744161251,0.1430014050880673,0.1425252107913369,-1.5119096318869902,-2.4665614737245884,-1.0598683976058427,-2.2861094155494395,0.1855973669005454,0.1854920038455318,-0.2404856110350669,-0.6240454598224264,-0.5770993762832375,-0.6262286377851035,0.241128277049832,0.2414064458179459,-0.2160568733963578,-0.125939071503188,-0.1311553038955873,-0.2698175327120493,-0.1206134067031157,-0.1197924596125166
72297314,42,1,0.9995192,0.4776327,0.94733055,HIGH,HIGH,XGB_HIGH_GNN_LOW,STRONG_TRANSACTION_SIGNAL,0.5218865,2,1,0.99731843,0.99731843,1.0,"71999214,72631002","XGBoost identifies strong transaction-level fraud risk, while GraphSAGE provides weaker graph-based evidence.",-0.1729580376511081,0.0318762371879022,1.018601901343969,-0.1219695997591005,-0.0637245732388369,-0.1130020092847624,-0.0615837940730322,-0.1636146097598924,-0.169429564343948,-0.0497069643940398,-0.1659182894077514,-0.0287412858566647,-0.0353905526008135,-0.0631999532943942,-0.0132816148700588,-0.0570451381644697,-0.1711250400415538,-0.1729081406182527,-0.1762059049517818,-0.2432996524586214,-0.2434516511662217,-0.1397318459999053,-0.1489122980261885,-0.0801472696533522,-0.1556619700822793,-0.010763009512837,-0.0121074517774784,-0.1397336458245049,-0.1489075971042945,-0.0801467358465918,-0.1556619401179126,-0.0106685610738475,-0.0120051821184178,-0.0246688306562535,-0.0312723904866303,-0.0230451563960962,-0.0262146551774309,0.0014278137097094,0.0014826437872997,-0.2272154464478222,-0.2393683687143703,-0.0752555315462277,-0.2349515175665409,0.0374680287743863,0.0434442213339417,-0.2272033238276858,-0.2432360925423977,-0.0978946778840727,-0.2358964234692872,0.0365766503766988,0.0423451348069101,-0.4139929288493897,-0.4883299953340986,-0.2325526205785921,-0.4675423747309618,0.0487668178548852,0.0529560645235839,-0.0391505519045789,-0.172895406451892,-0.1631259900993975,-0.1609327849180349,-0.1964346530529631,-0.1961888389129267,-0.039145836332035,-0.1728843660154443,-0.1631146528780142,-0.1609258990726287,-0.1964085394766894,-0.1961326277610877,-0.0170316758803496,-0.0300262352777919,-0.0176401196299049,-0.0150709000018306,-0.1407632224600331,-0.140334623887323,-0.0953280010214598,-0.2644164466322212,-0.250573517311816,-0.2637361492412434,-0.1691189058033812,-0.1671653815026433,-0.0588908638744741,-0.2624145588671942,-0.2551681497514608,-0.2592320459236382,-0.1871909645279049,-0.1852736257916989,-0.2938054026306468,-0.7619472215611967,-0.6942351992761703,-0.7209387733430047,0.0253079828897598,0.0252169034660526,-0.1710787135314452,-0.2030903778867968,-0.1168167152870516,-0.1933499406006211,-0.0146587756915064,-0.0188487129543817,1.1893479233697284,1.1979038331957794,-0.0834587840195169,1.1986688170407924,-0.0887977253698474,-0.0904370818830761,-0.0799798956234057,-0.1507284204558379,-0.1345464749557279,-0.1121186873012313,-0.0031749902209437,-0.0040940903633603,1.023860363345962,0.7874346980684294,-0.3499327749819623,0.9391059237493712,-0.004357614038573,-0.0041943702405639,-0.1164246038907396,-0.1766172824237854,-0.1373232770907919,-0.1524643713004826,-0.0260596888205881,-0.0276597140284855,-0.0931447270142624,-0.1437067244867594,-0.0977185991261648,-0.1274622504830055,0.0031432964315106,0.0024263098865888,-0.1248468340827347,-0.2004141857068635,-0.1887158089232799,-0.2152105431864576,-0.047722125340837,-0.0481706839301534,1.102340363472207,0.8209383499093754,-0.301754266335682,1.017607128610983,0.1831327449045568,0.1827480852580912,-0.0770168771928671,-0.4297332645895519,-0.4246718150208637,-0.3848353769455556,0.1430014050880673,0.1425252107913369,1.203124154245096,0.1469972041653072,-1.0598683976058427,0.7494509074894767,0.1855973669005454,0.1854920038455318,-0.2168143606184322,-0.6179073258324005,-0.5770993762832375,-0.6136137641521922,0.241128277049832,0.2414064458179459,-0.098888736679456,-0.106714613806669,-0.1311553038955873,-0.1836705632417872,-0.1206134067031157,-0.1197924596125166
72629506,42,1,0.99929047,0.41865712,0.941227135,HIGH,HIGH,XGB_HIGH_GNN_LOW,STRONG_TRANSACTION_SIGNAL,0.58063335,1,0,0.0,0.0,0.0,72296620,"XGBoost identifies strong transaction-level fraud risk, while GraphSAGE provides weaker graph-based evidence.",-0.1729679787625998,0.0745037009801898,1.5735945770991024,-0.1219695997591005,-0.0637245732388369,-0.1130020092847624,-0.0615837940730322,-0.1636237182079063,-0.1694385451373916,-0.0497069643940398,-0.1659273876909824,-0.0287412858566647,-0.0353905526008135,-0.0631999532943942,-0.0132816148700588,-0.0571888437146984,-0.1711352604976732,-0.1729081406182527,-0.1762294433864727,-0.2432996524586214,-0.2434516511662217,-0.1397272998060684,-0.1489093971402932,-0.0801472696533522,-0.1556581178966639,-0.010763009512837,-0.0121074517774784,-0.1397290989406554,-0.1489046960251866,-0.0801467358465918,-0.1556580875204613,-0.0106685610738475,-0.0120051821184178,-0.0246688306562535,-0.0312723904866303,-0.0230451563960962,-0.0262146551774309,0.0014278137097094,0.0014826437872997,-0.2270829912308288,-0.2392436540820419,-0.0752555315462277,-0.2348218702213984,0.0374680287743863,0.0434442213339417,-0.2270654651111616,-0.2431012525130412,-0.0978946778840727,-0.2357593905731873,0.0365766503766988,0.0423451348069101,-0.4139826676878388,-0.4883214611652894,-0.2325526205785921,-0.4675325287240186,0.0487668178548852,0.0529560645235839,-0.0391312267543373,-0.1728925634677106,-0.1631259900993975,-0.1609271165342304,-0.1964346530529631,-0.1961888389129267,-0.0391265071988299,-0.1728815228078151,-0.1631146528780142,-0.1609202304763634,-0.1964085394766894,-0.1961326277610877,-0.0170316758803496,-0.0300262352777919,-0.0176401196299049,-0.0150709000018306,-0.1407632224600331,-0.140334623887323,-0.0937595477424578,-0.2642452622225432,-0.250573517311816,-0.2633907373174538,-0.1691189058033812,-0.1671653815026433,-0.0590130547854711,-0.2624238875355379,-0.2551681497514608,-0.259251046036533,-0.1871909645279049,-0.1852736257916989,-0.2929651850515106,-0.7616388447244905,-0.6942351992761703,-0.7203886940918538,0.0253079828897598,0.0252169034660526,-0.1710846944289773,-0.2030950732700375,-0.1168167152870516,-0.1933557930540853,-0.0146587756915064,-0.0188487129543817,1.189411979242847,1.1979689696810816,-0.0834587840195169,1.1987337764095936,-0.0887977253698474,-0.0904370818830761,-0.0698914852737114,-0.143059513446339,-0.1345464749557279,-0.1024815141931915,-0.0031749902209437,-0.0040940903633603,1.023860363345962,0.7874346980684294,-0.3499327749819623,0.9391059237493712,-0.004357614038573,-0.0041943702405639,-0.1164246038907396,-0.1766172824237854,-0.1373232770907919,-0.1524643713004826,-0.0260596888205881,-0.0276597140284855,-0.0955592697148178,-0.145125943418047,-0.0977185991261648,-0.1294956950866637,0.0031432964315106,0.0024263098865888,0.5246644772511616,-0.0837743167321888,-0.1887158089232799,0.0529042379164654,-0.047722125340837,-0.0481706839301534,1.1032690406064565,0.8217548858267086,-0.301754266335682,1.0185155484741504,0.1831327449045568,0.1827480852580912,1.6763396238550032,0.1136911675883609,-0.4246718150208637,0.6700895966388815,0.1430014050880673,0.1425252107913369,2.289137668697931,1.1924206753212654,-1.0598683976058427,1.9636750367050433,0.1855973669005454,0.1854920038455318,0.5643369031305111,-0.4153489041615438,-0.5770993762832375,-0.197322934266118,0.241128277049832,0.2414064458179459,-0.098888736679456,-0.106714613806669,-0.1311553038955873,-0.1836705632417872,-0.1206134067031157,-0.1197924596125166
73219656,42,1,0.98784167,0.4856733,0.937624833,HIGH,HIGH,XGB_HIGH_GNN_LOW,STRONG_TRANSACTION_SIGNAL,0.50216837,1,0,0.0,0.0,0.0,73219821,"XGBoost identifies strong transaction-level fraud risk, while GraphSAGE provides weaker graph-based evidence.",-0.1721726960246823,0.1628544778904618,1.5735945770991024,-0.1219695997591005,-0.0438745479173489,-0.1130020092847624,-0.0615837940730322,-0.1628078239658606,-0.168634085623717,-0.0497069643940398,-0.1651124039649563,-0.0287412858566647,-0.0353905526008135,-0.0429552992580282,-0.0132816148700588,-0.0565926360971431,-0.1703751367868569,-0.1720832631691025,-0.1753053057060622,0.8870578724766534,0.8845565252702963,-0.1397315036432982,-0.1489120795714793,-0.0801472696533522,-0.1556616799887979,-0.010763009512837,-0.0121074517774784,-0.1397333034159355,-0.1489073786350351,-0.0801467358465918,-0.1556616499934174,-0.0106685610738475,-0.0120051821184178,-0.0246688306562535,-0.0312723904866303,-0.0230451563960962,-0.0262146551774309,0.0014278137097094,0.0014826437872997,-0.2272154464478222,-0.2393683687143703,-0.0752555315462277,-0.2349515175665409,0.0374680287743863,0.0434442213339417,-0.2272033238276858,-0.2432360925423977,-0.0978946778840727,-0.2358964234692872,0.0365766503766988,0.0423451348069101,-0.4139720633436274,-0.4883126415727742,-0.2325526205785921,-0.4675223534191843,0.0487668178548852,0.0529560645235839,-0.039149831443704,-0.1728941235181061,-0.1631247368618252,-0.1609314002903792,-1.316342283664295,-1.3153883882753692,-0.0391451157226713,-0.1728830829808247,-0.1631133996279628,-0.1609245143930747,-1.3163333780274464,-1.315375381290753,-0.0170316758803496,-0.0300262352777919,-0.0176401196299049,-0.0150709000018306,-0.1407632224600331,-0.140334623887323,-0.0954026892728408,-0.2642534138610993,-0.2503974331577179,-0.2635798914661957,-1.4717644946197317,-1.470277463738429,-0.0590130547854711,-0.2624145588671942,-0.2551585658002615,-0.2592415459800856,-1.4999715377938674,-1.498585280585486,-0.2937257124212137,-0.3919183215000166,-0.2467761169134922,-0.3908859212920825,-1.0849067857111534,-1.0848448955263614,-0.1334369323021801,-0.1735391963487767,-0.1168167152870516,-0.1565165436445136,-0.0146587756915064,-0.0188487129543817,1.1895080630525252,1.1980666744090347,-0.0834587840195169,1.1988312154627951,-0.0887977253698474,-0.0904370818830761,-0.079982118474645,-0.1507301102006897,-0.1345464749557279,-0.1121208107281583,-0.0031749902209437,-0.0040940903633603,1.023860363345962,0.7874346980684294,-0.3499327749819623,0.9391059237493712,-0.004357614038573,-0.0041943702405639,-0.1164246038907396,-0.1766172824237854,-0.1373232770907919,-0.1524643713004826,-0.0260596888205881,-0.0276597140284855,-0.0931447270142624,-0.1437067244867594,-0.0977185991261648,-0.1274622504830055,0.0031432964315106,0.0024263098865888,-0.1229325024139379,-0.1894810611796557,-0.1752712485441707,-0.2022496913205536,-1.159648797029665,-1.1601288555070002,1.102759766048965,1.5579278649733288,1.619892390445567,1.4277733487643531,-0.9757375123778044,-0.9752365572215276,-0.040243553357254,0.1788626103359698,0.3055632989487932,0.2169468033222817,-1.015963373517306,-1.0162304272806977,-0.968902874660573,0.6697089397432864,1.9728259319982189,-0.1612171894221981,1.4881129012284324,1.487932476808418,-0.2168143606184322,0.345779710601675,0.59615345930916,0.3766538160313478,-0.979073766855825,-0.9785560465643004,-0.098888736679456,-0.106714613806669,-0.1311553038955873,-0.1836705632417872,-0.1206134067031157,-0.1197924596125166
69094840,42,1,0.95871353,0.7379403,0.936636207,HIGH,CRITICAL,BOTH_HIGH,STRONG_CORROBORATION,0.22077323000000004,1,0,0.07909434062,0.07909434062,0.0,73221486,"Both XGBoost and GraphSAGE assign high fraud risk, providing strong corroborating model evidence.",-0.1727725050333666,0.109034328074501,1.5735945770991024,-0.1219695997591005,-0.0438745479173489,-0.1130020092847624,-0.0615837940730322,-0.1634228588527339,-0.1692405008188365,-0.0497069643940398,-0.1657267524894455,-0.0287412858566647,-0.0353905526008135,-0.0429552992580282,-0.0132816148700588,-0.0563573618655998,-0.1710085332876983,-0.1728304575864265,-0.1760154156967643,0.8870578724766534,0.8845565252702963,-0.1397317646311077,-0.1489122461054817,-0.0801472696533522,-0.1556619011349966,-0.010763009512837,-0.0121074517774784,-0.1397335644433573,-0.1489075451801295,-0.0801467358465918,-0.1556618711632588,-0.0106685610738475,-0.0120051821184178,-0.0246688306562535,-0.0312723904866303,-0.0230451563960962,-0.0262146551774309,0.0014278137097094,0.0014826437872997,-0.2272154464478222,-0.2393683687143703,-0.0752555315462277,-0.2349515175665409,0.0374680287743863,0.0434442213339417,-0.2272033238276858,-0.2432360925423977,-0.0978946778840727,-0.2358964234692872,0.0365766503766988,0.0423451348069101,-0.4139720633436274,-0.4883126415727742,-0.2325526205785921,-0.4675223534191843,0.0487668178548852,0.0529560645235839,-0.0391508998760349,-0.1728954452559787,-0.1631259769093301,-0.1609328746349853,-1.316342283664295,-1.3153883882753692,-0.0391461843752088,-0.1728844048225809,-0.1631146396878155,-0.1609259887929418,-1.3163333780274464,-1.315375381290753,-0.0170316758803496,-0.0300262352777919,-0.0176401196299049,-0.0150709000018306,-0.1407632224600331,-0.140334623887323,-0.0954026892728408,-0.2644164466322212,-0.2505651323520971,-0.263744373334667,-1.4717644946197317,-1.470277463738429,-0.0590130547854711,-0.2624238875355379,-0.2551681497514608,-0.259251046036533,-0.1871909645279049,-0.1852736257916989,-0.2937624727436296,-0.6439830570331556,-0.551594290617626,-0.615713122961592,-1.0849067857111534,-1.0848448955263614,-0.1475684147401006,-0.1846333047912237,-0.1168167152870516,-0.1703445423527551,-0.0146587756915064,-0.0188487129543817,1.1895080630525252,1.1980666744090347,-0.0834587840195169,1.1988312154627951,-0.0887977253698474,-0.0904370818830761,-0.089750438245876,-0.1581556939515419,-0.1345464749557279,-0.1214522103587149,-0.0031749902209437,-0.0040940903633603,-0.0362376652899277,-0.2399526079820951,-0.3499327749819623,-0.1456674386509633,-0.004357614038573,-0.0041943702405639,-0.1164246038907396,-0.1766172824237854,-0.1373232770907919,-0.1524643713004826,-0.0260596888205881,-0.0276597140284855,-0.0931447270142624,-0.1437067244867594,-0.0977185991261648,-0.1274622504830055,0.0031432964315106,0.0024263098865888,-0.1245510516797698,-0.189396382465959,-0.1747947061640786,-0.2024864319818765,-1.159648797029665,-1.1601288555070002,1.1027298087220536,1.047856315323098,0.2893207726985848,1.1440240089240243,-0.9757375123778044,-0.9752365572215276,-0.0611482852534682,-0.0934195665750945,-0.0194521305049731,-0.0536264329840709,-1.015963373517306,-1.0162304272806977,1.7461309114715131,1.1924206753212654,-0.4533295316850304,1.6601190044011516,-1.1169181674273414,-1.116948469117354,-0.2168143606184322,0.9104880376840632,1.28366467507031,0.9569380031452692,-0.979073766855825,-0.9785560465643004,-0.098888736679456,-0.106714613806669,-0.1311553038955873,-0.1836705632417872,-0.1206134067031157,-0.1197924596125166
74195778,46,0,0.9687372,0.4550208,0.91736556,HIGH,HIGH,XGB_HIGH_GNN_LOW,STRONG_TRANSACTION_SIGNAL,0.5137164,4,0,0.0442314189,0.0442314189,0.0,"44118784,196094475,196091601,196091489","XGBoost identifies strong transaction-level fraud risk, while GraphSAGE provides weaker graph-based evidence.",-0.1720201297413304,0.5854637958758904,1.018601901343969,0.0281054169871445,-0.0438745479173489,0.0547224678484353,-0.0615837940730322,-0.1635903529621399,-0.168982522439849,-0.0466225579123353,-0.1656149857955227,2.1757203060824706,2.415324919421781,-0.0429552992580282,-0.0132816148700588,-0.0564814973980338,-0.1702261876752973,-0.171921160186206,-0.1751246834738452,0.8870578724766534,0.8845565252702963,-0.1397318357066217,-0.148912175259348,-0.080147136924618,-0.1556618609024925,2.37284551138284,2.6653770009181503,-0.139733635529659,-0.1489074743292771,-0.0801466031179615,-0.1556618309264535,2.3729108374775825,2.6653075604552345,-0.0246688306562535,-0.0312723904866303,-0.0230451563960962,-0.0262146551774309,0.0014278137097094,0.0014826437872997,-0.2272154464478222,-0.2393683687143703,-0.0752555315462277,-0.2349515175665409,0.0374680287743863,0.0434442213339417,-0.2272033238276858,-0.2432360925423977,-0.0978946778840727,-0.2358964234692872,0.0365766503766988,0.0423451348069101,-0.4140025036456195,-0.4883379586554958,-0.2325526205785921,-0.4675515621421228,0.0487668178548852,0.0529560645235839,-0.0391510287838704,-0.1728952635001484,-0.163125763178195,-0.1609327123466495,0.9234729775583688,0.9230107104495158,-0.0391463133096126,-0.1728842230524652,-0.1631144259545522,-0.1609258264985231,0.9235162990740676,0.9231101257685776,-0.0170316758803496,-0.0300262352777919,-0.0176401196299049,-0.0150709000018306,-0.1407632224600331,-0.140334623887323,-0.0954026892728408,-0.2644245982707773,-0.250573517311816,-0.2637525974280905,-0.1691189058033812,-0.1671653815026433,-0.0590130547854711,-0.2624238875355379,-0.2551681497514608,-0.259251046036533,-0.1871909645279049,-0.1852736257916989,-0.2938634993639755,-0.6912172885401635,-0.6086721676175842,-0.65787414786041,1.135522751490673,1.135278702458467,-0.1710634478099435,-0.2016123188559182,-0.1140012910334825,-0.1924234444764143,2.5367632429163365,2.5322881393975263,1.447557147911139,1.4604690054488054,-0.0834587840195169,1.460520032678093,-0.0887977253698474,-0.0904370818830761,-0.0709117739925634,-0.1287507540420343,-0.1046068789604276,-0.0966576619414967,2.5044613520741565,1.509203518052827,0.4938113490280171,1.3011283510936915,1.438555822557715,0.9391059237493712,1.831340783578166,1.83063714350121,-0.1164246038907396,-0.1766172824237854,-0.1373232770907919,-0.1524643713004826,-0.0260596888205881,-0.0276597140284855,-0.0955592697148178,-0.1437067244867594,-0.0958571383499699,-0.1281400653508915,3.359283720234377,3.357647477244505,-0.124229710118325,-0.1961831339529423,-0.1834846407855214,-0.2102203069921754,1.0642045463479908,1.0637874876466933,1.343886290357749,1.1772114085496554,0.0736285444343946,1.3339277161258472,1.342003002186918,1.3407327277377104,-0.1442115435813999,-0.3929356591849223,-0.354211658295114,-0.3693328046032524,-1.015963373517306,-1.0162304272806977,0.6601173970186788,0.1469972041653072,-0.4533295316850304,0.445894875185585,-1.1169181674273414,-1.116948469117354,-0.1931431102017976,-0.5994929238623226,-0.5621534802884299,-0.5883840168863694,-0.979073766855825,-0.9785560465643004,-0.098888736679456,-0.0874901561101501,-0.0846742330262522,-0.1405970785066562,-1.7609264293068194,-1.760984402318598
72637933,42,1,0.9205108,0.82682186,0.911141906,HIGH,CRITICAL,BOTH_HIGH,STRONG_CORROBORATION,0.09368893999999994,3,1,0.998928194,0.998928194,1.0,"73001042,73428310,72294245","Both XGBoost and GraphSAGE assign high fraud risk, providing strong corroborating model evidence.",-0.1723129069734649,0.0544997514910716,1.5735945770991024,-0.1219695997591005,-0.0438745479173489,-0.1130020092847624,-0.0615837940730322,-0.1629539819078428,-0.1687781951674146,-0.0497069643940398,-0.1652583987986082,-0.0287412858566647,-0.0353905526008135,-0.0429552992580282,-0.0132816148700588,-0.05603278842925,-0.1705591044782203,-0.172340458953649,-0.1754713005379083,-1.373657177393896,-1.37145982760274,-0.1397272998060684,-0.1489093971402932,-0.0801472696533522,-0.1556581178966639,-0.010763009512837,-0.0121074517774784,-0.1397290989406554,-0.1489046960251866,-0.0801467358465918,-0.1556580875204613,-0.0106685610738475,-0.0120051821184178,-0.0246688306562535,-0.0312723904866303,-0.0230451563960962,-0.0262146551774309,0.0014278137097094,0.0014826437872997,-0.2270829912308288,-0.2392436540820419,-0.0752555315462277,-0.2348218702213984,0.0374680287743863,0.0434442213339417,-0.2270654651111616,-0.2431012525130412,-0.0978946778840727,-0.2357593905731873,0.0365766503766988,0.0423451348069101,-0.4139826676878388,-0.4883214611652894,-0.2325526205785921,-0.4675325287240186,0.0487668178548852,0.0529560645235839,-0.0391509749528208,-0.1728953461150978,-0.1631258595810997,-0.1609327868113367,-1.316342283664295,-1.3153883882753692,-0.0391462594674682,-0.1728843056739078,-0.1631145223584168,-0.1609259009660014,-1.3163333780274464,-1.315375381290753,-0.0170316758803496,-0.0300262352777919,-0.0176401196299049,-0.0150709000018306,-0.1407632224600331,-0.140334623887323,-0.0954026892728408,-0.2644245982707773,-0.250573517311816,-0.2637525974280905,-0.1691189058033812,-0.1671653815026433,-0.0590130547854711,-0.2624238875355379,-0.2551681497514608,-0.259251046036533,-0.1871909645279049,-0.1852736257916989,-0.2938624068369107,-0.76192979074566,-0.6941888176659675,-0.7209418868403723,-1.0849067857111534,-1.0848448955263614,-0.1706582137694247,-0.2027602589498507,-0.1168167152870516,-0.1929384713728469,-0.0146587756915064,-0.0188487129543817,1.189411979242847,1.1979689696810816,-0.0834587840195169,1.1987337764095936,-0.0887977253698474,-0.0904370818830761,-0.045146705277502,-0.1242492737570712,-0.1345464749557279,-0.0788435256421947,-0.0031749902209437,-0.0040940903633603,1.5539093776639068,1.3011283510936915,-0.3499327749819623,1.4814926049495385,-0.004357614038573,-0.0041943702405639,-0.1164246038907396,-0.1766172824237854,-0.1373232770907919,-0.1524643713004826,-0.0260596888205881,-0.0276597140284855,-0.0955592697148178,-0.145125943418047,-0.0977185991261648,-0.1294956950866637,0.0031432964315106,0.0024263098865888,-0.1246674952078949,-0.2001526845530434,-0.1884246885568644,-0.2148729776982762,-1.159648797029665,-1.1601288555070002,1.1023703207991185,0.8209910296459776,-0.301685552659905,1.0176510844108138,-0.9757375123778044,-0.9752365572215276,-0.1206069614294197,-0.4200440906701131,-0.3963045661000897,-0.388544013324233,1.3019661836934409,1.3012808488633716,1.203124154245096,0.6697089397432864,-0.4533295316850304,1.0530069397933683,1.4881129012284324,1.487932476808418,-0.2168143606184322,-0.6179073258324005,-0.5770993762832375,-0.6136137641521922,0.241128277049832,0.2414064458179459,-0.098888736679456,-0.0874901561101501,-0.0846742330262522,-0.1405970785066562,-1.7609264293068194,-1.760984402318598
71988450,42,1,0.9998437,7.6472825e-05,0.8998669772825001,HIGH,HIGH,XGB_HIGH_GNN_LOW,STRONG_TRANSACTION_SIGNAL,0.999767227175,2,0,2.513562432e-05,2.513562432e-05,0.0,"73160850,26015423","XGBoost identifies strong transaction-level fraud risk, while GraphSAGE provides weaker graph-based evidence.",-0.1728299569196597,0.1430886706571665,1.018601901343969,-0.1219695997591005,-0.0637245732388369,-0.1130020092847624,-0.0615837940730322,-0.1634807915713985,-0.1692976216125388,-0.0497069643940398,-0.1657846205567551,-0.0287412858566647,-0.0353905526008135,-0.0631999532943942,-0.0132816148700588,-0.0551936437916528,-0.1709933602493501,-0.1729081406182527,-0.1759026370591659,-0.2432996524586214,-0.2434516511662217,-0.1397317892146454,-0.1489122617920187,-0.0801472696533522,-0.1556619219656857,-0.010763009512837,-0.0121074517774784,-0.1397335890306262,-0.1489075608677113,-0.0801467358465918,-0.1556618919961749,-0.0106685610738475,-0.0120051821184178,-0.0246688306562535,-0.0312723904866303,-0.0230451563960962,-0.0262146551774309,0.0014278137097094,0.0014826437872997,-0.2272154464478222,-0.2393683687143703,-0.0752555315462277,-0.2349515175665409,0.0374680287743863,0.0434442213339417,-0.2272033238276858,-0.2432360925423977,-0.0978946778840727,-0.2358964234692872,0.0365766503766988,0.0423451348069101,-0.4140150641309962,-0.4883484051631351,-0.2325526205785921,-0.4675636144449362,0.0487668178548852,0.0529560645235839,-0.0391168419451955,-0.1728904472727868,-0.1631259900993975,-0.1609228972335704,-0.1964346530529631,-0.1961888389129267,-0.0391121194249417,-0.1728794064465664,-0.1631146528780142,-0.1609160110175567,-0.1964085394766894,-0.1961326277610877,-0.0170316758803496,-0.0300262352777919,-0.0176401196299049,-0.0150709000018306,-0.1407632224600331,-0.140334623887323,-0.0918176532065505,-0.2640333196200848,-0.250573517311816,-0.2629630844594285,-0.1691189058033812,-0.1671653815026433,-0.0590130547854711,-0.2624238875355379,-0.2551681497514608,-0.259251046036533,-0.1871909645279049,-0.1852736257916989,-0.2936728855243152,-0.7618985851043136,-0.6942351992761703,-0.7208520161595969,0.0253079828897598,0.0252169034660526,-0.0835396261566307,-0.1343666517982306,-0.1168167152870516,-0.1076908179673621,-0.0146587756915064,-0.0188487129543817,1.1892838674966095,1.197838696710477,-0.0834587840195169,1.1986038576719913,-0.0887977253698474,-0.0904370818830761,7.992364396983004,5.985625631650492,-0.1345464749557279,7.599163530506516,-0.0031749902209437,-0.0040940903633603,2.083958391981852,1.8148220041189536,-0.3499327749819623,2.0238792861497057,-0.004357614038573,-0.0041943702405639,10.333496818261256,5.931682844906952,-0.1373232770907919,9.528447045898318,-0.0260596888205881,-0.0276597140284855,-0.0207084459976007,-0.1011301565481319,-0.0977185991261648,-0.0664589123732602,0.0031432964315106,0.0024263098865888,-0.0730746351691853,-0.1911168841935064,-0.1887158089232799,-0.1938392575187512,-0.047722125340837,-0.0481706839301534,1.1023703207991185,0.8209646897776766,-0.301754266335682,1.0176364324775369,0.1831327449045568,0.1827480852580912,1.3350771055467014,0.0079223806220699,-0.4246718150208637,0.4647654923300368,0.1430014050880673,0.1425252107913369,0.6601173970186788,-0.3757145314126718,-1.0598683976058427,0.1423388428816934,0.1855973669005454,0.1854920038455318,0.9194056593800308,-0.3232768943111545,-0.5770993762832375,-0.0080998297724479,0.241128277049832,0.2414064458179459,0.0182794000374458,-0.0874901561101501,-0.1311553038955873,-0.0975235937715251,-0.1206134067031157,-0.1197924596125166
71451632,42,1,0.9990984,0.0010808447,0.89929664447,HIGH,HIGH,XGB_HIGH_GNN_LOW,STRONG_TRANSACTION_SIGNAL,0.9980175553,2,0,0.00426454828535009,0.008515126183,0.0,"34978872,72332073","XGBoost identifies strong transaction-level fraud risk, while GraphSAGE provides weaker graph-based evidence.",-0.17235912400223,0.020683551164229,1.018601901343969,-0.1219695997591005,-0.0637245732388369,-0.1130020092847624,-0.0615837940730322,-0.163002111838258,-0.1688256505585911,-0.0497069643940398,-0.1653064750173161,-0.0287412858566647,-0.0353905526008135,-0.0631999532943942,-0.0132816148700588,-0.0483874326832321,-0.1705092969556078,-0.1729081406182527,-0.1747878049916994,-0.2432996524586214,-0.2434516511662217,-0.1397315860886477,-0.1489121321791243,-0.0801472696533522,-0.1556617498482893,-0.010763009512837,-0.0121074517774784,-0.1397333858737985,-0.1489074312461841,-0.0801467358465918,-0.1556617198603775,-0.0106685610738475,-0.0120051821184178,-0.0246688306562535,-0.0312723904866303,-0.0230451563960962,-0.0262146551774309,0.0014278137097094,0.0014826437872997,-0.2272154464478222,-0.2393683687143703,-0.0752555315462277,-0.2349515175665409,0.0374680287743863,0.0434442213339417,-0.2272033238276858,-0.2432360925423977,-0.0978946778840727,-0.2358964234692872,0.0365766503766988,0.0423451348069101,-0.4140197314151798,-0.4883522869255366,-0.2325526205785921,-0.4675680928962549,0.0487668178548852,0.0529560645235839,-0.0391491637121248,-0.1728952022304946,-0.1631259900993975,-0.1609323777383998,-0.1964346530529631,-0.1961888389129267,-0.0391444478534708,-0.1728841617779958,-0.1631146528780142,-0.1609254918777317,-0.1964085394766894,-0.1961326277610877,-0.0170316758803496,-0.0300262352777919,-0.0176401196299049,-0.0150709000018306,-0.1407632224600331,-0.140334623887323,-0.0950292480159356,-0.2643838400779968,-0.250573517311816,-0.2636703564938549,-0.1691189058033812,-0.1671653815026433,-0.0587686729634771,-0.2624052301988505,-0.2551681497514608,-0.2592130458107434,-0.1871909645279049,-0.1852736257916989,-0.2937773825247494,-0.7619369376159003,-0.6942351992761703,-0.7209204289531086,0.0253079828897598,0.0252169034660526,-0.0481439765516935,-0.1065788257981572,-0.1168167152870516,-0.0730553153465582,-0.0146587756915064,-0.0188487129543817,1.1891877836869318,1.197740991982524,-0.0834587840195169,1.1985064186187897,-0.0887977253698474,-0.0904370818830761,0.6087538894983631,0.3728263487610109,-0.1345464749557279,0.5458092203175464,-0.0031749902209437,-0.0040940903633603,1.5539093776639068,1.3011283510936915,-0.3499327749819623,1.4814926049495385,-0.004357614038573,-0.0041943702405639,-0.1164246038907396,-0.1766172824237854,-0.1373232770907919,-0.1524643713004826,-0.0260596888205881,-0.0276597140284855,0.0058515237085084,-0.0855187483039685,-0.0977185991261648,-0.0440910217330203,0.0031432964315106,0.0024263098865888,-0.0352619957321793,-0.1843264538614137,-0.1887158089232799,-0.1782304030328208,-0.047722125340837,-0.0481706839301534,1.102310406145296,0.8209120100410744,-0.301754266335682,1.0175778247444291,0.1831327449045568,0.1827480852580912,1.895298099303117,0.1815537985591997,-0.4246718150208637,0.8018282155621552,0.1430014050880673,0.1425252107913369,2.289137668697931,1.1924206753212654,-1.0598683976058427,1.9636750367050433,0.1855973669005454,0.1854920038455318,0.706364405630319,-0.3785201002213881,-0.5770993762832375,-0.12163369246865,0.241128277049832,0.2414064458179459,0.0182794000374458,-0.0874901561101501,-0.1311553038955873,-0.0975235937715251,-0.1206134067031157,-0.1197924596125166
73010759,42,1,0.9987349,0.0027642022,0.8991378302199999,HIGH,HIGH,XGB_HIGH_GNN_LOW,STRONG_TRANSACTION_SIGNAL,0.9959706978,1,0,1.7178543130000004e-05,1.7178543130000004e-05,0.0,30908208,"XGBoost identifies strong transaction-level fraud risk, while GraphSAGE provides weaker graph-based evidence.",-0.1728556015509433,0.0106815764196699,1.018601901343969,-0.1219695997591005,-0.0637245732388369,-0.1130020092847624,-0.0615837940730322,-0.1635103309437388,-0.1693267469916413,-0.0497069643940398,-0.1658141269639507,-0.0287412858566647,-0.0353905526008135,-0.0631999532943942,-0.0132816148700588,-0.0555643544362407,-0.1710197254932114,-0.1729081406182527,-0.1759633580840877,-0.2432996524586214,-0.2434516511662217,-0.1397318017495702,-0.1489122697904429,-0.0801472696533522,-0.1556619325870667,-0.010763009512837,-0.0121074517774784,-0.1397336015674536,-0.1489075688666682,-0.0801467358465918,-0.1556619026186914,-0.0106685610738475,-0.0120051821184178,-0.0246688306562535,-0.0312723904866303,-0.0230451563960962,-0.0262146551774309,0.0014278137097094,0.0014826437872997,-0.2272154464478222,-0.2393683687143703,-0.0752555315462277,-0.2349515175665409,0.0374680287743863,0.0434442213339417,-0.2272033238276858,-0.2432360925423977,-0.0978946778840727,-0.2358964234692872,0.0365766503766988,0.0423451348069101,-0.4140131079898309,-0.488346778248011,-0.2325526205785921,-0.4675617374469571,0.0487668178548852,0.0529560645235839,-0.0391494334173747,-0.1728952419076898,-0.1631259900993975,-0.160932456847377,-0.1964346530529631,-0.1961888389129267,-0.0391447176143077,-0.1728842014583096,-0.1631146528780142,-0.1609255709896741,-0.1964085394766894,-0.1961326277610877,-0.0170316758803496,-0.0300262352777919,-0.0176401196299049,-0.0150709000018306,-0.1407632224600331,-0.140334623887323,-0.0950292480159356,-0.2643838400779968,-0.250573517311816,-0.2636703564938549,-0.1691189058033812,-0.1671653815026433,-0.0590130547854711,-0.2624238875355379,-0.2551681497514608,-0.259251046036533,-0.1871909645279049,-0.1852736257916989,-0.2860922258193918,-0.7591163297480844,-0.6942351992761703,-0.7158890592812118,0.0253079828897598,0.0252169034660526,0.2497796308630656,0.1273100689263729,-0.1168167152870516,0.2184701687336651,-0.0146587756915064,-0.0188487129543817,1.1894440071794063,1.1980015379237323,-0.0834587840195169,1.198766256093994,-0.0887977253698474,-0.0904370818830761,0.563521089629259,0.3384417307735055,-0.1345464749557279,0.5025996057806945,-0.0031749902209437,-0.0040940903633603,1.5539093776639068,1.3011283510936915,-0.3499327749819623,1.4814926049495385,-0.004357614038573,-0.0041943702405639,-0.1164246038907396,-0.1766172824237854,-0.1373232770907919,-0.1524643713004826,-0.0260596888205881,-0.0276597140284855,0.01550969451073,-0.0798418725788182,-0.0977185991261648,-0.0359572433183876,0.0031432964315106,0.0024263098865888,-0.1222347889139103,-0.1999451121111752,-0.1887158089232799,-0.2141323049688167,-0.047722125340837,-0.0481706839301534,1.109859652526935,0.8275496568529441,-0.301754266335682,1.0249623991159835,0.1831327449045568,0.1827480852580912,-0.149153694872081,-0.4520909021624132,-0.4246718150208637,-0.4282372352893839,0.1430014050880673,0.1425252107913369,1.203124154245096,0.1469972041653072,-1.0598683976058427,0.7494509074894767,0.1855973669005454,0.1854920038455318,-0.0747868581186243,-0.5810785218922447,-0.5770993762832375,-0.5379245223547241,0.241128277049832,0.2414064458179459,0.0182794000374458,-0.0874901561101501,-0.1311553038955873,-0.0975235937715251,-0.1206134067031157,-0.1197924596125166
99175682,42,0,0.93058133,0.5999273,0.897515927,HIGH,HIGH,BOTH_HIGH,STRONG_CORROBORATION,0.33065402999999993,4,0,0.11008014245,0.215031006,0.0,"70834734,72741245,72741461,99298508","Both XGBoost and GraphSAGE assign high fraud risk, providing strong corroborating model evidence.",-0.1726871437190865,0.2224081613656355,1.5735945770991024,0.0281054169871445,-0.0438745479173489,0.0547224678484353,-0.0615837940730322,-0.1635887590579536,-0.1693070499884979,-0.0490788606998245,-0.165845230309871,1.357165617114927,1.1899671834104837,-0.0429552992580282,-0.0132816148700588,-0.056235511310317,-0.1709294394367106,-0.1727495149088346,-0.1759143569910561,0.8870578724766534,0.8845565252702963,-0.1397318350302543,-0.1489122643812434,-0.0801472426246811,-0.1556619437832957,1.4877704714834747,1.326634774570336,-0.1397336348531889,-0.1489075634571084,-0.0801467088179419,-0.1556619138161174,1.48784661120796,1.3266511891684083,-0.0246688306562535,-0.0312723904866303,-0.0230451563960962,-0.0262146551774309,0.0014278137097094,0.0014826437872997,-0.2272154464478222,-0.2393683687143703,-0.0752555315462277,-0.2349515175665409,0.0374680287743863,0.0434442213339417,-0.2272033238276858,-0.2432360925423977,-0.0978946778840727,-0.2358964234692872,0.0365766503766988,0.0423451348069101,-0.4139573064892232,-0.4881969878871058,-0.2323573923054843,-0.4674684363778186,-2.4546489531285083,-2.4449966468792677,-0.0391509992732294,-0.1728954380155473,-0.1631259536290324,-0.1609328819943603,0.9234729775583688,0.9230107104495158,-0.0391462837928894,-0.1728843975815804,-0.1631146164072859,-0.1609259961525926,0.9235162990740676,0.9231101257685776,-0.0170316758803496,-0.0300262352777919,-0.0176401196299049,-0.0150709000018306,-0.1407632224600331,-0.140334623887323,-0.0954026892728408,-0.2644245982707773,-0.250573517311816,-0.2637525974280905,-0.1691189058033812,-0.1671653815026433,-0.0590130547854711,-0.2624238875355379,-0.2551681497514608,-0.259251046036533,-0.1871909645279049,-0.1852736257916989,-0.2938967893063032,-0.7619039629472668,-0.6941423219558627,-0.7209301060395217,-1.0849067857111534,-1.0848448955263614,-0.1710347548222501,-0.2027075352897494,-0.1160473030357727,-0.1931610727206755,2.2035615169417646,2.5322881393975263,1.1891877836869318,1.1980015379237323,-0.0808305595869935,1.1986796436022569,2.397058581813973,2.3861989330995024,-0.1713846500102303,-0.1237355913221505,0.0640352524619024,-0.1186103573214573,2.6136096410366494,2.617014254385947,-0.0362376652899277,0.7874346980684294,1.7152359714822558,0.5775148029492595,3.1751652780063937,3.1738270348887014,-0.1164246038907396,-0.115534281150478,-0.0217303814500346,-0.0879249618524906,2.833092011273445,2.8329914908792007,-0.0955592697148178,-0.1437067244867594,-0.0958571383499699,-0.1281400653508915,3.359283720234377,3.357647477244505,-0.1243408193359465,-0.1941506384990035,-0.1808787890245355,-0.2079072370391279,-1.159648797029665,-1.1601288555070002,1.1024002781260298,0.8212017485923861,-0.3012045569294656,1.0177829518103056,-0.9757375123778044,-0.9752365572215276,-0.1090432569674625,-0.3774556448993329,-0.3486111698642933,-0.3437278023668207,-1.015963373517306,-1.0162304272806977,0.1171106397922615,0.6697089397432864,0.759748200156594,0.445894875185585,-1.1169181674273414,-1.116948469117354,-0.2168143606184322,-0.5933547898722966,-0.5472075842936223,-0.5883840168863694,-0.979073766855825,-0.9785560465643004,-0.098888736679456,-0.0874901561101501,-0.0846742330262522,-0.1405970785066562,-1.7609264293068194,-1.760984402318598
195426637,46,0,0.91274387,0.65576965,0.887046448,HIGH,HIGH,BOTH_HIGH,STRONG_CORROBORATION,0.25697422000000003,5,0,0.1556623226,0.1556623226,0.0,"196093481,29820636,125238541,196088481,195426630","Both XGBoost and GraphSAGE assign high fraud risk, providing strong corroborating model evidence.",-0.1722142315737136,0.4661855877420179,1.018601901343969,0.1031429253602671,-0.0438745479173489,0.1385847064150342,-0.0615837940730322,-0.1636264953107059,-0.1687604284831783,-0.0453812656544288,-0.1657489504652465,1.9502499549273793,2.415324919421781,-0.0429552992580282,-0.0132816148700588,-0.0564861731214299,-0.170425411216085,-0.172149745826736,-0.1753544793728618,0.8870578724766534,0.8845565252702963,-0.1397318510434954,-0.1489121142678099,-0.0801470835091064,-0.1556619091255716,2.1290521732780614,2.6653770009181503,-0.1397336508688605,-0.1489074133336766,-0.0801465497024918,-0.155661879154688,2.12912047798001,2.6653075604552345,-0.0246688306562535,-0.0312723904866303,-0.0230451563960962,-0.0262146551774309,0.0014278137097094,0.0014826437872997,-0.2272154464478222,-0.2393683687143703,-0.0752555315462277,-0.2349515175665409,0.0374680287743863,0.0434442213339417,-0.2272033238276858,-0.2432360925423977,-0.0978946778840727,-0.2358964234692872,0.0365766503766988,0.0423451348069101,-0.4140025036456195,-0.4883379586554958,-0.2325526205785921,-0.4675515621421228,0.0487668178548852,0.0529560645235839,-0.039151029344811,-0.1728953129384542,-0.1631258157333691,-0.1609327617143278,0.9234729775583688,0.9230107104495158,-0.0391463138706688,-0.1728842724946568,-0.1631144785102496,-0.1609258758680519,0.9235162990740676,0.9231101257685776,-0.0170316758803496,-0.0300262352777919,-0.0176401196299049,-0.0150709000018306,-0.1407632224600331,-0.140334623887323,-0.0954026892728408,-0.2644245982707773,-0.250573517311816,-0.2637525974280905,-0.1691189058033812,-0.1671653815026433,-0.0590130547854711,-0.2624238875355379,-0.2551681497514608,-0.259251046036533,-0.1871909645279049,-0.1852736257916989,-0.2938634993639755,-0.7590296238239808,-0.6906810158507981,-0.7183556013478972,1.135522751490673,1.135278702458467,-0.1710686180134507,-0.202012336852299,-0.1148399597656502,-0.1929628018856944,1.7892548185126418,0.491378657516,1.447557147911139,1.4604690054488054,-0.0834587840195169,1.460520032678093,-0.0887977253698474,-0.0904370818830761,-0.0699070452323867,-0.1227361072423623,-0.0983835465426944,-0.0914288116099623,-0.8953595182798482,-1.2147321770963102,1.023860363345962,1.3011283510936915,0.6826515982501468,1.210299264349455,-1.6462561753419602,-1.6453175670347424,-0.1164246038907396,-0.1766172824237854,-0.1373232770907919,-0.1524643713004826,-0.0260596888205881,-0.0276597140284855,-0.0955592697148178,-0.1437067244867594,-0.0961065268058317,-0.12797061163392,-0.9974644541895784,-0.9979073714145452,-0.1242650692706721,-0.1997439212286344,-0.1879974638009346,-0.2143201152004019,1.0642045463479908,1.0637874876466933,1.343886290357749,1.0368199105049494,-0.2926153474573331,1.2558329117600022,1.342003002186918,1.3407327277377104,0.0001653760255267,-0.3929356591849223,-0.4089271933657526,-0.3258998752441873,-1.015963373517306,-1.0162304272806977,1.203124154245096,0.6697089397432864,-0.4533295316850304,1.0530069397933683,1.4881129012284324,1.487932476808418,-0.1931431102017976,-0.5994929238623226,-0.5621534802884299,-0.5883840168863694,-0.979073766855825,-0.9785560465643004,-0.098888736679456,-0.0874901561101501,-0.0846742330262522,-0.1405970785066562,-1.7609264293068194,-1.760984402318598
73316302,42,0,0.9733084,0.0044187405,0.8764194340499999,HIGH,HIGH,XGB_HIGH_GNN_LOW,STRONG_TRANSACTION_SIGNAL,0.9688896595,2,0,0.00695870090115,0.0119645556233,0.0,"73407499,72341904","XGBoost identifies strong transaction-level fraud risk, while GraphSAGE provides weaker graph-based evidence.",-0.1728631896228033,-0.0231009733710238,1.018601901343969,-0.1219695997591005,-0.0438745479173489,-0.1130020092847624,-0.0615837940730322,-0.1635189369163298,-0.1693352323518369,-0.0497069643940398,-0.1658227233325079,-0.0287412858566647,-0.0353905526008135,-0.0429552992580282,-0.0132816148700588,-0.0565790374741458,-0.1710860003582194,-0.1729013709803215,-0.1761227765933653,-1.373657177393896,-1.37145982760274,-0.1397318054014833,-0.1489122721206962,-0.0801472696533522,-0.1556619356814898,-0.010763009512837,-0.0121074517774784,-0.1397336052199209,-0.1489075711970767,-0.0801467358465918,-0.1556619057134453,-0.0106685610738475,-0.0120051821184178,-0.0246688306562535,-0.0312723904866303,-0.0230451563960962,-0.0262146551774309,0.0014278137097094,0.0014826437872997,-0.2272154464478222,-0.2393683687143703,-0.0752555315462277,-0.2349515175665409,0.0374680287743863,0.0434442213339417,-0.2272033238276858,-0.2432360925423977,-0.0978946778840727,-0.2358964234692872,0.0365766503766988,0.0423451348069101,-0.4138491009963472,-0.4882103742589169,-0.2325526205785921,-0.4674043659848115,0.0487668178548852,0.0529560645235839,-0.039151030549827,-0.1728953419362912,-0.1631258464221676,-0.1609327907992109,0.9234729775583688,0.9230107104495158,-0.0391463150759332,-0.1728843170430264,-0.1631145257543554,-0.1609259204535565,0.9235162990740676,0.9231101257685776,-0.0170316758803496,-0.0300089112752669,-0.0176217139999604,-0.0150528171714971,2.14689907836121,2.148395778478105,-0.0954026892728408,-0.2643512335237725,-0.2504980526743454,-0.2636785805872785,1.1335266830129689,1.1359467007331423,-0.0590130547854711,-0.2623959015305067,-0.2551393978978628,-0.2592225458671908,1.1255896087380572,1.1280380290020882,-0.293880465666629,-0.1667113356337568,0.0256466414371696,-0.1900756913511725,1.135522751490673,1.135278702458467,-0.170366473193791,-0.2025312241265504,-0.1168167152870516,-0.1926529961355019,-0.0146587756915064,-0.0188487129543817,1.189411979242847,1.1979689696810816,-0.0834587840195169,1.1987337764095936,-0.0887977253698474,-0.0904370818830761,-0.044470958500746,-0.1237355913221505,-0.1345464749557279,-0.0781980038563967,-0.0031749902209437,-0.0040940903633603,1.023860363345962,0.7874346980684294,-0.3499327749819623,0.9391059237493712,-0.004357614038573,-0.0041943702405639,-0.0119253896692196,-0.115534281150478,-0.1373232770907919,-0.0556552571284946,-0.0260596888205881,-0.0276597140284855,-0.0931447270142624,-0.1437067244867594,-0.0977185991261648,-0.1274622504830055,0.0031432964315106,0.0024263098865888,-0.1224922944341751,-0.1989245623140837,-0.1873613758888163,-0.2130125076313086,1.0642045463479908,1.0637874876466933,1.1024601927798523,0.8220182845097194,-0.2992118603319308,1.0182664656084432,1.342003002186918,1.3407327277377104,-0.0552920683635702,-0.3557257485071251,-0.3424110205251685,-0.3064661980541104,1.3019661836934409,1.3012808488633716,-0.4258961174341557,0.6697089397432864,1.3662870660774065,0.1423388428816934,-1.1169181674273414,-1.116948469117354,-0.1931431102017976,-0.5503878519421149,-0.5023698963091994,-0.5379245223547241,1.4613303209554889,1.4613689382001922,-0.098888736679456,-0.0874901561101501,-0.0846742330262522,-0.1405970785066562,-1.7609264293068194,-1.760984402318598
73156131,42,0,0.930539,0.37901458,0.875386558,HIGH,HIGH,XGB_HIGH_GNN_LOW,STRONG_TRANSACTION_SIGNAL,0.55152442,2,0,0.0487202406,0.0487202406,0.0,"73429588,72603110","XGBoost identifies strong transaction-level fraud risk, while GraphSAGE provides weaker graph-based evidence.",-0.1729652304274481,-0.0853104606991782,1.018601901343969,-0.1219695997591005,-0.0438745479173489,-0.1130020092847624,-0.0615837940730322,-0.1636248906935835,-0.1694397011907243,-0.0497069643940398,-0.1659285588681972,-0.0287412858566647,-0.0353905526008135,-0.0429552992580282,-0.0132816148700588,-0.0573237066039489,-0.1711379470264609,-0.1729002046597483,-0.176243582039413,0.8870578724766534,0.8845565252702963,-0.139731850362582,-0.1489123008099738,-0.0801472696533522,-0.1556619737789629,-0.010763009512837,-0.0121074517774784,-0.1397336501878437,-0.1489075998882651,-0.0801467358465918,-0.1556619438149915,-0.0106685610738475,-0.0120051821184178,-0.0246688306562535,-0.0312723904866303,-0.0230451563960962,-0.0262146551774309,0.0014278137097094,0.0014826437872997,-0.2272154464478222,-0.2393683687143703,-0.0752555315462277,-0.2349515175665409,0.0374680287743863,0.0434442213339417,-0.2272033238276858,-0.2432360925423977,-0.0978946778840727,-0.2358964234692872,0.0365766503766988,0.0423451348069101,-0.4140131079898309,-0.488346778248011,-0.2325526205785921,-0.4675617374469571,0.0487668178548852,0.0529560645235839,-0.0391511181750346,-0.1728954146812971,-0.1631259101562789,-0.1609328761701998,-1.316342283664295,-1.3153883882753692,-0.0391464027192005,-0.1728843742454962,-0.1631145729340996,-0.1609259903282138,-1.3163333780274464,-1.315375381290753,-0.0170316758803496,-0.0300262352777919,-0.0176401196299049,-0.0150709000018306,-0.1407632224600331,-0.140334623887323,-0.0954026892728408,-0.2641637458369823,-0.2503051986008094,-0.2634894264385365,-1.4717644946197317,-1.470277463738429,-0.0590130547854711,-0.2622279855003189,-0.2549668867762746,-0.2590515448511375,-1.4999715377938674,-1.498585280585486,-0.2937922923058691,-0.402792202016057,-0.2598968925303557,-0.4006060707397083,-1.0849067857111534,-1.0848448955263614,-0.1710841557882014,-0.2030946504029246,-0.1168167152870516,-0.1933552659810068,-0.0146587756915064,-0.0188487129543817,1.1894440071794063,1.1980015379237323,-0.0834587840195169,1.198766256093994,-0.0887977253698474,-0.0904370818830761,-0.0177734036907861,-0.1034409107806529,-0.1345464749557279,-0.0526945847500594,-0.0031749902209437,-0.0040940903633603,1.5539093776639068,1.3011283510936915,-0.3499327749819623,1.4814926049495385,-0.004357614038573,-0.0041943702405639,-0.1164246038907396,-0.1766172824237854,-0.1373232770907919,-0.1524643713004826,-0.0260596888205881,-0.0276597140284855,-0.0931447270142624,-0.1437067244867594,-0.0977185991261648,-0.1274622504830055,0.0031432964315106,0.0024263098865888,-0.1248032791817507,-0.2003896116847318,-0.1886945395729296,-0.2151733099763179,1.0642045463479908,1.0637874876466933,1.1024002781260298,1.262605261581726,0.8502992217424993,1.2633200496644952,-0.9757375123778044,-0.9752365572215276,-0.0964487757054844,-0.3195546038319901,-0.2825846679090151,-0.2837386825387688,-1.015963373517306,-1.0162304272806977,1.203124154245096,0.6697089397432864,-0.4533295316850304,1.0530069397933683,-1.1169181674273414,-1.116948469117354,-0.1931431102017976,-0.5749403879022188,-0.5322616882988147,-0.5631542696205468,-0.979073766855825,-0.9785560465643004,-0.098888736679456,-0.0874901561101501,-0.0846742330262522,-0.1405970785066562,1.5196996159005878,1.5213994830935649
219544003,47,0,0.8799149,0.8194644,0.8738698500000002,HIGH,HIGH,BOTH_HIGH,STRONG_CORROBORATION,0.060450500000000074,7,0,0.0125327904,0.0125327904,0.0,"218037375,218068886,218091586,218023874,218038632,199067571,218091559","Both XGBoost and GraphSAGE assign high fraud risk, providing strong corroborating model evidence.",-0.1672662434994974,0.8828309953207528,0.463609225588836,0.4032929588527574,-0.0637245732388369,0.4740336606814299,-0.0615837940730322,-0.1635809965677383,-0.1683417345746741,-0.0457819790172131,-0.1652158196608015,-0.9259032643248548,-0.4438431312712468,-0.0631999532943942,-0.0132816148700588,0.0252336302636468,-0.1652733068208342,-0.1729081406182527,-0.1627289486755023,-0.2432996524586214,-0.2434516511662217,-0.1397318317362699,-0.1489119992859081,-0.0801471007526758,-0.1556617172152045,-0.9808334087069116,-0.4583548605600842,-0.1397336315587045,-0.1489072983441166,-0.0801465669460477,-0.1556616872238039,-0.9807271081857276,-0.4582239725473608,-0.0246688306562535,-0.0312723904866303,-0.0230451563960962,-0.0262146551774309,0.0014278137097094,0.0014826437872997,-0.2272154464478222,-0.2393683687143703,-0.0752555315462277,-0.2349515175665409,0.0374680287743863,0.0434442213339417,-0.2272033238276858,-0.2432360925423977,-0.0978946778840727,-0.2358964234692872,0.0365766503766988,0.0423451348069101,-0.41385081690965,-0.4856205537202181,-0.2295560205295893,-0.4670323169950255,1.2408695659422158,1.2424573556677991,-0.0380428278430621,-0.1727324456497837,-0.1631259900993975,-0.1606078712665683,-0.1964346530529631,-0.1961888389129267,-0.0380378839657234,-0.1727213924052339,-0.1631146528780142,-0.1606009732428392,-0.1964085394766894,-0.1961326277610877,-0.0170316758803496,-0.0300262352777919,-0.0176401196299049,-0.0150709000018306,-0.1407632224600331,-0.140334623887323,-0.0918176532065505,-0.2640333196200848,-0.250573517311816,-0.2629630844594285,-0.1691189058033812,-0.1671653815026433,-0.0553473274555614,-0.262144027485225,-0.2551681497514608,-0.2586810426496887,-0.1871909645279049,-0.1852736257916989,2.0818338396127976,0.1099604043552314,-0.6942351992761703,0.8343605774768563,0.0253079828897598,0.0252169034660526,-0.1706114198297599,-0.1969776943634927,-0.1086667903036517,-0.1910095650001196,0.1858306927193599,0.345599408810176,1.5066486908631245,1.5260614461480853,-0.0494591063515649,1.5252479837278554,-1.2725388240289894,-1.2697875652081134,-0.1502119919556224,0.401945721790579,0.5807749757393904,-0.0247362186877823,-0.4175189543988331,-0.2202794629942447,-0.0362376652899277,1.3011283510936915,1.1426020240718404,0.8713075885993503,1.150243262971238,0.7965917534939211,-0.1164246038907396,0.556378732855903,0.682955893742597,0.0653561355864904,-0.731003086671287,-1.3264542933393089,-0.0955592697148178,-0.1437067244867594,-0.0965786918566941,-0.1277164310584627,0.3227757177460688,0.3219711829682946,-0.030513229922119,-0.1834736659080533,-0.1887158089232799,-0.1762701380097859,-0.047722125340837,-0.0481706839301534,1.4070962501405215,1.088893830136166,-0.301754266335682,1.315715363062668,0.1831327449045568,0.1827480852580912,-0.024602186764553,-0.4134881807365164,-0.4246718150208637,-0.3532995393207028,0.1430014050880673,0.1425252107913369,1.7461309114715131,0.6697089397432864,-1.0598683976058427,1.3565629720972598,0.1855973669005454,0.1854920038455318,-0.0511156077019897,-0.5749403879022188,-0.5770993762832375,-0.5253096487218128,0.241128277049832,0.2414064458179459,-0.098888736679456,-0.106714613806669,-0.1311553038955873,-0.1836705632417872,-0.1206134067031157,-0.1197924596125166
71450526,42,1,0.8960569,0.6535568,0.8718068900000001,HIGH,HIGH,BOTH_HIGH,STRONG_CORROBORATION,0.2425001,2,1,0.5402831242,0.999719316,0.5,"70791195,71988771","Both XGBoost and GraphSAGE assign high fraud risk, providing strong corroborating model evidence.",-0.1721003773179865,0.1445175241921035,1.5735945770991024,-0.1219695997591005,-0.0438745479173489,-0.1130020092847624,-0.0615837940730322,-0.1627342884366395,-0.1685615806922853,-0.0497069643940398,-0.1650389504994071,-0.0287412858566647,-0.0353905526008135,-0.0429552992580282,-0.0132816148700588,-0.0554444806688523,-0.1703824436808467,-0.1721855103327426,-0.1752196880587848,0.8870578724766534,0.8845565252702963,-0.13973102414472,-0.1489117736076968,-0.0801472696533522,-0.1556612736890245,-0.010763009512837,-0.0121074517774784,-0.13973282384458,-0.148907072650874,-0.0801467358465918,-0.1556612436502067,-0.0106685610738475,-0.0120051821184178,-0.0246688306562535,-0.0312723904866303,-0.0230451563960962,-0.0262146551774309,0.0014278137097094,0.0014826437872997,-0.227196524273966,-0.2393505523383234,-0.0752555315462277,-0.2349329965172349,0.0374680287743863,0.0434442213339417,-0.2271836297253252,-0.2432168296810611,-0.0978946778840727,-0.2358768473412729,0.0365766503766988,0.0423451348069101,-0.413832593910374,-0.4881966453786586,-0.2325526205785921,-0.4673885267562507,0.0487668178548852,0.0529560645235839,-0.0391506675497999,-0.1728953022758481,-0.163125861054585,-0.1609326980244891,0.9234729775583688,0.9230107104495158,-0.0391459520010908,-0.1728842618312126,-0.1631145238319168,-0.160925812175826,0.9235162990740676,0.9231101257685776,-0.0170316758803496,-0.0300262352777919,-0.0176401196299049,-0.0150709000018306,-0.1407632224600331,-0.140334623887323,-0.0954026892728408,-0.2644082949936651,-0.2505567473923781,-0.2637361492412434,-1.4717644946197317,-1.470277463738429,-0.0590130547854711,-0.2624052301988505,-0.2551489818490621,-0.2592320459236382,-1.4999715377938674,-1.498585280585486,-0.2938495535773247,-0.7606430238839754,-0.692638371146311,-0.7197900190371936,-1.0849067857111534,-1.0848448955263614,-0.1704308444445662,-0.2025817596340466,-0.1168167152870516,-0.1927159849674575,-0.0146587756915064,-0.0188487129543817,1.1891877836869318,1.197740991982524,-0.0834587840195169,1.1985064186187897,-0.0887977253698474,-0.0904370818830761,-0.0971792070877132,-0.1638028212459664,-0.1345464749557279,-0.1285487031486386,-0.0031749902209437,-0.0040940903633603,1.023860363345962,0.7874346980684294,-0.3499327749819623,0.9391059237493712,-0.004357614038573,-0.0041943702405639,-0.1164246038907396,-0.1766172824237854,-0.1373232770907919,-0.1524643713004826,-0.0260596888205881,-0.0276597140284855,-0.0931447270142624,-0.1437067244867594,-0.0977185991261648,-0.1274622504830055,0.0031432964315106,0.0024263098865888,-0.1229501129117535,-0.1980371441984281,-0.1861302992710107,-0.2120870662318255,-1.159648797029665,-1.1601288555070002,1.1022504914914737,0.8228611602953536,-0.2965320269766255,1.0186327639403656,-0.9757375123778044,-0.9752365572215276,-0.0470851019778332,-0.3947321321608669,-0.3932170169847477,-0.3418579486698636,-1.015963373517306,-1.0162304272806977,1.7461309114715131,0.6697089397432864,-1.0598683976058427,1.3565629720972598,0.1855973669005454,0.1854920038455318,-0.2168143606184322,-0.4890065120418553,-0.4201674683377576,-0.4811575910066231,-0.979073766855825,-0.9785560465643004,-0.098888736679456,0.9314061018053554,2.3788225230485094,2.1422976124552893,-1.7609264293068194,-1.760984402318598
105594270,44,0,0.9178246,0.3877335,0.86481549,HIGH,HIGH,XGB_HIGH_GNN_LOW,STRONG_TRANSACTION_SIGNAL,0.5300910999999999,11,0,0.11707250436074998,0.4312394639999999,0.0,"105594275,105594278,105594290,105594285,105594291,105594286,105594277,105594287,105594282,105594283","XGBoost identifies strong transaction-level fraud risk, while GraphSAGE provides weaker graph-based evidence.",-0.1729558364978034,0.5194181474267637,1.5735945770991024,0.6284054839721253,-0.0438745479173489,0.7256203763812265,-0.0615837940730322,-0.1636433141685772,-0.1694550269149266,-0.0496938624510831,-0.1659453551181531,0.5730503546517375,0.2987979208568131,-0.0429552992580282,-0.0132816148700588,-0.0573962760558553,-0.1711231279292666,-0.1728772412841022,-0.1762324606271034,0.8870578724766534,0.8845565252702963,-0.1397318581805163,-0.1489123050187308,-0.080147269089547,-0.155661979825086,0.6399335992939541,0.3530040644991983,-0.1397336580069647,-0.1489076040973024,-0.0801467352827871,-0.155661949861761,0.6400200976813828,0.3530829191416257,-0.0246688306562535,-0.0312723904866303,-0.0230451563960962,-0.0262146551774309,0.0014278137097094,0.0014826437872997,-0.2272154464478222,-0.2393683687143703,-0.0752555315462277,-0.2349515175665409,0.0374680287743863,0.0434442213339417,-0.2272033238276858,-0.2432360925423977,-0.0978946778840727,-0.2358964234692872,0.0365766503766988,0.0423451348069101,-0.4140278991625012,-0.4883590800097393,-0.2325526205785921,-0.4675759301860626,0.0487668178548852,0.0529560645235839,-0.0391511385287133,-0.1728944860171695,-0.163124918104964,-0.1609319533631146,0.9234729775583688,0.9230107104495158,-0.0391464230770742,-0.1728834455083791,-0.1631135808729063,-0.1609250674865402,0.9235162990740676,0.9231101257685776,-0.0170316758803496,-0.0300262352777919,-0.0176401196299049,-0.0150709000018306,-0.1407632224600331,-0.140334623887323,-0.0954026892728408,-0.2632426106801439,-0.2493576981525672,-0.262560103881674,1.1335266830129689,1.1359467007331423,-0.0590130547854711,-0.2611272026357547,-0.2538359805347524,-0.2579305381903437,1.1255896087380572,1.1280380290020882,0.9287222288157642,0.6556754376912489,0.4775406728944886,0.9436174496122288,1.135522751490673,1.135278702458467,-0.1710826000299157,-0.203015831676847,-0.116711622468827,-0.1933077538289054,-0.1320847735604355,0.0739198998584134,1.3183564518307558,1.329088714594339,-0.0834587840195169,1.3294969858062409,-0.0887977253698474,-0.0904370818830761,-0.136169129251162,0.0752817124401669,0.1795168049009943,-0.1185461075703489,0.4028768090045008,-0.56401092472426,1.023860363345962,1.3011283510936915,0.3735464849050339,1.0377216839675834,0.2692921461786573,0.2693261625584651,-0.1164246038907396,0.6174617341292103,0.7159598733482759,0.0235521999213137,0.4177148955924846,0.2841222379404174,-0.0931447270142624,-0.1437067244867594,-0.0977185991261648,-0.1274622504830055,0.0031432964315106,0.0024263098865888,-0.1248104852500675,-0.2003908576278156,-0.1886944784660742,-0.2151762292859208,1.0642045463479908,1.0637874876466933,1.2232780922129902,1.827305698088377,2.046192034966445,1.6365633979600924,-0.9757375123778044,-0.9752365572215276,-0.1584131277500237,-0.4516008094813421,-0.4205634332365547,-0.4305470545620957,-1.015963373517306,-1.0162304272806977,-0.968902874660573,0.1469972041653072,1.3662870660774065,-0.4647732217260898,-1.1169181674273414,-1.116948469117354,-0.1221293589518936,-0.0102320608198305,0.1328306834701242,0.0360522279427416,-0.979073766855825,-0.9785560465643004,-0.098888736679456,-0.0874901561101501,-0.0846742330262522,-0.1405970785066562,1.5196996159005878,1.5213994830935649
70788587,42,0,0.8708687,0.74286884,0.8580687140000001,HIGH,HIGH,BOTH_HIGH,STRONG_CORROBORATION,0.12799986000000008,1,0,0.7289187670000001,0.7289187670000001,0.0,72015079,"Both XGBoost and GraphSAGE assign high fraud risk, providing strong corroborating model evidence.",-0.1728673934301303,-0.0231035618738045,1.018601901343969,-0.1219695997591005,-0.0438745479173489,-0.1130020092847624,-0.0615837940730322,-0.1635232380956241,-0.1693394732502585,-0.0497069643940398,-0.1658270197118018,-0.0287412858566647,-0.0353905526008135,-0.0429552992580282,-0.0132816148700588,-0.0570496123795058,-0.171056854620614,-0.1728294093214344,-0.1761277534535637,0.8870578724766534,0.8845565252702963,-0.1397314143723557,-0.1489120226084841,-0.0801472696533522,-0.1556616043456879,-0.010763009512837,-0.0121074517774784,-0.1397332141314437,-0.1489073216682459,-0.0801467358465918,-0.1556615743422204,-0.0106685610738475,-0.0120051821184178,-0.0246688306562535,-0.0312723904866303,-0.0230451563960962,-0.0262146551774309,0.0014278137097094,0.0014826437872997,-0.2272059853608941,-0.2393594605263469,-0.0752555315462277,-0.2349422570418879,0.0374680287743863,0.0434442213339417,-0.2271934767765055,-0.2432264611117294,-0.0978946778840727,-0.23588663540528,0.0365766503766988,0.0423451348069101,-0.413817974329034,-0.4881844863287833,-0.2325526205785921,-0.4673744986660908,0.0487668178548852,0.0529560645235839,-0.0391510969399089,-0.1728954696342547,-0.1631259719979235,-0.1609329278389031,0.9234729775583688,0.9230107104495158,-0.0391463814796982,-0.1728844292027729,-0.1631146347763601,-0.1609260419988538,0.9235162990740676,0.9231101257685776,-0.0170316758803496,-0.0300262352777919,-0.0176401196299049,-0.0150709000018306,-0.1407632224600331,-0.140334623887323,-0.0954026892728408,-0.2644245982707773,-0.250573517311816,-0.2637525974280905,-0.1691189058033812,-0.1671653815026433,-0.0590130547854711,-0.2624238875355379,-0.2551681497514608,-0.259251046036533,-0.1871909645279049,-0.1852736257916989,-0.2938275745034326,-0.7616372408064168,-0.6938504829312718,-0.7206695610064214,-1.0849067857111534,-1.0848448955263614,0.277294541974555,0.1489110162435513,-0.1168167152870516,0.2453941773773785,-0.0146587756915064,-0.0188487129543817,1.1887714205116602,1.1973176048280598,-0.0834587840195169,1.1980841827215822,-0.0887977253698474,-0.0904370818830761,0.3337938597470944,0.1638099798386824,-0.1345464749557279,0.2831476797325074,-0.0031749902209437,-0.0040940903633603,1.5539093776639068,1.3011283510936915,-0.3499327749819623,1.4814926049495385,-0.004357614038573,-0.0041943702405639,-0.1164246038907396,-0.1766172824237854,-0.1373232770907919,-0.1524643713004826,-0.0260596888205881,-0.0276597140284855,-0.0231229886981561,-0.1025493754794195,-0.0977185991261648,-0.0684923569769184,0.0031432964315106,0.0024263098865888,-0.1246678522234466,-0.2003641029219964,-0.1886930304153306,-0.2151160402973146,-1.159648797029665,-1.1601288555070002,1.1022504914914737,0.8215441668803001,-0.2999677107654785,1.0179001672765209,-0.9757375123778044,-0.9752365572215276,-0.1042756560567449,-0.4124308481920501,-0.3931845288284883,-0.3762414448411791,-1.015963373517306,-1.0162304272806977,1.203124154245096,0.6697089397432864,-0.4533295316850304,1.0530069397933683,-1.1169181674273414,-1.116948469117354,-0.2168143606184322,-0.6056310578523486,-0.5621534802884299,-0.6009988905192808,-0.979073766855825,-0.9785560465643004,0.0182794000374458,-0.0874901561101501,-0.1311553038955873,-0.0975235937715251,-0.1206134067031157,-0.1197924596125166
105596779,44,0,0.9231098,0.23233145,0.854031965,HIGH,HIGH,XGB_HIGH_GNN_LOW,STRONG_TRANSACTION_SIGNAL,0.69077835,3,0,0.5019441322375,0.645637319,0.0,"105596633,105429245,261453642","XGBoost identifies strong transaction-level fraud risk, while GraphSAGE provides weaker graph-based evidence.",-0.1728608081990988,-0.1138512923589889,1.018601901343969,-0.1219695997591005,-0.0438745479173489,-0.1130020092847624,-0.0615837940730322,-0.1635187629279224,-0.1693350608018707,-0.0497069643940398,-0.1658225495382669,-0.0287412858566647,-0.0353905526008135,-0.0429552992580282,-0.0132816148700588,-0.0567370236756674,-0.1710723159089492,-0.1728727297572789,-0.1761199572413046,-1.373657177393896,-1.37145982760274,-0.1397318053276519,-0.148912272073585,-0.0801472696533522,-0.1556619356189293,-0.010763009512837,-0.0121074517774784,-0.1397336051460784,-0.1489075711499624,-0.0801467358465918,-0.1556619056508782,-0.0106685610738475,-0.0120051821184178,-0.0246688306562535,-0.0312723904866303,-0.0230451563960962,-0.0262146551774309,0.0014278137097094,0.0014826437872997,-0.2272154464478222,-0.2393683687143703,-0.0752555315462277,-0.2349515175665409,0.0374680287743863,0.0434442213339417,-0.2272033238276858,-0.2432360925423977,-0.0978946778840727,-0.2358964234692872,0.0365766503766988,0.0423451348069101,-0.4140254968838773,-0.4883570820437973,-0.2325526205785921,-0.467573625100825,0.0487668178548852,0.0529560645235839,-0.039151059439036,-0.1728954734710498,-0.1631259819579238,-0.1609329261640216,-1.316342283664295,-1.3153883882753692,-0.0391463439710962,-0.1728844330398695,-0.1631146447364595,-0.1609260403239095,-1.3163333780274464,-1.315375381290753,-0.0170316758803496,-0.0300262352777919,-0.0176401196299049,-0.0150709000018306,-0.1407632224600331,-0.140334623887323,-0.0954026892728408,-0.2644245982707773,-0.250573517311816,-0.2637525974280905,-0.1691189058033812,-0.1671653815026433,-0.0590130547854711,-0.2624238875355379,-0.2551681497514608,-0.259251046036533,-0.1871909645279049,-0.1852736257916989,-0.2938901056113185,-0.7618980661896427,-0.6941381573094362,-0.7209226588904124,-1.0849067857111534,-1.0848448955263614,-0.1709417276520642,-0.2029828352982813,-0.1168167152870516,-0.1932158965913356,-0.0146587756915064,-0.0188487129543817,1.3183244238941965,1.329056146351688,-0.0834587840195169,1.3294645061218404,-0.0887977253698474,-0.0904370818830761,-0.1361446778875294,-0.1934232036240673,-0.1345464749557279,-0.1657713154649069,-0.0031749902209437,-0.0040940903633603,1.023860363345962,0.7874346980684294,-0.3499327749819623,0.9391059237493712,-0.004357614038573,-0.0041943702405639,-0.1164246038907396,-0.1766172824237854,-0.1373232770907919,-0.1524643713004826,-0.0260596888205881,-0.0276597140284855,-0.0931447270142624,-0.1437067244867594,-0.0977185991261648,-0.1274622504830055,0.0031432964315106,0.0024263098865888,-0.1247805175307122,-0.200388038346858,-0.1886977317057072,-0.2151668037524284,-1.159648797029665,-1.1601288555070002,1.2229485616169662,0.9270880191626896,-0.3014794116325738,1.135643103089641,-0.9757375123778044,-0.9752365572215276,-0.1429091292078265,-0.4494041955182395,-0.4237531439035072,-0.4237508913993266,1.3019661836934409,1.3012808488633716,1.203124154245096,0.1469972041653072,-1.0598683976058427,0.7494509074894767,0.1855973669005454,0.1854920038455318,-0.2168143606184322,-0.6179073258324005,-0.5770993762832375,-0.6136137641521922,0.241128277049832,0.2414064458179459,-0.098888736679456,-0.0874901561101501,-0.0846742330262522,-0.1405970785066562,1.5196996159005878,1.5213994830935649
72297803,42,1,0.8462974,0.92021126,0.853688786,HIGH,HIGH,BOTH_HIGH,STRONG_CORROBORATION,0.07391386,1,1,0.98162325,0.98162325,1.0,40441445,"Both XGBoost and GraphSAGE assign high fraud risk, providing strong corroborating model evidence.",-0.1725800512433235,0.0661687220263906,1.5735945770991024,-0.1219695997591005,-0.0438745479173489,-0.1130020092847624,-0.0615837940730322,-0.1632270189598581,-0.1690474056149949,-0.0497069643940398,-0.1655311311486204,-0.0287412858566647,-0.0353905526008135,-0.0429552992580282,-0.0132816148700588,-0.0565057303739892,-0.17080011946836,-0.1725787998309242,-0.175787570904373,0.8870578724766534,0.8845565252702963,-0.1397316815271639,-0.1489121930775936,-0.0801472696533522,-0.1556618307174499,-0.010763009512837,-0.0121074517774784,-0.1397334813268001,-0.1489074921487094,-0.0801467358465918,-0.1556618007381837,-0.0106685610738475,-0.0120051821184178,-0.0246688306562535,-0.0312723904866303,-0.0230451563960962,-0.0262146551774309,0.0014278137097094,0.0014826437872997,-0.2272154464478222,-0.2393683687143703,-0.0752555315462277,-0.2349515175665409,0.0374680287743863,0.0434442213339417,-0.2272033238276858,-0.2432360925423977,-0.0978946778840727,-0.2358964234692872,0.0365766503766988,0.0423451348069101,-0.4139401473561949,-0.4882860971681169,-0.2325526205785921,-0.4674917287153142,0.0487668178548852,0.0529560645235839,-0.039150695143529,-0.1728954059241583,-0.1631259670991459,-0.160932805399101,0.9234729775583688,0.9230107104495158,-0.0391459796005071,-0.1728843654876691,-0.1631146298775336,-0.1609259195544624,0.9235162990740676,0.9231101257685776,-0.0170316758803496,-0.0300262352777919,-0.0176401196299049,-0.0150709000018306,-0.1407632224600331,-0.140334623887323,-0.0954026892728408,-0.2644082949936651,-0.2505567473923781,-0.2637361492412434,-1.4717644946197317,-1.470277463738429,-0.0590130547854711,-0.2624145588671942,-0.2551585658002615,-0.2592415459800856,-1.4999715377938674,-1.498585280585486,-0.2938054026306468,-0.7609388995945185,-0.6930157850974752,-0.7200394564580632,-1.0849067857111534,-1.0848448955263614,-0.1707074742704205,-0.2027989315620397,-0.1168167152870516,-0.1929866739692221,-0.0146587756915064,-0.0188487129543817,1.1891557557503725,1.1977084237398727,-0.0834587840195169,1.198473938934389,-0.0887977253698474,-0.0904370818830761,-0.0799787841977861,-0.1507275755834121,-0.1345464749557279,-0.1121176255877679,-0.0031749902209437,-0.0040940903633603,1.023860363345962,0.7874346980684294,-0.3499327749819623,0.9391059237493712,-0.004357614038573,-0.0041943702405639,-0.1164246038907396,-0.1766172824237854,-0.1373232770907919,-0.1524643713004826,-0.0260596888205881,-0.0276597140284855,-0.0931447270142624,-0.1437067244867594,-0.0977185991261648,-0.1274622504830055,0.0031432964315106,0.0024263098865888,-0.124220239575088,-0.2002644818075018,-0.1886686047482406,-0.2149091569779456,1.0642045463479908,1.0637874876466933,1.102340363472207,0.8232825981881707,-0.2956387491915237,1.0189111506726265,-0.9757375123778044,-0.9752365572215276,-0.0870891571064976,-0.3932858625768831,-0.3762879476086648,-0.3524885858230195,-1.015963373517306,-1.0162304272806977,1.203124154245096,0.6697089397432864,-0.4533295316850304,1.0530069397933683,-1.1169181674273414,-1.116948469117354,-0.2168143606184322,-0.5994929238623226,-0.554680532291026,-0.5946914537028252,-0.979073766855825,-0.9785560465643004,0.0182794000374458,-0.0874901561101501,-0.1311553038955873,-0.0975235937715251,-0.1206134067031157,-0.1197924596125166
106851997,44,0,0.8744116,0.6211477,0.8490852099999999,HIGH,HIGH,BOTH_HIGH,STRONG_CORROBORATION,0.2532639,2,0,0.76759148,0.76759148,0.0,"105979581,105856967","Both XGBoost and GraphSAGE assign high fraud risk, providing strong corroborating model evidence.",-0.1721748006721395,-0.0508471346771648,1.018601901343969,-0.0469320913859779,-0.0438745479173489,-0.0291397707181635,-0.0615837940730322,-0.1635755365198121,-0.1687107960745714,-0.0434934080289608,-0.1655346888701581,2.459222176419839,2.415324919421781,-0.0429552992580282,-0.0132816148700588,-0.0563910028201047,-0.1703916408981483,-0.1721187127111663,-0.1753077973845209,0.8870578724766534,0.8845565252702963,-0.1397318294193185,-0.1489121006377364,-0.0801470022704777,-0.155661831998118,2.679386335816796,2.6653770009181503,-0.1397336292414015,-0.1489073997026953,-0.0801464684639267,-0.1556618020189888,2.6794479166709353,2.6653075604552345,-0.0246688306562535,-0.0312723904866303,-0.0230451563960962,-0.0262146551774309,0.0014278137097094,0.0014826437872997,-0.2272154464478222,-0.2393683687143703,-0.0752555315462277,-0.2349515175665409,0.0374680287743863,0.0434442213339417,-0.2272033238276858,-0.2432360925423977,-0.0978946778840727,-0.2358964234692872,0.0365766503766988,0.0423451348069101,-0.4139906981620961,-0.4883258852327323,-0.2325474054263909,-0.4675389335680001,-2.8419287206867487,-2.8314312761792,-0.0391510179273499,-0.1728624562959257,-0.1630908310132725,-0.1609000050105535,0.9234729775583688,0.9230107104495158,-0.0391463024508545,-0.1728514132697205,-0.1630794934417928,-0.1608931179364998,0.9235162990740676,0.9231101257685776,-0.0170316758803496,-0.0300262352777919,-0.0176401196299049,-0.0150709000018306,-0.1407632224600331,-0.140334623887323,-0.0954026892728408,-0.2628676353065637,-0.2489719900054952,-0.2621817955841901,1.1335266830129689,1.1359467007331423,-0.0590130547854711,-0.2623679155254754,-0.2551106460442647,-0.2591940456978486,1.1255896087380572,1.1280380290020882,-0.2936203799589065,-0.7483334715827286,-0.6778535340322772,-0.708736177747545,1.135522751490673,1.135278702458467,-0.1706118635395682,-0.2026199538550287,-0.1165344958838445,-0.1928283539157306,-2.5661013853210193,-2.5699855653062897,1.318452535640434,1.3292189875649434,-0.083056420970192,1.3296106647016428,2.7816218908687684,2.7693358579867513,-0.1361413436106704,-0.1521765317937559,-0.0305717147238285,-0.1398532972510793,-3.0247776127566377,-3.030689307195735,0.4938113490280171,0.7874346980684294,0.9147196404131616,0.6679125831492876,-3.6757544092720513,-3.673857397724112,-0.1164246038907396,-0.0544512798771706,0.1458203351198493,-0.0556552571284946,-3.32752369622712,-3.330855200450645,-0.0931447270142624,-0.1437067244867594,-0.0977185991261648,-0.1274622504830055,0.0031432964315106,0.0024263098865888,-0.1230776118000576,-0.1796787830973284,-0.1627928898865861,-0.1910136152966751,1.0642045463479908,1.0637874876466933,1.223158262905345,0.9285893916558506,-0.2980437278437208,1.1365808268193622,1.342003002186918,1.3407327277377104,-0.1153425632834215,-0.0681879563760695,0.0319386527672735,-0.0454392204691455,1.3019661836934409,1.3012808488633716,1.203124154245096,1.1924206753212654,0.1532093342357819,1.3565629720972598,1.4881129012284324,1.487932476808418,-0.1931431102017976,-0.2496192864308429,-0.1361954444364128,-0.2288601183483964,1.4613303209554889,1.4613689382001922,-0.098888736679456,-0.0874901561101501,-0.0846742330262522,-0.1405970785066562,-1.7609264293068194,-1.760984402318598
155812224,45,0,0.8445594,0.83071685,0.843175145,HIGH,HIGH,BOTH_HIGH,STRONG_CORROBORATION,0.013842550000000009,1,0,0.0,0.0,0.0,156130251,"Both XGBoost and GraphSAGE assign high fraud risk, providing strong corroborating model evidence.",-0.1711610710195576,-0.1312382655368366,1.018601901343969,-0.1219695997591005,-0.0438745479173489,-0.1130020092847624,-0.0615837940730322,-0.1617801146490509,-0.1676207796159106,-0.0497069643940398,-0.1640858415440899,-0.0287412858566647,-0.0353905526008135,-0.0429552992580282,-0.0132816148700588,-0.0563755960926818,-0.1693505212430904,-0.1709234121013706,-0.1741076494311775,0.8870578724766534,0.8845565252702963,-0.1397308897602785,-0.1489116878581787,-0.0801472696533522,-0.1556611598193061,-0.010763009512837,-0.0121074517774784,-0.1397326894397419,-0.1489069868956446,-0.0801467358465918,-0.1556611297683144,-0.0106685610738475,-0.0120051821184178,-0.0246688306562535,-0.0312723904866303,-0.0230451563960962,-0.0262146551774309,0.0014278137097094,0.0014826437872997,-0.2272059853608941,-0.2393594605263469,-0.0752555315462277,-0.2349422570418879,0.0374680287743863,0.0434442213339417,-0.2271934767765055,-0.2432264611117294,-0.0978946778840727,-0.23588663540528,0.0365766503766988,0.0423451348069101,-0.4133203594712155,-0.4877706219550933,-0.2325526205785921,-0.4668970167240293,0.0487668178548852,0.0529560645235839,-0.0391481030912861,-0.1728425439337821,-0.1630700844796812,-0.1608797267452116,-1.316342283664295,-1.3153883882753692,-0.0391433870140355,-0.1728314993425406,-0.163058746701618,-0.1608728389110937,-1.3163333780274464,-1.315375381290753,-0.0170316758803496,-0.0300262352777919,-0.0176401196299049,-0.0150709000018306,-0.1407632224600331,-0.140334623887323,-0.0954026892728408,-0.2619138935955009,-0.2479909497183771,-0.2612195766536334,-1.4717644946197317,-1.470277463738429,-0.0590130547854711,-0.2596159583640647,-0.2522833804404592,-0.256391529045864,-1.4999715377938674,-1.498585280585486,-0.2937773825247494,-0.5273592491000865,-0.4105486697402627,-0.5117018627764442,-1.0849067857111534,-1.0848448955263614,-0.16991070809785,-0.2021734196696674,-0.1168167152870516,-0.1922070189221684,-0.0146587756915064,-0.0188487129543817,1.381963933837608,1.3937692444993888,-0.0834587840195169,1.3940016390257497,-0.0887977253698474,-0.0904370818830761,-0.1065207394209929,-0.1709039739852897,-0.1345464749557279,-0.1374724048092175,-0.0031749902209437,-0.0040940903633603,1.023860363345962,0.7874346980684294,-0.3499327749819623,0.9391059237493712,-0.004357614038573,-0.0041943702405639,-0.0119253896692196,-0.115534281150478,-0.1373232770907919,-0.0556552571284946,-0.0260596888205881,-0.0276597140284855,-0.0955592697148178,-0.145125943418047,-0.0977185991261648,-0.1294956950866637,0.0031432964315106,0.0024263098865888,-0.1223644652649723,-0.1995962432765028,-0.1882433079249583,-0.2137581053290852,1.0642045463479908,1.0637874876466933,1.2834324046508134,0.9803472328674544,-0.3012732706052426,1.1948515654615697,-0.9757375123778044,-0.9752365572215276,-0.1441712627244852,-0.4322832830725125,-0.4023399261165017,-0.4075125574162134,-1.015963373517306,-1.0162304272806977,1.203124154245096,0.1469972041653072,-1.0598683976058427,0.7494509074894767,0.1855973669005454,0.1854920038455318,-0.2168143606184322,-0.5994929238623226,-0.554680532291026,-0.5946914537028252,-0.979073766855825,-0.9785560465643004,0.0182794000374458,-0.0874901561101501,-0.1311553038955873,-0.0975235937715251,-0.1206134067031157,-0.1197924596125166
39146480,42,1,0.8384694,0.874591,0.84208156,HIGH,HIGH,BOTH_HIGH,STRONG_CORROBORATION,0.036121599999999976,1,0,0.0,0.0,0.0,70781568,"Both XGBoost and GraphSAGE assign high fraud risk, providing strong corroborating model evidence.",-0.1729774238466511,0.1569009214948909,1.5735945770991024,-0.1219695997591005,-0.0637245732388369,-0.1130020092847624,-0.0615837940730322,-0.1636313276193002,-0.1694460479031593,-0.0497069643940398,-0.165934988610478,-0.0287412858566647,-0.0353905526008135,-0.0631999532943942,-0.0132816148700588,-0.0573253788497969,-0.1711449709880113,-0.1729081406182527,-0.1762518073338318,-0.2432996524586214,-0.2434516511662217,-0.1397318127840701,-0.1489122768314592,-0.0801472696533522,-0.1556619419370732,-0.010763009512837,-0.0121074517774784,-0.1397336126036283,-0.1489075759081535,-0.0801467358465918,-0.1556619119696976,-0.0106685610738475,-0.0120051821184178,-0.0246688306562535,-0.0312723904866303,-0.0230451563960962,-0.0262146551774309,0.0014278137097094,0.0014826437872997,-0.2272059853608941,-0.2393594605263469,-0.0752555315462277,-0.2349422570418879,0.0374680287743863,0.0434442213339417,-0.2271934767765055,-0.2432264611117294,-0.0978946778840727,-0.23588663540528,0.0365766503766988,0.0423451348069101,-0.4070994187466306,-0.4825966893518156,-0.2325526205785921,-0.4609277679929001,0.0487668178548852,0.0529560645235839,-0.0391507610566801,-0.1728954372209213,-0.1631259900993975,-0.1609328462657796,-0.1964346530529631,-0.1961888389129267,-0.039146045527243,-0.172884396786892,-0.1631146528780142,-0.1609259604226728,-0.1964085394766894,-0.1961326277610877,-0.0170316758803496,-0.0300262352777919,-0.0176401196299049,-0.0150709000018306,-0.1407632224600331,-0.140334623887323,-0.0952533127700787,-0.2644082949936651,-0.250573517311816,-0.2637197010543963,-0.1691189058033812,-0.1671653815026433,-0.0588908638744741,-0.2624145588671942,-0.2551681497514608,-0.2592320459236382,-0.1871909645279049,-0.1852736257916989,-0.2718513925947958,-0.7538896560734218,-0.6942351992761703,-0.7065657755622445,0.0253079828897598,0.0252169034660526,-0.1489624953963164,-0.185727746371965,-0.1168167152870516,-0.1717086841261339,-0.0146587756915064,-0.0188487129543817,1.1891877836869318,1.197740991982524,-0.0834587840195169,1.1985064186187897,-0.0887977253698474,-0.0904370818830761,0.1376161236201212,0.0146815479507619,-0.1345464749557279,0.0957446362930333,-0.0031749902209437,-0.0040940903633603,1.5539093776639068,1.3011283510936915,-0.3499327749819623,1.4814926049495385,-0.004357614038573,-0.0041943702405639,-0.1164246038907396,-0.1766172824237854,-0.1373232770907919,-0.1524643713004826,-0.0260596888205881,-0.0276597140284855,-0.0520975011048208,-0.1195800026548705,-0.0977185991261648,-0.0928936922208165,0.0031432964315106,0.0024263098865888,-0.1244952086356041,-0.2003510404692582,-0.1887158089232799,-0.2150653940902948,-0.047722125340837,-0.0481706839301534,1.1215130526954178,0.8377958656220605,-0.301754266335682,1.0363616032054073,0.1831327449045568,0.1827480852580912,0.0327815088590518,-0.3957030342521071,-0.4246718150208637,-0.3187740486097546,0.1430014050880673,0.1425252107913369,1.7461309114715131,0.6697089397432864,-1.0598683976058427,1.3565629720972598,0.1855973669005454,0.1854920038455318,0.0672406443811835,-0.544249717952089,-0.5770993762832375,-0.4622352805572561,0.241128277049832,0.2414064458179459,-0.098888736679456,-0.106714613806669,-0.1311553038955873,-0.1836705632417872,-0.1206134067031157,-0.1197924596125166
87732051,46,0,0.8593919,0.67923516,0.8413762260000001,HIGH,HIGH,BOTH_HIGH,STRONG_CORROBORATION,0.18015674000000004,3,0,0.0,0.0,0.0,"194335364,194378056,194344339","Both XGBoost and GraphSAGE assign high fraud risk, providing strong corroborating model evidence.",-0.1723285568158214,0.2210026043557246,1.018601901343969,0.0281054169871445,-0.0438745479173489,0.0547224678484353,-0.0615837940730322,-0.1636156965420811,-0.1689203914453917,-0.0461367583024056,-0.1657230826976972,2.2678853316313075,2.415324919421781,-0.0429552992580282,-0.0132816148700588,-0.0564879265177035,-0.1705428242875599,-0.1722845454753117,-0.1754898282846566,0.8870578724766534,0.8845565252702963,-0.1397318464610773,-0.1489121581969075,-0.0801471160196018,-0.1556618998139866,2.472500384495658,2.6653770009181503,-0.1397336462857469,-0.1489074572657002,-0.0801465822129618,-0.1556618698421076,2.4725644930316046,2.6653075604552345,-0.0246688306562535,-0.0312723904866303,-0.0230451563960962,-0.0262146551774309,0.0014278137097094,0.0014826437872997,-0.2272154464478222,-0.2393683687143703,-0.0752555315462277,-0.2349515175665409,0.0374680287743863,0.0434442213339417,-0.2272033238276858,-0.2432360925423977,-0.0978946778840727,-0.2358964234692872,0.0365766503766988,0.0423451348069101,-0.4139360291642682,-0.488280245982144,-0.232548039020554,-0.4674859111192385,0.0487668178548852,0.0529560645235839,-0.0391510295551638,-0.172895342075088,-0.1631258467257752,-0.1609327907917029,0.9234729775583688,0.9230107104495158,-0.0391463140810649,-0.1728843016335805,-0.1631145095029643,-0.1609259049465168,0.9235162990740676,0.9231101257685776,-0.0170316758803496,-0.0300262352777919,-0.0176401196299049,-0.0150709000018306,-0.1407632224600331,-0.140334623887323,-0.0954026892728408,-0.2644245982707773,-0.250573517311816,-0.2637525974280905,-0.1691189058033812,-0.1671653815026433,-0.0590130547854711,-0.2624238875355379,-0.2551681497514608,-0.259251046036533,-0.1871909645279049,-0.1852736257916989,-0.2930908899302616,-0.7597221862134075,-0.6918614934379024,-0.7187203854313818,1.135522751490673,1.135278702458467,-0.1710758943693773,-0.2028323560987998,-0.1162964579607812,-0.1931556621957565,2.394508721792283,2.5322881393975263,1.4474610641014614,1.4604038689635033,-0.0831302559654515,1.4604334201863556,-0.0887977253698474,-0.0904370818830761,-0.079521988268104,-0.12728152089347,-0.0884385990295288,-0.0929452038641827,-0.1748091221655535,-1.5173916987795475,1.023860363345962,1.3011283510936915,0.6826515982501467,1.3006970445494834,-0.004357614038573,-0.0041943702405639,-0.1164246038907396,-0.1766172824237854,-0.1373232770907919,-0.1524643713004826,-0.0260596888205881,-0.0276597140284855,-0.0955592697148178,-0.1437067244867594,-0.0958571383499699,-0.1281400653508915,-3.352997127371355,-3.3527948574713275,-0.1237152634944746,-0.2001205438913083,-0.1886009920571585,-0.2146394994883034,1.0642045463479908,1.0637874876466933,1.3442158209537731,1.0360823941925197,-0.2952951808126384,1.255583828894295,1.342003002186918,1.3407327277377104,0.0710927351548163,-0.3474540340205949,-0.3801935719840302,-0.2604170892120975,-1.015963373517306,-1.0162304272806977,1.203124154245096,0.6697089397432864,-0.4533295316850304,1.0530069397933683,1.4881129012284324,1.487932476808418,-0.1694718597851629,-0.5810785218922447,-0.5472075842936223,-0.5631542696205468,-0.979073766855825,-0.9785560465643004,-0.098888736679456,-0.0874901561101501,-0.0846742330262522,-0.1405970785066562,-1.7609264293068194,-1.760984402318598
106311172,44,0,0.8586462,0.63005817,0.835787397,HIGH,HIGH,BOTH_HIGH,STRONG_CORROBORATION,0.22858803000000005,5,0,0.00645917488,0.00645917488,0.0,"105799588,106010997,106722389,105985882,106311177","Both XGBoost and GraphSAGE assign high fraud risk, providing strong corroborating model evidence.",-0.1717592851587314,0.3097364796775377,-0.0913834501662971,0.1031429253602671,-0.0438745479173489,0.1385847064150342,-0.0615837940730322,-0.1634857472078291,-0.168953428430974,-0.0478348708931705,-0.1656336850609674,2.352641696270858,2.415324919421781,-0.0429552992580282,-0.0132816148700588,-0.056642750588036,-0.1699465449172151,-0.1715865857505108,-0.174815871266222,0.8870578724766534,0.8845565252702963,-0.1397317913175516,-0.1489121672695388,-0.0801471890930881,-0.1556618676336415,2.564144527307538,2.6653770009181503,-0.1397335911338516,-0.1489074663389357,-0.0801466552863908,-0.1556618376583221,2.5642075161578264,2.6653075604552345,-0.0246688306562535,-0.0312723904866303,-0.0230451563960962,-0.0262146551774309,0.0014278137097094,0.0014826437872997,-0.2272154464478222,-0.2393683687143703,-0.0752555315462277,-0.2349515175665409,0.0374680287743863,0.0434442213339417,-0.2272033238276858,-0.2432360925423977,-0.0978946778840727,-0.2358964234692872,0.0365766503766988,0.0423451348069101,-0.4139612530898197,-0.4882674875424861,-0.2324958297502437,-0.4674819897301856,-0.5346567041979466,0.9650794296012736,-0.0391510481292124,-0.1728948415510778,-0.1631253108466823,-0.1609322945396616,0.9234729775583688,0.9230107104495158,-0.0391463326589417,-0.1728838010702311,-0.1631139736185353,-0.1609254086758751,0.9235162990740676,0.9231101257685776,-0.0170316758803496,-0.0300262352777919,-0.0176401196299049,-0.0150709000018306,-0.1407632224600331,-0.140334623887323,-0.0954026892728408,-0.2644164466322212,-0.2505651323520971,-0.263744373334667,1.1335266830129689,1.1359467007331423,-0.0590130547854711,-0.2624145588671942,-0.2551585658002615,-0.2592415459800856,1.1255896087380572,1.1280380290020882,-0.2938916480024688,-0.7475775308423588,-0.676818933170005,-0.7081507560938419,1.135522751490673,1.135278702458467,-0.1709784517996158,-0.1995066072384832,-0.1103534262983887,-0.1920101839293706,-0.4425904057014512,1.0016060279863814,1.318452535640434,1.3292515558075946,-0.082994175189842,1.3296269045438431,-0.996504108126282,-0.9947766899735168,-0.1582375963552194,-0.1728581639062957,-0.0661839898951277,-0.1621222062909141,2.853029177310855,3.022501126469014,0.4938113490280171,0.7874346980684294,0.5443115237878762,0.8035092534493294,-0.9523081903891432,-0.9516972896830228,-0.1164246038907396,-0.1766172824237854,-0.1373232770907919,-0.1524643713004826,-0.0260596888205881,-0.0276597140284855,-0.0955592697148178,-0.1437067244867594,-0.0961065268058317,-0.12797061163392,-0.9974644541895784,-0.9979073714145452,-0.1221624369724731,-0.1998711540187519,-0.1886384058084288,-0.2140323696646217,1.0642045463479908,1.0637874876466933,1.223128305578434,0.9331725287402368,-0.2860188345827353,1.1391156112762648,1.342003002186918,1.3407327277377104,-0.1153456618108764,-0.3970202983818313,-0.3701457289578095,-0.3646137388090708,-1.015963373517306,-1.0162304272806977,0.1171106397922615,0.1469972041653072,0.1532093342357819,0.1423388428816934,1.4881129012284324,1.487932476808418,-0.2168143606184322,-0.5994929238623226,-0.554680532291026,-0.5946914537028252,-0.979073766855825,-0.9785560465643004,-0.098888736679456,-0.0874901561101501,-0.0846742330262522,-0.1405970785066562,-1.7609264293068194,-1.760984402318598
157579668,49,0,0.8971349,0.25643143,0.833064553,HIGH,HIGH,XGB_HIGH_GNN_LOW,STRONG_TRANSACTION_SIGNAL,0.6407034699999999,1,0,0.757743937,0.757743937,0.0,157579625,"XGBoost identifies strong transaction-level fraud risk, while GraphSAGE provides weaker graph-based evidence.",-0.1729020126006146,-0.0923227147320484,1.018601901343969,-0.0469320913859779,-0.0438745479173489,-0.0291397707181635,-0.0615837940730322,-0.1636166223720858,-0.1694049228711754,-0.0494637550068512,-0.1659068126703969,-2.516704748133169,-2.486106024623408,-0.0429552992580282,-0.0132816148700588,-0.0571301993110966,-0.1710867151792782,-0.1728571409798867,-0.1761687388647108,-1.373657177393896,-1.37145982760274,-0.1397318468539499,-0.1489122912591367,-0.0801472591875221,-0.1556619659510138,-2.7009123548424703,-2.689591904473107,-0.1397336466786791,-0.1489075903367919,-0.0801467253807699,-0.1556619359862054,-2.7007850388186303,-2.68931792469207,-0.0246688306562535,-0.0312723904866303,-0.0230451563960962,-0.0262146551774309,0.0014278137097094,0.0014826437872997,-0.2272154464478222,-0.2393683687143703,-0.0752555315462277,-0.2349515175665409,0.0374680287743863,0.0434442213339417,-0.2272033238276858,-0.2432360925423977,-0.0978946778840727,-0.2358964234692872,0.0365766503766988,0.0423451348069101,-0.4139682883343612,-0.4883095019120083,-0.2325526205785921,-0.4675187311423825,0.0487668178548852,0.0529560645235839,-0.0391510317556088,-0.1728953410276507,-0.1631258452657412,-0.1609327900702182,0.9234729775583688,0.9230107104495158,-0.0391463162819635,-0.1728843005860609,-0.1631145080429157,-0.1609259042250051,0.9235162990740676,0.9231101257685776,-0.0170316758803496,-0.0300262352777919,-0.0176401196299049,-0.0150709000018306,-0.1407632224600331,-0.140334623887323,-0.0954026892728408,-0.264400143355109,-0.2505483624326592,-0.2637279251478198,1.1335266830129689,1.1359467007331423,-0.0590130547854711,-0.2623959015305067,-0.2551393978978628,-0.2592225458671908,1.1255896087380572,1.1280380290020882,-0.2938736534390484,-0.4418495648350408,-0.3070948019577109,-0.4354677535057119,1.135522751490673,1.135278702458467,-0.1710629798126019,-0.2030169508373931,-0.116650846991842,-0.1932964819512416,2.536783833938006,2.5322881393975263,1.6411339964757992,1.6573114640319473,-0.0834587840195169,1.656827245195067,-0.0887977253698474,-0.0904370818830761,-0.1564359754257434,-0.1804417388007831,-0.0629353684043847,-0.1673065531331041,3.0184276323147503,3.022501126469014,-0.0362376652899277,0.7874346980684294,2.1793720558082854,0.3967192425492039,3.6670391811949057,3.665468657242984,-0.1164246038907396,-0.0544512798771706,0.1458203351198493,-0.0556552571284946,3.275404318585944,3.2755357723936744,-0.0955592697148178,-0.1437067244867594,-0.0954387845872234,-0.1284789727848346,3.8784804506730497,3.876701998216236,-0.1229623030832257,-0.198031637232579,-0.1861205280803784,-0.212083252944063,-1.159648797029665,-1.1601288555070002,1.525068203517089,1.1928046105838892,-0.3012732706052426,1.4312165530844232,1.342003002186918,1.3407327277377104,-0.1112896893723175,-0.3759328683586044,-0.3458978216812874,-0.3429255487534037,-1.015963373517306,-1.0162304272806977,1.203124154245096,0.6697089397432864,-0.4533295316850304,1.0530069397933683,-1.1169181674273414,-1.116948469117354,-0.1694718597851629,-0.538111583962063,-0.4948969483117956,-0.5190022119053571,-0.979073766855825,-0.9785560465643004,-0.098888736679456,-0.0874901561101501,-0.0846742330262522,-0.1405970785066562,-1.7609264293068194,-1.760984402318598
94596675,43,0,0.8511384,0.6229579,0.8283203499999999,HIGH,HIGH,BOTH_HIGH,STRONG_CORROBORATION,0.2281805,3,0,0.01750294865199995,0.0194816202,0.0,"59287789,94590978,94596676","Both XGBoost and GraphSAGE assign high fraud risk, providing strong corroborating model evidence.",-0.1729437792590739,0.0454218722392164,1.018601901343969,-0.0469320913859779,-0.0438745479173489,-0.0291397707181635,-0.0615837940730322,-0.1636237445384961,-0.1694366489884889,-0.0496894072150923,-0.1659264403641022,2.459222176419839,2.415324919421781,-0.0429552992580282,-0.0132816148700588,-0.0571265958674809,-0.1711299117581507,-0.1729070813973449,-0.1762181861404616,0.8870578724766534,0.8845565252702963,-0.1397318498762152,-0.1489122999717767,-0.0801472688978285,-0.1556619730163679,2.679386335816796,2.6653770009181503,-0.1397336497014032,-0.1489075990500122,-0.0801467350910687,-0.1556619430523149,2.6794479166709353,2.6653075604552345,-0.0246688306562535,-0.0312723904866303,-0.0230451563960962,-0.0262146551774309,0.0014278137097094,0.0014826437872997,-0.2272154464478222,-0.2393683687143703,-0.0752555315462277,-0.2349515175665409,0.0374680287743863,0.0434442213339417,-0.2272033238276858,-0.2432360925423977,-0.0978946778840727,-0.2358964234692872,0.0365766503766988,0.0423451348069101,-0.4140109116208033,-0.4883449515362926,-0.2325526205785921,-0.4675596299404542,0.0487668178548852,0.0529560645235839,-0.0391511061755209,-0.1728954877637443,-0.1631259898558671,-0.1609329472668033,0.9234729775583688,0.9230107104495158,-0.0391464236690936,-0.1728844475624104,-0.1631146477171313,-0.1609260664873374,-1.3163333780274464,-1.315375381290753,-0.0170316758803496,-0.0300205798201557,-0.0176341110726867,-0.0150649968232351,2.14689907836121,2.148395778478105,-0.0954026892728408,-0.2644245982707773,-0.250573517311816,-0.2637525974280905,-0.1691189058033812,-0.1671653815026433,-0.059135245696468,-0.2624238875355379,-0.2551585658002615,-0.2592605460929804,-1.4999715377938674,-1.498585280585486,-0.2938967893063032,-0.7619788989431528,-0.6942329458031038,-0.720996941047205,-1.0849067857111534,-1.0848448955263614,-0.1710656017155163,-0.2028675890562723,-0.1162396187296089,-0.1932046804545096,2.536783833938006,2.5322881393975263,1.2538842155368015,1.2635288421377102,-0.0834587840195169,1.264115381107917,-0.0887977253698474,-0.0904370818830761,-0.067756436658336,-0.1414365135162688,-0.1345464749557279,-0.1004419626298397,-0.0031749902209437,-0.0040940903633603,1.023860363345962,0.7874346980684294,-0.3499327749819623,0.9391059237493712,-0.004357614038573,-0.0041943702405639,-0.0119253896692196,-0.115534281150478,-0.1373232770907919,-0.0556552571284946,-0.0260596888205881,-0.0276597140284855,-0.0931447270142624,-0.1437067244867594,-0.0977185991261648,-0.1274622504830055,0.0031432964315106,0.0024263098865888,-0.1245956948969984,-0.200369085889189,-0.1887158089232799,-0.2151068742793346,-0.047722125340837,-0.0481706839301534,1.162674419871498,0.8739868446677315,-0.301754266335682,1.076625115850312,0.1831327449045568,0.1827480852580912,0.1251579078741458,-0.3670724664517673,-0.4246718150208637,-0.2631948379742772,0.1430014050880673,0.1425252107913369,1.7461309114715131,0.6697089397432864,-1.0598683976058427,1.3565629720972598,0.1855973669005454,0.1854920038455318,-0.0747868581186243,-0.5810785218922447,-0.5770993762832375,-0.5379245223547241,0.241128277049832,0.2414064458179459,0.0182794000374458,-0.0874901561101501,-0.1311553038955873,-0.0975235937715251,-0.1206134067031157,-0.1197924596125166
156049909,45,0,0.8779418,0.37458703,0.827606323,HIGH,HIGH,XGB_HIGH_GNN_LOW,STRONG_TRANSACTION_SIGNAL,0.5033547700000001,1,0,0.002474423653,0.002474423653,0.0,155583328,"XGBoost identifies strong transaction-level fraud risk, while GraphSAGE provides weaker graph-based evidence.",-0.1703513946552682,-0.0956230557774193,-0.0913834501662971,-0.1219695997591005,-0.0637245732388369,-0.1130020092847624,-0.0615837940730322,-0.160950808391874,-0.1668030960560131,-0.0497069643940398,-0.1632574607703805,-0.0287412858566647,-0.0353905526008135,-0.0631999532943942,-0.0132816148700588,-0.0193643349385154,-0.1684451505362393,-0.1729081406182527,-0.1700339295171356,-0.2432996524586214,-0.2434516511662217,-0.1397282167490436,-0.1489099822334588,-0.0801472696533522,-0.1556588948618937,-0.010763009512837,-0.0121074517774784,-0.1397300160228024,-0.1489052811573222,-0.0801467358465918,-0.1556588645687562,-0.0106685610738475,-0.0120051821184178,-0.0246688306562535,-0.0312723904866303,-0.0230451563960962,-0.0262146551774309,0.0014278137097094,0.0014826437872997,-0.2272059853608941,-0.2393594605263469,-0.0752555315462277,-0.2349422570418879,0.0374680287743863,0.0434442213339417,-0.2271934767765055,-0.2432264611117294,-0.0978946778840727,-0.23588663540528,0.0365766503766988,0.0423451348069101,-0.3966343723771107,-0.4738929503188922,-0.2325526205785921,-0.4508861251726118,0.0487668178548852,0.0529560645235839,-0.0361950914625667,-0.1724606192869639,-0.1631259900993975,-0.1600658998540195,-0.1964346530529631,-0.1961888389129267,-0.0361897667619798,-0.172449544677891,-0.1631146528780142,-0.1600589815162691,-0.1964085394766894,-0.1961326277610877,-0.0170316758803496,-0.0300262352777919,-0.0176401196299049,-0.0150709000018306,-0.1407632224600331,-0.140334623887323,-0.067095841999423,-0.2613351272580184,-0.250573517311816,-0.2575187346130303,-0.1691189058033812,-0.1671653815026433,-0.0246774087953176,-0.25980253173094,-0.2551681497514608,-0.2539120143130912,-0.1871909645279049,-0.1852736257916989,1.0508674615907088,-0.2684250975663529,-0.6942351992761703,0.1594006298795001,0.0253079828897598,0.0252169034660526,-0.1614000565662083,-0.1954920193691194,-0.1168167152870516,-0.1838791397415639,-0.0146587756915064,-0.0188487129543817,1.3829247719343882,1.394746291778921,-0.0834587840195169,1.3949760295577665,-0.0887977253698474,-0.0904370818830761,-0.0762755140330641,-0.1479124606604584,-0.1345464749557279,-0.1085799963274408,-0.0031749902209437,-0.0040940903633603,1.023860363345962,0.7874346980684294,-0.3499327749819623,0.9391059237493712,-0.004357614038573,-0.0041943702405639,0.0925738245523003,-0.0544512798771706,-0.1373232770907919,0.0411538570434934,-0.0260596888205881,-0.0276597140284855,-0.0810720135114855,-0.1366106298303215,-0.0977185991261648,-0.1172950274647146,0.0031432964315106,0.0024263098865888,-0.1179766755544758,-0.1991804359990629,-0.1887158089232799,-0.2123745786423396,-0.047722125340837,-0.0481706839301534,1.2904424191480497,0.9863263829717972,-0.301754266335682,1.2016061067022177,0.1831327449045568,0.1827480852580912,-0.1260603697501712,-0.4449335002969206,-0.4246718150208637,-0.4143428986957431,0.1430014050880673,0.1425252107913369,1.203124154245096,0.1469972041653072,-1.0598683976058427,0.7494509074894767,0.1855973669005454,0.1854920038455318,-0.2168143606184322,-0.6179073258324005,-0.5770993762832375,-0.6136137641521922,0.241128277049832,0.2414064458179459,0.0182794000374458,-0.0874901561101501,-0.1311553038955873,-0.0975235937715251,-0.1206134067031157,-0.1197924596125166
195426930,46,0,0.8453685,0.557644,0.81659605,HIGH,HIGH,BOTH_HIGH,STRONG_CORROBORATION,0.28772449999999994,4,1,0.437821896835,0.8043215454,0.5,"195426929,3635522,196091180,2256959","Both XGBoost and GraphSAGE assign high fraud risk, providing strong corroborating model evidence.",-0.1727312346546505,0.3427657751590527,1.018601901343969,0.0281054169871445,-0.0438745479173489,0.0547224678484353,-0.0615837940730322,-0.1635942274309928,-0.1693076576037156,-0.0489903773793955,-0.1658592515814294,-0.3141302676273187,-1.2607482886121106,-0.0429552992580282,-0.0132816148700588,-0.0564642433586763,-0.1709585017147585,-0.1727642198344997,-0.1759665559633791,0.8870578724766534,0.8845565252702963,-0.1397318373507384,-0.148912264548107,-0.0801472388170509,-0.1556619488305136,-0.3193443026529416,-1.3508496781252928,-0.1397336371740252,-0.1489075636239831,-0.0801467050103147,-0.1556619188638749,-0.3192460840434025,-1.3506615534052435,-0.0246688306562535,-0.0312723904866303,-0.0230451563960962,-0.0262146551774309,0.0014278137097094,0.0014826437872997,-0.2272154464478222,-0.2393683687143703,-0.0752555315462277,-0.2349515175665409,0.0374680287743863,0.0434442213339417,-0.2272033238276858,-0.2432360925423977,-0.0978946778840727,-0.2358964234692872,0.0365766503766988,0.0423451348069101,-0.4140001013669955,-0.4883359606895538,-0.2325526205785921,-0.4675492570568853,0.0487668178548852,0.0529560645235839,-0.039151026713925,-0.1728917372446584,-0.1631220086645047,-0.160929196692965,0.9234729775583688,0.9230107104495158,-0.0391463112392406,-0.1728806965198249,-0.1631106714034763,-0.1609223107130658,0.9235162990740676,0.9231101257685776,-0.0170316758803496,-0.0300262352777919,-0.0176401196299049,-0.0150709000018306,-0.1407632224600331,-0.140334623887323,-0.0954026892728408,-0.2639191966802995,-0.2500536498092407,-0.2632427036358297,1.1335266830129689,1.1359467007331423,-0.0590130547854711,-0.2618921534399434,-0.2546218645330984,-0.2587095428190309,1.1255896087380572,1.1280380290020882,-0.2938092586085226,0.0128587088436609,0.2427780705299459,-0.0298948349384769,1.135522751490673,1.135278702458467,-0.1702032547236993,-0.0761536837272509,0.126494689318227,-0.1176562325890752,-1.4721184150268425,-1.2944171391303356,1.44752511997458,1.4604364372061542,-0.0834587840195169,1.4604875529936925,-0.0887977253698474,-0.0904370818830761,-0.0570967535401342,-0.0424242241853007,0.0466681124638352,-0.0496428663515199,-2.5253513172592776,-1.5173916987795475,1.023860363345962,1.3011283510936915,0.6826515982501467,1.3006970445494834,-0.004357614038573,-0.0041943702405639,-0.1164246038907396,-0.1766172824237854,-0.1373232770907919,-0.1524643713004826,-0.0260596888205881,-0.0276597140284855,-0.0931447270142624,-0.1337721919677463,-0.0846883736928001,-0.1227175464078031,-3.352997127371355,-3.3527948574713275,-0.1247366454670753,-0.2003044568336261,-0.1886016169447973,-0.215061686157879,1.0642045463479908,1.0637874876466933,1.343886290357749,1.0334484073624124,-0.3014106979567967,1.2539574643005598,1.342003002186918,1.3407327277377104,-0.104374808935304,-0.371881520891827,-0.3435645457841584,-0.3369129965949096,1.3019661836934409,1.3012808488633716,0.6601173970186788,0.6697089397432864,0.1532093342357819,0.7494509074894767,1.4881129012284324,1.487932476808418,-0.2168143606184322,-0.6056310578523486,-0.5621534802884299,-0.6009988905192808,1.4613303209554889,1.4613689382001922,-0.098888736679456,-0.0874901561101501,-0.0846742330262522,-0.1405970785066562,-1.7609264293068194,-1.760984402318598
73224307,42,1,0.79890925,0.9107949,0.8100978150000001,HIGH,HIGH,BOTH_HIGH,STRONG_CORROBORATION,0.11188564999999995,1,0,0.0,0.0,0.0,73224309,"Both XGBoost and GraphSAGE assign high fraud risk, providing strong corroborating model evidence.",-0.1717047164634734,0.0656924375147449,1.018601901343969,-0.1219695997591005,-0.0438745479173489,-0.1130020092847624,-0.0615837940730322,-0.1623314342841433,-0.1681643725262045,-0.0497069643940398,-0.1646365459213048,-0.0287412858566647,-0.0353905526008135,-0.0429552992580282,-0.0132816148700588,-0.0498241243763075,-0.1703753891109737,-0.1726368061127438,-0.1747512677422314,0.8870578724766534,0.8845565252702963,-0.1397313014890754,-0.1489119505786659,-0.0801472696533522,-0.1556615086948283,-0.010763009512837,-0.0121074517774784,-0.1397331012310302,-0.1489072496336302,-0.0801467358465918,-0.1556614786811348,-0.0106685610738475,-0.0120051821184178,-0.0246688306562535,-0.0312723904866303,-0.0230451563960962,-0.0262146551774309,0.0014278137097094,0.0014826437872997,-0.2272154464478222,-0.2393683687143703,-0.0752555315462277,-0.2349515175665409,0.0374680287743863,0.0434442213339417,-0.2272033238276858,-0.2432360925423977,-0.0978946778840727,-0.2358964234692872,0.0365766503766988,0.0423451348069101,-0.4139720633436274,-0.4883126415727742,-0.2325526205785921,-0.4675223534191843,0.0487668178548852,0.0529560645235839,-0.0391498318693319,-0.1728568205336849,-0.1630850157194057,-0.1608942127324589,-1.316342283664295,-1.3153883882753692,-0.0391451161483869,-0.1728457774755459,-0.1630736785276492,-0.1608873258510285,-1.3163333780274464,-1.315375381290753,-0.0170316758803496,-0.0300257773203724,-0.0176396330798261,-0.0150704219849114,-2.4284255232812764,-2.429065026252751,-0.0954026892728408,-0.2616937993544864,-0.2477645558059653,-0.2609975261311972,-1.4717644946197317,-1.470277463738429,-0.0590130547854711,-0.2609966012789419,-0.2537018052179617,-0.25779753740008,-1.4999715377938674,-1.498585280585486,-0.293866712678872,0.6297726325410351,0.9888684305553552,0.5203085353642419,-1.0849067857111534,-1.0848448955263614,-0.1452322252300895,-0.1827992481110398,-0.1168167152870516,-0.1680585241895118,-0.0146587756915064,-0.0188487129543817,1.1895080630525252,1.1980666744090347,-0.0834587840195169,1.1988312154627951,-0.0887977253698474,-0.0904370818830761,0.0448343128905323,-0.0558484021597337,-0.1345464749557279,0.00711279636143,-0.0031749902209437,-0.0040940903633603,1.5539093776639068,1.3011283510936915,-0.3499327749819623,1.4814926049495385,-0.004357614038573,-0.0041943702405639,-0.1164246038907396,-0.1766172824237854,-0.1373232770907919,-0.1524643713004826,-0.0260596888205881,-0.0276597140284855,-0.0689993000087085,-0.1295145351738836,-0.0977185991261648,-0.1071278044464237,0.0031432964315106,0.0024263098865888,-0.1229291154157016,-0.1994281311659711,-0.1879011265338354,-0.2136814317588479,-1.159648797029665,-1.1601288555070002,1.1025201074336748,0.833449787352384,-0.269527552396241,1.024654708517169,-0.9757375123778044,-0.9752365572215276,-0.065329231632711,-0.3843649593527876,-0.3736262673368183,-0.3372836738066859,-1.015963373517306,-1.0162304272806977,1.7461309114715131,0.6697089397432864,-1.0598683976058427,1.3565629720972598,0.1855973669005454,0.1854920038455318,-0.2168143606184322,-0.5872166558822707,-0.5397346362962184,-0.5820765800699138,-0.979073766855825,-0.9785560465643004,0.0182794000374458,-0.0874901561101501,-0.1311553038955873,-0.0975235937715251,-0.1206134067031157,-0.1197924596125166
2256959,46,0,0.89156294,0.019148994,0.8043215454,HIGH,HIGH,XGB_HIGH_GNN_LOW,STRONG_TRANSACTION_SIGNAL,0.872413946,2,1,0.81659605,0.81659605,1.0,"195426930,112657309","XGBoost identifies strong transaction-level fraud risk, while GraphSAGE provides weaker graph-based evidence.",-0.1716081538479469,0.070248202408747,1.018601901343969,-0.1219695997591005,-0.0438745479173489,-0.1130020092847624,-0.0615837940730322,-0.1622325229071012,-0.1680668473885437,-0.0497069643940398,-0.1645377449266979,-0.0287412858566647,-0.0353905526008135,-0.0429552992580282,-0.0132816148700588,-0.0552128837369301,-0.1698928601242488,-0.1716417619777068,-0.1746369478887098,0.8870578724766534,0.8845565252702963,-0.1397312595163936,-0.1489119237962705,-0.0801472696533522,-0.1556614731295693,-0.010763009512837,-0.0121074517774784,-0.1397330592519778,-0.148907222849451,-0.0801467358465918,-0.1556614431120735,-0.0106685610738475,-0.0120051821184178,-0.0246688306562535,-0.0312723904866303,-0.0230451563960962,-0.0262146551774309,0.0014278137097094,0.0014826437872997,-0.2272154464478222,-0.2393683687143703,-0.0752555315462277,-0.2349515175665409,0.0374680287743863,0.0434442213339417,-0.2272033238276858,-0.2432360925423977,-0.0978946778840727,-0.2358964234692872,0.0365766503766988,0.0423451348069101,-0.4140112204851978,-0.488345208417628,-0.2325526205785921,-0.4675599263085562,0.0487668178548852,0.0529560645235839,-0.0391508765898879,-0.1728943931291784,-0.1631248602282784,-0.1609318223469124,0.9234729775583688,0.9230107104495158,-0.0391461610842625,-0.1728833526130874,-0.1631135229956444,-0.1609249364654273,0.9235162990740676,0.9231101257685776,-0.0170316758803496,-0.0300262352777919,-0.0176401196299049,-0.0150709000018306,-0.1407632224600331,-0.140334623887323,-0.0954026892728408,-0.2644082949936651,-0.2505567473923781,-0.2637361492412434,1.1335266830129689,1.1359467007331423,-0.0590130547854711,-0.2624052301988505,-0.2551489818490621,-0.2592320459236382,1.1255896087380572,1.1280380290020882,-0.2938380499099952,-0.7480168156983183,-0.6773739721437599,-0.7085250068922959,1.135522751490673,1.135278702458467,3.070155346614576,2.341483576656083,-0.1168167152870516,2.97827629137473,-0.0146587756915064,-0.0188487129543817,1.4474610641014614,1.460371300720852,-0.0834587840195169,1.4604225936248911,-0.0887977253698474,-0.0904370818830761,0.0702592853659764,-0.0365211005458417,-0.1345464749557279,0.0314005535520788,-0.0031749902209437,-0.0040940903633603,1.5539093776639068,1.3011283510936915,-0.3499327749819623,1.4814926049495385,-0.004357614038573,-0.0041943702405639,-0.1164246038907396,-0.1766172824237854,-0.1373232770907919,-0.1524643713004826,-0.0260596888205881,-0.0276597140284855,-0.0834865562120409,-0.1380298487616091,-0.0977185991261648,-0.1193284720683728,0.0031432964315106,0.0024263098865888,-0.1242333428761038,-0.1998478623798564,-0.1881366643468458,-0.2144330293647898,1.0642045463479908,1.0637874876466933,1.343766461050104,1.0379261849735943,-0.2894545183715883,1.2563896852245242,1.342003002186918,1.3407327277377104,-0.0670272246780359,-0.3929356591849223,-0.3834627416355688,-0.3461134349167106,-1.015963373517306,-1.0162304272806977,1.203124154245096,0.1469972041653072,-1.0598683976058427,0.7494509074894767,0.1855973669005454,0.1854920038455318,-0.2168143606184322,-0.6056310578523486,-0.5621534802884299,-0.6009988905192808,-0.979073766855825,-0.9785560465643004,-0.098888736679456,-0.0874901561101501,-0.0846742330262522,-0.1405970785066562,-1.7609264293068194,-1.760984402318598
193968898,49,0,0.7876448,0.85407555,0.794287875,HIGH,HIGH,BOTH_HIGH,STRONG_CORROBORATION,0.06643074999999998,2,0,0.0931480828,0.0931480828,0.0,"189153215,157976172","Both XGBoost and GraphSAGE assign high fraud risk, providing strong corroborating model evidence.",-0.1693766203764282,-0.1192923252039846,1.018601901343969,-0.1219695997591005,-0.0438745479173489,-0.1130020092847624,-0.0615837940730322,-0.1599540606864707,-0.1658203177337461,-0.0497069643940398,-0.1622618254085954,-0.0287412858566647,-0.0353905526008135,-0.0429552992580282,-0.0132816148700588,-0.0455477768728267,-0.1682860109932496,-0.1705850269448045,-0.1719950499015697,0.8870578724766534,0.8845565252702963,-0.1397302926592662,-0.1489113068533278,-0.0801472696533522,-0.155660653869931,-0.010763009512837,-0.0121074517774784,-0.1397320922481026,-0.148906605865417,-0.0801467358465918,-0.1556606237648485,-0.0106685610738475,-0.0120051821184178,-0.0246688306562535,-0.0312723904866303,-0.0230451563960962,-0.0262146551774309,0.0014278137097094,0.0014826437872997,-0.2272154464478222,-0.2393683687143703,-0.0752555315462277,-0.2349515175665409,0.0374680287743863,0.0434442213339417,-0.2272033238276858,-0.2432360925423977,-0.0978946778840727,-0.2358964234692872,0.0365766503766988,0.0423451348069101,-0.4139928258945916,-0.4883299097069868,-0.2325526205785921,-0.4675422759415945,0.0487668178548852,0.0529560645235839,-0.0391497170791954,-0.1728947820357194,-0.1631254559816671,-0.1609320399989517,0.9234729775583688,0.9230107104495158,-0.0391450013345919,-0.172883741550195,-0.1631141187549654,-0.1609251541256246,0.9235162990740676,0.9231101257685776,-0.0170316758803496,-0.0300262352777919,-0.0176401196299049,-0.0150709000018306,-0.1407632224600331,-0.140334623887323,-0.0954026892728408,-0.2644164466322212,-0.2505651323520971,-0.263744373334667,1.1335266830129689,1.1359467007331423,-0.0590130547854711,-0.2624145588671942,-0.2551585658002615,-0.2592415459800856,1.1255896087380572,1.1280380290020882,-0.2938567514026928,-0.3685505324523718,-0.2184581186114378,-0.3700872119101659,1.135522751490673,1.135278702458467,-0.1682136536147431,-0.2008411244521601,-0.1168167152870516,-0.1905464099023215,-0.0146587756915064,-0.0188487129543817,1.6409738567930026,1.6571486228186918,-0.0834587840195169,1.656664846773064,-0.0887977253698474,-0.0904370818830761,-0.1392333296845769,-0.1957711040955224,-0.1345464749557279,-0.1687218171799276,-0.0031749902209437,-0.0040940903633603,1.023860363345962,0.7874346980684294,-0.3499327749819623,0.9391059237493712,-0.004357614038573,-0.0041943702405639,-0.1164246038907396,-0.1766172824237854,-0.1373232770907919,-0.1524643713004826,-0.0260596888205881,-0.0276597140284855,-0.0931447270142624,-0.1437067244867594,-0.0977185991261648,-0.1274622504830055,0.0031432964315106,0.0024263098865888,-0.120324719844747,-0.1991067503728202,-0.1880868977349518,-0.212774519773803,1.0642045463479908,1.0637874876466933,1.5248585022287102,1.1925148720325771,-0.3015481253083508,1.4309528182854392,-0.9757375123778044,-0.9752365572215276,-0.1435897724054354,-0.4212528365641201,-0.3890726242320549,-0.3966311771700956,-1.015963373517306,-1.0162304272806977,0.6601173970186788,0.1469972041653072,-0.4533295316850304,0.445894875185585,1.4881129012284324,1.487932476808418,-0.2168143606184322,-0.5810785218922447,-0.5322616882988147,-0.5757691432534582,-0.979073766855825,-0.9785560465643004,0.0182794000374458,-0.0874901561101501,-0.1311553038955873,-0.0975235937715251,-0.1206134067031157,-0.1197924596125166
71769835,42,0,0.87266135,0.0868752,0.7940827349999999,HIGH,HIGH,XGB_HIGH_GNN_LOW,STRONG_TRANSACTION_SIGNAL,0.78578615,1,0,0.010426685924,0.010426685924,0.0,72341023,"XGBoost identifies strong transaction-level fraud risk, while GraphSAGE provides weaker graph-based evidence.",-0.1722809151589067,0.2224055728628548,1.5735945770991024,0.0281054169871445,-0.0438745479173489,0.0547224678484353,-0.0615837940730322,-0.163559142242702,-0.1689144674356367,-0.0462794186422679,-0.1657068410371039,2.1219578100915015,1.1899671834104837,-0.0429552992580282,-0.0132816148700588,-0.0563748958283354,-0.1705018827379445,-0.1722467303498244,-0.1754334256363821,0.8870578724766534,0.8845565252702963,-0.1397318224624668,-0.1489121565700534,-0.0801471221585872,-0.1556618939674983,2.3147139730438258,1.326634774570336,-0.1397336222834939,-0.1489074556387377,-0.0801465883519424,-0.1556618639949942,2.314780009375445,1.3266511891684083,-0.0246688306562535,-0.0312723904866303,-0.0230451563960962,-0.0262146551774309,0.0014278137097094,0.0014826437872997,-0.2272154464478222,-0.2393683687143703,-0.0752555315462277,-0.2349515175665409,0.0374680287743863,0.0434442213339417,-0.2272033238276858,-0.2432360925423977,-0.0978946778840727,-0.2358964234692872,0.0365766503766988,0.0423451348069101,-0.4139950909001513,-0.4881314546042098,-0.2322225101295046,-0.4674206772070162,-2.8203169052889954,-2.8314312761792,-0.0391510159950144,-0.1728884202352205,-0.163118478315679,-0.1609258883697715,0.9234729775583688,0.9230107104495158,-0.0391463005181208,-0.1728773792496826,-0.1631071410194971,-0.1609190022658707,0.9235162990740676,0.9231101257685776,-0.0170316758803496,-0.0300262352777919,-0.0176401196299049,-0.0150709000018306,-0.1407632224600331,-0.140334623887323,-0.0954026892728408,-0.264400143355109,-0.2505483624326592,-0.2637279251478198,1.1335266830129689,1.1359467007331423,-0.0590130547854711,-0.2623959015305067,-0.2551393978978628,-0.2592225458671908,1.1255896087380572,1.1280380290020882,-0.2937938989633173,-0.7252587278019673,-0.649871075017317,-0.688212739399792,1.135522751490673,1.135278702458467,-0.1707800536800483,-0.2021840986209417,-0.1154936272326491,-0.192694001994752,2.4732208554938935,2.5322881393975263,1.1887393925751009,1.1977084237398727,-0.0797274226033936,1.1982465811435852,2.7564790448819947,2.7693358579867513,-0.1699731394732564,-0.0436062007090739,0.1787496725590041,-0.084596596996324,1.636989157643826,1.509203518052827,-0.0362376652899277,1.3011283510936915,2.7478203447143645,0.9391059237493712,3.1751652780063937,3.1738270348887014,-0.1164246038907396,0.0066317213961366,0.1685067781004939,-0.0233855524044986,1.0545980767588887,1.6239380291825942,-0.0931447270142624,-0.1437067244867594,-0.0977185991261648,-0.1274622504830055,0.0031432964315106,0.0024263098865888,-0.1231029785022472,-0.1997973856417539,-0.1883303023173208,-0.2141417108981262,-1.159648797029665,-1.1601288555070002,1.102310406145296,0.85697128974524,-0.2076852441968874,1.037636321400497,1.342003002186918,1.3407327277377104,-0.1027449834939885,-0.4230009725088159,-0.4066894248195545,-0.3860406216265953,-1.015963373517306,-1.0162304272806977,1.203124154245096,0.6697089397432864,-0.4533295316850304,1.0530069397933683,-1.1169181674273414,-1.116948469117354,-0.1931431102017976,-0.6117691918423745,-0.5770993762832375,-0.6009988905192808,0.241128277049832,0.2414064458179459,0.0182794000374458,-0.0874901561101501,-0.1311553038955873,-0.0975235937715251,-0.1206134067031157,-0.1197924596125166
